2025-11-13 22:07:11,753 - INFO - Empty teacher folder: D:\project08\MCP_AI\data\schoolTeachers\1_北京大学\软件工程国家工程研究中心 for university 北京大学 college 软件工程国家工程研究中心 URL https://se.pku.edu.cn/
2025-11-13 22:16:48,009 - INFO - Empty teacher folder: D:\project08\MCP_AI\data\schoolTeachers\1_北京大学\信息科学技术学院 for university 北京大学 college 信息科学技术学院 URL https://eecs.pku.edu.cn/
2025-11-13 23:07:14,468 - INFO - Empty teacher folder: D:\project08\MCP_AI\data\schoolTeachers\1_北京大学\医学人文学院 for university 北京大学 college 医学人文学院 URL http://shh.bjmu.edu.cn/
2025-11-13 23:17:06,132 - INFO - Empty teacher folder: D:\project08\MCP_AI\data\schoolTeachers\1_北京大学\第六医院 for university 北京大学 college 第六医院 URL http://www.pkuh6.cn/
2025-11-13 23:17:41,610 - INFO - Empty teacher folder: D:\project08\MCP_AI\data\schoolTeachers\1_北京大学\深圳医院（共建） for university 北京大学 college 深圳医院（共建） URL https://www.pkuszh.com/
2025-11-13 23:17:50,919 - INFO - Empty teacher folder: D:\project08\MCP_AI\data\schoolTeachers\1_北京大学\人民医院 for university 北京大学 college 人民医院 URL https://www.pkuph.cn/
2025-11-13 23:17:58,671 - INFO - Empty teacher folder: D:\project08\MCP_AI\data\schoolTeachers\1_北京大学\医学继续教育学院 for university 北京大学 college 医学继续教育学院 URL http://scme.bjmu.edu.cn/
2025-11-13 23:38:12,481 - INFO - Empty teacher folder: D:\project08\MCP_AI\data\schoolTeachers\1_北京大学\国际医院（共建） for university 北京大学 college 国际医院（共建） URL https://www.pkuih.edu.cn/
2025-11-13 23:38:34,095 - INFO - Empty teacher folder: D:\project08\MCP_AI\data\schoolTeachers\1_北京大学\核科学与技术研究院 for university 北京大学 college 核科学与技术研究院 URL http://inst.pku.edu.cn/
2025-11-13 23:53:52,267 - INFO - Empty teacher folder: D:\project08\MCP_AI\data\schoolTeachers\1_北京大学\汇丰商学院 for university 北京大学 college 汇丰商学院 URL https://www.phbs.pku.edu.cn/
2025-11-14 00:18:09,120 - INFO - Empty teacher folder: D:\project08\MCP_AI\data\schoolTeachers\2_中国人民大学\中共党史党建学院 for university 中国人民大学 college 中共党史党建学院 URL http://dsdj.ruc.edu.cn/
2025-11-14 00:46:34,750 - INFO - Empty teacher folder: D:\project08\MCP_AI\data\schoolTeachers\2_中国人民大学\中共党史党建学院 for university 中国人民大学 college 中共党史党建学院 URL http://dsdj.ruc.edu.cn/
2025-11-14 00:57:21,203 - INFO - Empty teacher folder: D:\project08\MCP_AI\data\schoolTeachers\2_中国人民大学\人口与健康学院 for university 中国人民大学 college 人口与健康学院 URL http://sph.ruc.edu.cn/index.htm/
2025-11-14 01:05:04,413 - INFO - Empty teacher folder: D:\project08\MCP_AI\data\schoolTeachers\2_中国人民大学\心理学系 for university 中国人民大学 college 心理学系 URL http://psy.ruc.edu.cn/
2025-11-14 01:05:43,370 - INFO - Empty teacher folder: D:\project08\MCP_AI\data\schoolTeachers\2_中国人民大学\信息学院 for university 中国人民大学 college 信息学院 URL http://info.ruc.edu.cn/
2025-11-14 01:09:28,677 - INFO - Empty teacher folder: D:\project08\MCP_AI\data\schoolTeachers\2_中国人民大学\统计学院 for university 中国人民大学 college 统计学院 URL http://stat.ruc.edu.cn/
2025-11-14 01:11:17,416 - INFO - Empty teacher folder: D:\project08\MCP_AI\data\schoolTeachers\2_中国人民大学\国际学院（苏州研究院） for university 中国人民大学 college 国际学院（苏州研究院） URL http://su.ruc.edu.cn/department/ic/index.htm/
2025-11-14 01:11:57,776 - INFO - Empty teacher folder: D:\project08\MCP_AI\data\schoolTeachers\2_中国人民大学\中法学院（远见书院） for university 中国人民大学 college 中法学院（远见书院） URL http://su.ruc.edu.cn/department/ifc/index.htm/
2025-11-14 01:12:06,773 - INFO - Empty teacher folder: D:\project08\MCP_AI\data\schoolTeachers\2_中国人民大学\智慧治理学院 for university 中国人民大学 college 智慧治理学院 URL http://su.ruc.edu.cn/department/ssg/index.htm/
2025-11-14 01:12:22,381 - INFO - Empty teacher folder: D:\project08\MCP_AI\data\schoolTeachers\2_中国人民大学\深圳研究院 for university 中国人民大学 college 深圳研究院 URL http://sz.ruc.edu.cn/
2025-11-14 01:16:20,734 - INFO - Empty teacher folder: D:\project08\MCP_AI\data\schoolTeachers\2_中国人民大学\苏州人工智能学院（苏州人工智能实验室） for university 中国人民大学 college 苏州人工智能学院（苏州人工智能实验室） URL https://su.ruc.edu.cn/department/ssai/index.htm/
2025-11-14 01:18:43,653 - INFO - Empty teacher folder: D:\project08\MCP_AI\data\schoolTeachers\2_中国人民大学\明德书院 for university 中国人民大学 college 明德书院 URL http://mdc.ruc.edu.cn/
2025-11-14 01:46:29,806 - INFO - Empty teacher folder: D:\project08\MCP_AI\data\schoolTeachers\3_清华大学\电子工程系 for university 清华大学 college 电子工程系 URL http://www.ee.tsinghua.edu.cn/
2025-11-14 02:04:00,202 - INFO - Empty teacher folder: D:\project08\MCP_AI\data\schoolTeachers\3_清华大学\药学院 for university 清华大学 college 药学院 URL https://www.sps.tsinghua.edu.cn/
2025-11-14 02:14:09,553 - INFO - Empty teacher folder: D:\project08\MCP_AI\data\schoolTeachers\3_清华大学\碳中和研究院 for university 清华大学 college 碳中和研究院 URL https://www.icon.tsinghua.edu.cn/
2025-11-14 02:14:55,662 - INFO - Empty teacher folder: D:\project08\MCP_AI\data\schoolTeachers\3_清华大学\会计系 for university 清华大学 college 会计系 URL https://www.sem.tsinghua.edu.cn/ac/
2025-11-14 02:17:59,361 - INFO - Empty teacher folder: D:\project08\MCP_AI\data\schoolTeachers\3_清华大学\创新创业与战略系 for university 清华大学 college 创新创业与战略系 URL https://www.sem.tsinghua.edu.cn/ies/
2025-11-14 02:18:15,134 - INFO - Empty teacher folder: D:\project08\MCP_AI\data\schoolTeachers\3_清华大学\领导力与组织管理系 for university 清华大学 college 领导力与组织管理系 URL https://www.sem.tsinghua.edu.cn/lom/
2025-11-14 02:20:35,402 - INFO - Empty teacher folder: D:\project08\MCP_AI\data\schoolTeachers\3_清华大学\市场营销系 for university 清华大学 college 市场营销系 URL https://www.sem.tsinghua.edu.cn/mark/
2025-11-14 02:28:53,861 - INFO - Empty teacher folder: D:\project08\MCP_AI\data\schoolTeachers\3_清华大学\公共管理学院 for university 清华大学 college 公共管理学院 URL http://www.sppm.tsinghua.edu.cn/
2025-11-14 02:38:20,265 - INFO - Empty teacher folder: D:\project08\MCP_AI\data\schoolTeachers\3_清华大学\苏世民书院 for university 清华大学 college 苏世民书院 URL http://www.sc.tsinghua.edu.cn/
2025-11-14 02:44:45,130 - INFO - Empty teacher folder: D:\project08\MCP_AI\data\schoolTeachers\3_清华大学\致理书院 for university 清华大学 college 致理书院 URL http://www.zlc.tsinghua.edu.cn/
2025-11-14 03:18:21,035 - INFO - Empty teacher folder: D:\project08\MCP_AI\data\schoolTeachers\4_北京航空航天大学\飞行学院 for university 北京航空航天大学 college 飞行学院 URL https://aviation.buaa.edu.cn/
2025-11-14 03:23:56,056 - INFO - Empty teacher folder: D:\project08\MCP_AI\data\schoolTeachers\4_北京航空航天大学\外国语学院 for university 北京航空航天大学 college 外国语学院 URL http://fld.buaa.edu.cn/
2025-11-14 03:25:37,810 - INFO - Empty teacher folder: D:\project08\MCP_AI\data\schoolTeachers\4_北京航空航天大学\交通科学与工程学院 for university 北京航空航天大学 college 交通科学与工程学院 URL http://transportation.buaa.edu.cn/
2025-11-14 03:29:56,086 - INFO - Empty teacher folder: D:\project08\MCP_AI\data\schoolTeachers\4_北京航空航天大学\国际学院 for university 北京航空航天大学 college 国际学院 URL http://is.buaa.edu.cn/
2025-11-14 03:32:42,279 - INFO - Empty teacher folder: D:\project08\MCP_AI\data\schoolTeachers\4_北京航空航天大学\国际通用工程学院 for university 北京航空航天大学 college 国际通用工程学院 URL https://sge.buaa.edu.cn/
2025-11-14 03:50:09,927 - INFO - Empty teacher folder: D:\project08\MCP_AI\data\schoolTeachers\4_北京航空航天大学\北京航空航天大学青岛研究院 for university 北京航空航天大学 college 北京航空航天大学青岛研究院 URL https://qdyjy.buaa.edu.cn/
2025-11-14 04:20:17,170 - INFO - Empty teacher folder: D:\project08\MCP_AI\data\schoolTeachers\5_北京理工大学\医学技术学院 for university 北京理工大学 college 医学技术学院 URL http://smt.bit.edu.cn/
2025-11-14 04:20:17,568 - INFO - Empty teacher folder: D:\project08\MCP_AI\data\schoolTeachers\5_北京理工大学\机电学院 for university 北京理工大学 college 机电学院 URL http://smen.bit.edu.cn/
2025-11-14 04:20:20,618 - INFO - Empty teacher folder: D:\project08\MCP_AI\data\schoolTeachers\5_北京理工大学\机械与车辆学院 for university 北京理工大学 college 机械与车辆学院 URL http://me.bit.edu.cn/
2025-11-14 04:20:21,811 - INFO - Empty teacher folder: D:\project08\MCP_AI\data\schoolTeachers\5_北京理工大学\数学与统计学院 for university 北京理工大学 college 数学与统计学院 URL http://math.bit.edu.cn/
2025-11-14 04:22:07,035 - INFO - Empty teacher folder: D:\project08\MCP_AI\data\schoolTeachers\5_北京理工大学\信息与电子学院 for university 北京理工大学 college 信息与电子学院 URL http://sie.bit.edu.cn/
2025-11-14 04:26:01,634 - INFO - Empty teacher folder: D:\project08\MCP_AI\data\schoolTeachers\5_北京理工大学\管理学院 for university 北京理工大学 college 管理学院 URL http://sme.bit.edu.cn/
2025-11-14 05:10:45,801 - INFO - Empty teacher folder: D:\project08\MCP_AI\data\schoolTeachers\5_北京理工大学\未来精工技术学院 for university 北京理工大学 college 未来精工技术学院 URL http://xuteli.bit.edu.cn/
2025-11-14 05:16:07,565 - INFO - Empty teacher folder: D:\project08\MCP_AI\data\schoolTeachers\5_北京理工大学\徐特立学院_特立书院 for university 北京理工大学 college 徐特立学院/特立书院 URL http://xuteli.bit.edu.cn/
2025-11-14 05:23:00,173 - INFO - Empty teacher folder: D:\project08\MCP_AI\data\schoolTeachers\5_北京理工大学\继续教育学院 for university 北京理工大学 college 继续教育学院 URL http://sce.bit.edu.cn/
2025-11-14 05:27:11,460 - INFO - Empty teacher folder: D:\project08\MCP_AI\data\schoolTeachers\5_北京理工大学\秦皇岛分校 for university 北京理工大学 college 秦皇岛分校 URL https://www.bit.edu.cn/
2025-11-14 05:32:09,923 - INFO - Empty teacher folder: D:\project08\MCP_AI\data\schoolTeachers\5_北京理工大学\卓越工程师学院 for university 北京理工大学 college 卓越工程师学院 URL http://xuteli.bit.edu.cn/
2025-11-14 05:32:39,513 - INFO - Empty teacher folder: D:\project08\MCP_AI\data\schoolTeachers\5_北京理工大学\郑州研究院 for university 北京理工大学 college 郑州研究院 URL https://zhengzhou.bit.edu.cn/
2025-11-14 05:34:11,950 - INFO - Empty teacher folder: D:\project08\MCP_AI\data\schoolTeachers\5_北京理工大学\体育部 for university 北京理工大学 college 体育部 URL https://tyb.bit.edu.cn/index.htm/
2025-11-14 05:35:50,804 - INFO - Empty teacher folder: D:\project08\MCP_AI\data\schoolTeachers\5_北京理工大学\高能物质安全审评与认证中心 for university 北京理工大学 college 高能物质安全审评与认证中心 URL https://www.bit.edu.cn/
2025-11-14 05:36:52,013 - INFO - Empty teacher folder: D:\project08\MCP_AI\data\schoolTeachers\5_北京理工大学\唐山研究院 for university 北京理工大学 college 唐山研究院 URL https://www.bit.edu.cn/
2025-11-14 05:39:35,951 - INFO - Empty teacher folder: D:\project08\MCP_AI\data\schoolTeachers\5_北京理工大学\重庆创新中心 for university 北京理工大学 college 重庆创新中心 URL https://www.bit.edu.cn/
2025-11-14 05:42:04,384 - INFO - Empty teacher folder: D:\project08\MCP_AI\data\schoolTeachers\5_北京理工大学\前沿技术研究院（济南） for university 北京理工大学 college 前沿技术研究院（济南） URL https://www.bit.edu.cn/
2025-11-14 05:56:31,107 - INFO - Empty teacher folder: D:\project08\MCP_AI\data\schoolTeachers\6_中国农业大学\农学院 for university 中国农业大学 college 农学院 URL http://cab.cau.edu.cn/
2025-11-14 05:56:38,881 - INFO - Empty teacher folder: D:\project08\MCP_AI\data\schoolTeachers\6_中国农业大学\园艺学院 for university 中国农业大学 college 园艺学院 URL http://yyxy.cau.edu.cn/
2025-11-14 05:57:04,004 - INFO - Empty teacher folder: D:\project08\MCP_AI\data\schoolTeachers\6_中国农业大学\资源与环境学院 for university 中国农业大学 college 资源与环境学院 URL http://zihuan.cau.edu.cn/
2025-11-14 05:57:11,879 - INFO - Empty teacher folder: D:\project08\MCP_AI\data\schoolTeachers\6_中国农业大学\动物科学技术学院 for university 中国农业大学 college 动物科学技术学院 URL http://cast1.cau.edu.cn/
2025-11-14 05:57:26,627 - INFO - Empty teacher folder: D:\project08\MCP_AI\data\schoolTeachers\6_中国农业大学\信息与电气工程学院 for university 中国农业大学 college 信息与电气工程学院 URL http://ciee.cau.edu.cn/
2025-11-14 05:57:58,776 - INFO - Empty teacher folder: D:\project08\MCP_AI\data\schoolTeachers\6_中国农业大学\马克思主义学院 for university 中国农业大学 college 马克思主义学院 URL http://cm.cau.edu.cn/
2025-11-14 05:58:15,166 - INFO - Empty teacher folder: D:\project08\MCP_AI\data\schoolTeachers\6_中国农业大学\体育教学部 for university 中国农业大学 college 体育教学部 URL http://tyb1.cau.edu.cn/
2025-11-14 05:58:24,843 - INFO - Empty teacher folder: D:\project08\MCP_AI\data\schoolTeachers\6_中国农业大学\美育教学中心 for university 中国农业大学 college 美育教学中心 URL http://myjxzx.cau.edu.cn/
2025-11-14 06:00:56,221 - INFO - Empty teacher folder: D:\project08\MCP_AI\data\schoolTeachers\6_中国农业大学\土地科学与技术学院 for university 中国农业大学 college 土地科学与技术学院 URL http://clst.cau.edu.cn/
2025-11-14 06:02:49,020 - INFO - Empty teacher folder: D:\project08\MCP_AI\data\schoolTeachers\6_中国农业大学\国际发展与全球农业学院 for university 中国农业大学 college 国际发展与全球农业学院 URL http://cidga.cau.edu.cn/
2025-11-14 06:03:31,353 - INFO - Empty teacher folder: D:\project08\MCP_AI\data\schoolTeachers\6_中国农业大学\国家农业绿色发展研究院 for university 中国农业大学 college 国家农业绿色发展研究院 URL http://naagd.cau.edu.cn/
2025-11-14 06:06:40,990 - INFO - Empty teacher folder: D:\project08\MCP_AI\data\schoolTeachers\6_中国农业大学\国际学院 for university 中国农业大学 college 国际学院 URL http://icb.cau.edu.cn/
2025-11-14 06:08:01,552 - INFO - Empty teacher folder: D:\project08\MCP_AI\data\schoolTeachers\6_中国农业大学\未来技术学院 for university 中国农业大学 college 未来技术学院 URL https://cft.cau.edu.cn/
2025-11-14 06:08:03,994 - INFO - Empty teacher folder: D:\project08\MCP_AI\data\schoolTeachers\6_中国农业大学\营养与健康系 for university 中国农业大学 college 营养与健康系 URL http://dnh.cau.edu.cn/
2025-11-14 06:12:26,502 - INFO - Empty teacher folder: D:\project08\MCP_AI\data\schoolTeachers\6_中国农业大学\生物学院 for university 中国农业大学 college 生物学院 URL http://cbs.cau.edu.cn/
2025-11-14 06:34:13,722 - INFO - Empty teacher folder: D:\project08\MCP_AI\data\schoolTeachers\7_北京师范大学\生命科学学院 for university 北京师范大学 college 生命科学学院 URL http://cls.bnu.edu.cn/
2025-11-14 06:40:47,419 - INFO - Empty teacher folder: D:\project08\MCP_AI\data\schoolTeachers\7_北京师范大学\湾区国际商学院 for university 北京师范大学 college 湾区国际商学院 URL https://bibs.bnu.edu.cn/
2025-11-14 06:48:54,679 - INFO - Empty teacher folder: D:\project08\MCP_AI\data\schoolTeachers\7_北京师范大学\人文和社会科学高等研究院 for university 北京师范大学 college 人文和社会科学高等研究院 URL https://rsgyy.bnu.edu.cn/
2025-11-14 06:52:50,391 - INFO - Empty teacher folder: D:\project08\MCP_AI\data\schoolTeachers\7_北京师范大学\励耘学院 for university 北京师范大学 college 励耘学院 URL http://lyxy.bnu.edu.cn/
2025-11-14 07:18:09,048 - INFO - Empty teacher folder: D:\project08\MCP_AI\data\schoolTeachers\8_中央民族大学\继续教育学院（干部培训部） for university 中央民族大学 college 继续教育学院（干部培训部） URL https://sce.muc.edu.cn/
2025-11-14 07:43:27,300 - INFO - Empty teacher folder: D:\project08\MCP_AI\data\schoolTeachers\9_南开大学\马克思主义学院 for university 南开大学 college 马克思主义学院 URL http://cz.nankai.edu.cn/
2025-11-14 07:45:22,479 - INFO - Empty teacher folder: D:\project08\MCP_AI\data\schoolTeachers\9_南开大学\哲学院 for university 南开大学 college 哲学院 URL http://phil.nankai.edu.cn/
2025-11-14 08:08:10,063 - INFO - Empty teacher folder: D:\project08\MCP_AI\data\schoolTeachers\9_南开大学\卓越工程师学院 for university 南开大学 college 卓越工程师学院 URL https://cee.nankai.edu.cn/
2025-11-14 08:13:59,503 - INFO - Empty teacher folder: D:\project08\MCP_AI\data\schoolTeachers\9_南开大学\外国语学院 for university 南开大学 college 外国语学院 URL https://sfs.nankai.edu.cn/
2025-11-14 08:19:12,069 - INFO - Empty teacher folder: D:\project08\MCP_AI\data\schoolTeachers\9_南开大学\农药国家工程研究中心（天津） for university 南开大学 college 农药国家工程研究中心（天津） URL https://www.nankai.edu.cn/
2025-11-14 08:21:24,577 - INFO - Empty teacher folder: D:\project08\MCP_AI\data\schoolTeachers\9_南开大学\习近平新时代中国特色社会主义思想研究院 for university 南开大学 college 习近平新时代中国特色社会主义思想研究院 URL https://www.nankai.edu.cn/
2025-11-14 08:21:45,789 - INFO - Empty teacher folder: D:\project08\MCP_AI\data\schoolTeachers\9_南开大学\统计与数据科学学院 for university 南开大学 college 统计与数据科学学院 URL http://stat.nankai.edu.cn/
2025-11-14 08:22:29,990 - INFO - Empty teacher folder: D:\project08\MCP_AI\data\schoolTeachers\9_南开大学\跨国公司研究中心 for university 南开大学 college 跨国公司研究中心 URL http://cts.nankai.edu.cn/
2025-11-14 08:30:28,377 - INFO - Empty teacher folder: D:\project08\MCP_AI\data\schoolTeachers\9_南开大学\社会建设与管理研究院 for university 南开大学 college 社会建设与管理研究院 URL https://www.nankai.edu.cn/
2025-11-14 08:34:22,961 - INFO - Empty teacher folder: D:\project08\MCP_AI\data\schoolTeachers\9_南开大学\跨文化交流研究院 for university 南开大学 college 跨文化交流研究院 URL https://www.nankai.edu.cn/
2025-11-14 08:34:59,576 - INFO - Empty teacher folder: D:\project08\MCP_AI\data\schoolTeachers\9_南开大学\组合数学中心 for university 南开大学 college 组合数学中心 URL http://cfc.nankai.edu.cn/
2025-11-14 08:35:34,990 - INFO - Empty teacher folder: D:\project08\MCP_AI\data\schoolTeachers\9_南开大学\国家经济战略研究院 for university 南开大学 college 国家经济战略研究院 URL http://nkise.nankai.edu.cn/
2025-11-14 08:38:23,241 - INFO - Empty teacher folder: D:\project08\MCP_AI\data\schoolTeachers\9_南开大学\泰达应用物理研究院 for university 南开大学 college 泰达应用物理研究院 URL http://iap.nankai.edu.cn/
2025-11-14 08:46:44,794 - INFO - Empty teacher folder: D:\project08\MCP_AI\data\schoolTeachers\9_南开大学\实验动物中心 for university 南开大学 college 实验动物中心 URL http://lac.nankai.edu.cn/
2025-11-14 08:46:59,743 - INFO - Empty teacher folder: D:\project08\MCP_AI\data\schoolTeachers\9_南开大学\生物质资源化利用国家地方联合工程研究中心（南开大学） for university 南开大学 college 生物质资源化利用国家地方联合工程研究中心（南开大学） URL https://www.nankai.edu.cn/
2025-11-14 08:47:51,310 - INFO - Empty teacher folder: D:\project08\MCP_AI\data\schoolTeachers\9_南开大学\WTO研究中心 for university 南开大学 college WTO研究中心 URL https://www.nankai.edu.cn/
2025-11-14 08:48:08,774 - INFO - Empty teacher folder: D:\project08\MCP_AI\data\schoolTeachers\9_南开大学\党内法规研究中心 for university 南开大学 college 党内法规研究中心 URL https://www.nankai.edu.cn/
2025-11-14 08:48:38,000 - INFO - Empty teacher folder: D:\project08\MCP_AI\data\schoolTeachers\9_南开大学\海南研究院 for university 南开大学 college 海南研究院 URL https://www.nankai.edu.cn/
2025-11-14 08:48:53,115 - INFO - Empty teacher folder: D:\project08\MCP_AI\data\schoolTeachers\9_南开大学\东欧拜占廷研究中心 for university 南开大学 college 东欧拜占廷研究中心 URL https://www.nankai.edu.cn/
2025-11-14 08:49:09,687 - INFO - Empty teacher folder: D:\project08\MCP_AI\data\schoolTeachers\9_南开大学\欧洲研究中心 for university 南开大学 college 欧洲研究中心 URL https://www.nankai.edu.cn/
2025-11-14 08:54:14,597 - INFO - Empty teacher folder: D:\project08\MCP_AI\data\schoolTeachers\9_南开大学\语言研究所 for university 南开大学 college 语言研究所 URL https://www.nankai.edu.cn/
2025-11-14 08:54:44,482 - INFO - Empty teacher folder: D:\project08\MCP_AI\data\schoolTeachers\9_南开大学\亚洲研究中心 for university 南开大学 college 亚洲研究中心 URL http://arc.nankai.edu.cn/
2025-11-14 08:55:59,687 - INFO - Empty teacher folder: D:\project08\MCP_AI\data\schoolTeachers\9_南开大学\环境与社会发展研究中心 for university 南开大学 college 环境与社会发展研究中心 URL https://www.nankai.edu.cn/
2025-11-14 08:56:52,514 - INFO - Empty teacher folder: D:\project08\MCP_AI\data\schoolTeachers\9_南开大学\战略环境评价研究中心 for university 南开大学 college 战略环境评价研究中心 URL https://www.nankai.edu.cn/
2025-11-14 08:57:15,202 - INFO - Empty teacher folder: D:\project08\MCP_AI\data\schoolTeachers\9_南开大学\智能光子研究院 for university 南开大学 college 智能光子研究院 URL https://ioip.nankai.edu.cn/
2025-11-14 08:57:59,975 - INFO - Empty teacher folder: D:\project08\MCP_AI\data\schoolTeachers\9_南开大学\视光科学研究院 for university 南开大学 college 视光科学研究院 URL https://sgkx.nankai.edu.cn/
2025-11-14 08:59:07,632 - INFO - Empty teacher folder: D:\project08\MCP_AI\data\schoolTeachers\9_南开大学\中外文明交叉科学中心 for university 南开大学 college 中外文明交叉科学中心 URL https://cgc.nankai.edu.cn/
2025-11-14 09:18:30,121 - INFO - Empty teacher folder: D:\project08\MCP_AI\data\schoolTeachers\10_天津大学\化工学院 for university 天津大学 college 化工学院 URL https://scet.tju.edu.cn/
2025-11-14 09:33:19,369 - INFO - Empty teacher folder: D:\project08\MCP_AI\data\schoolTeachers\10_天津大学\教育学院 for university 天津大学 college 教育学院 URL http://soe.tju.edu.cn/
2025-11-14 09:56:34,302 - INFO - Empty teacher folder: D:\project08\MCP_AI\data\schoolTeachers\11_大连理工大学\海岸和近海工程国家重点实验室 for university 大连理工大学 college 海岸和近海工程国家重点实验室 URL http://slcoe.dlut.edu.cn/
2025-11-14 09:57:50,735 - INFO - Empty teacher folder: D:\project08\MCP_AI\data\schoolTeachers\11_大连理工大学\港航与海洋工程学院 for university 大连理工大学 college 港航与海洋工程学院 URL http://hoe.dlut.edu.cn/
2025-11-14 10:10:33,230 - INFO - Empty teacher folder: D:\project08\MCP_AI\data\schoolTeachers\11_大连理工大学\国际教育学院（留学生办公室） for university 大连理工大学 college 国际教育学院（留学生办公室） URL http://sie.dlut.edu.cn/
2025-11-14 10:11:10,450 - INFO - Empty teacher folder: D:\project08\MCP_AI\data\schoolTeachers\11_大连理工大学\化工学院 for university 大连理工大学 college 化工学院 URL http://chemeng.dlut.edu.cn/
2025-11-14 10:13:40,120 - INFO - Empty teacher folder: D:\project08\MCP_AI\data\schoolTeachers\11_大连理工大学\创新创业学院 for university 大连理工大学 college 创新创业学院 URL http://chuangxin.dlut.edu.cn/
2025-11-14 10:17:34,542 - INFO - Empty teacher folder: D:\project08\MCP_AI\data\schoolTeachers\11_大连理工大学\远程与继续教育学院 for university 大连理工大学 college 远程与继续教育学院 URL http://ce.dlut.edu.cn/
2025-11-14 10:20:45,787 - INFO - Empty teacher folder: D:\project08\MCP_AI\data\schoolTeachers\11_大连理工大学\体育与健康学院 for university 大连理工大学 college 体育与健康学院 URL http://kh.dlut.edu.cn/
2025-11-14 10:28:20,413 - INFO - Empty teacher folder: D:\project08\MCP_AI\data\schoolTeachers\11_大连理工大学\高等教育研究院 for university 大连理工大学 college 高等教育研究院 URL http://gdjyyjzx.dlut.edu.cn/
2025-11-14 10:32:07,475 - INFO - Empty teacher folder: D:\project08\MCP_AI\data\schoolTeachers\11_大连理工大学\能源研究院 for university 大连理工大学 college 能源研究院 URL http://iest.dlut.edu.cn/
2025-11-14 10:34:09,899 - INFO - Empty teacher folder: D:\project08\MCP_AI\data\schoolTeachers\11_大连理工大学\大工书院 for university 大连理工大学 college 大工书院 URL http://dgc.dlut.edu.cn/
2025-11-14 11:58:13,277 - INFO - Empty teacher folder: D:\project08\MCP_AI\data\schoolTeachers\12_吉林大学\历史文化学院 for university 吉林大学 college 历史文化学院 URL https://hac.jlu.edu.cn/
2025-11-14 12:06:22,816 - INFO - Empty teacher folder: D:\project08\MCP_AI\data\schoolTeachers\12_吉林大学\卓越工程师学院 for university 吉林大学 college 卓越工程师学院 URL https://ees.jlu.edu.cn/
2025-11-14 12:15:53,699 - INFO - Empty teacher folder: D:\project08\MCP_AI\data\schoolTeachers\12_吉林大学\软件学院 for university 吉林大学 college 软件学院 URL https://csw.jlu.edu.cn/
2025-11-14 12:27:40,787 - INFO - Empty teacher folder: D:\project08\MCP_AI\data\schoolTeachers\12_吉林大学\基础医学院 for university 吉林大学 college 基础医学院 URL https://medicine.jlu.edu.cn/
2025-11-14 12:30:15,391 - INFO - Empty teacher folder: D:\project08\MCP_AI\data\schoolTeachers\12_吉林大学\白求恩第二临床医学院 for university 吉林大学 college 白求恩第二临床医学院 URL https://www.jdey.com.cn/
2025-11-14 12:36:38,259 - INFO - Empty teacher folder: D:\project08\MCP_AI\data\schoolTeachers\12_吉林大学\白求恩口腔医学院 for university 吉林大学 college 白求恩口腔医学院 URL https://jdkq.jlu.edu.cn/
2025-11-14 12:37:52,397 - INFO - Empty teacher folder: D:\project08\MCP_AI\data\schoolTeachers\12_吉林大学\预科教育学院 for university 吉林大学 college 预科教育学院 URL https://ykjy.jlu.edu.cn/
2025-11-14 12:41:27,745 - INFO - Empty teacher folder: D:\project08\MCP_AI\data\schoolTeachers\12_吉林大学\工程训练中心 for university 吉林大学 college 工程训练中心 URL https://gcxl.jlu.edu.cn/
2025-11-14 12:52:54,404 - INFO - Empty teacher folder: D:\project08\MCP_AI\data\schoolTeachers\13_哈尔滨工业大学\建筑与设计学院 for university 哈尔滨工业大学 college 建筑与设计学院 URL http://arch.hit.edu.cn/
2025-11-14 12:57:35,800 - INFO - Empty teacher folder: D:\project08\MCP_AI\data\schoolTeachers\13_哈尔滨工业大学\马克思主义学院 for university 哈尔滨工业大学 college 马克思主义学院 URL http://marx.hit.edu.cn/
2025-11-14 12:58:38,857 - INFO - Empty teacher folder: D:\project08\MCP_AI\data\schoolTeachers\13_哈尔滨工业大学\航天学院 for university 哈尔滨工业大学 college 航天学院 URL http://sa.hit.edu.cn/
2025-11-14 12:58:46,847 - INFO - Empty teacher folder: D:\project08\MCP_AI\data\schoolTeachers\13_哈尔滨工业大学\机电工程学院 for university 哈尔滨工业大学 college 机电工程学院 URL http://sme.hit.edu.cn/
2025-11-14 13:00:05,996 - INFO - Empty teacher folder: D:\project08\MCP_AI\data\schoolTeachers\13_哈尔滨工业大学\商学院 for university 哈尔滨工业大学 college 商学院 URL http://hbs.hit.edu.cn/
2025-11-14 13:11:05,397 - INFO - Empty teacher folder: D:\project08\MCP_AI\data\schoolTeachers\13_哈尔滨工业大学\体育部 for university 哈尔滨工业大学 college 体育部 URL http://tyb.hit.edu.cn/
2025-11-14 13:13:05,174 - INFO - Empty teacher folder: D:\project08\MCP_AI\data\schoolTeachers\13_哈尔滨工业大学\深圳国际设计学院 for university 哈尔滨工业大学 college 深圳国际设计学院 URL http://sisd.hit.edu.cn/
2025-11-14 13:24:17,449 - INFO - Empty teacher folder: D:\project08\MCP_AI\data\schoolTeachers\13_哈尔滨工业大学\哈尔滨工业大学（威海） for university 哈尔滨工业大学 college 哈尔滨工业大学（威海） URL http://www.hitwh.edu.cn/
2025-11-14 13:41:19,239 - INFO - Empty teacher folder: D:\project08\MCP_AI\data\schoolTeachers\14_复旦大学\集成电路与微纳电子创新学院 for university 复旦大学 college 集成电路与微纳电子创新学院 URL https://icmne.fudan.edu.cn/
2025-11-14 13:43:23,134 - INFO - Empty teacher folder: D:\project08\MCP_AI\data\schoolTeachers\14_复旦大学\生物医学工程与技术创新学院 for university 复旦大学 college 生物医学工程与技术创新学院 URL https://bme-college.fudan.edu.cn/
2025-11-14 13:46:29,643 - INFO - Empty teacher folder: D:\project08\MCP_AI\data\schoolTeachers\14_复旦大学\智能机器人与先进制造创新学院 for university 复旦大学 college 智能机器人与先进制造创新学院 URL https://ciram.fudan.edu.cn/
2025-11-14 13:48:14,433 - INFO - Empty teacher folder: D:\project08\MCP_AI\data\schoolTeachers\14_复旦大学\数学科学学院 for university 复旦大学 college 数学科学学院 URL http://math.fudan.edu.cn/
2025-11-14 13:49:06,963 - INFO - Empty teacher folder: D:\project08\MCP_AI\data\schoolTeachers\14_复旦大学\新闻学院 for university 复旦大学 college 新闻学院 URL https://xwxy.fudan.edu.cn/
2025-11-14 13:49:58,005 - INFO - Empty teacher folder: D:\project08\MCP_AI\data\schoolTeachers\14_复旦大学\计算与智能创新学院 for university 复旦大学 college 计算与智能创新学院 URL https://ai.fudan.edu.cn/
2025-11-14 13:52:11,502 - INFO - Empty teacher folder: D:\project08\MCP_AI\data\schoolTeachers\14_复旦大学\护理学院 for university 复旦大学 college 护理学院 URL http://nursing.fudan.edu.cn/
2025-11-14 14:20:07,899 - INFO - Empty teacher folder: D:\project08\MCP_AI\data\schoolTeachers\15_同济大学\生命科学与技术学院 for university 同济大学 college 生命科学与技术学院 URL https://life.tongji.edu.cn/main.htm/
2025-11-14 14:21:17,159 - INFO - Empty teacher folder: D:\project08\MCP_AI\data\schoolTeachers\15_同济大学\航空航天与力学学院 for university 同济大学 college 航空航天与力学学院 URL https://aero-mech.tongji.edu.cn/main.htm/
2025-11-14 14:31:05,973 - INFO - Empty teacher folder: D:\project08\MCP_AI\data\schoolTeachers\15_同济大学\医学院 for university 同济大学 college 医学院 URL https://med.tongji.edu.cn/
2025-11-14 14:44:03,875 - INFO - Empty teacher folder: D:\project08\MCP_AI\data\schoolTeachers\15_同济大学\中德学部 for university 同济大学 college 中德学部 URL https://cdh.tongji.edu.cn/cdhChinese/main.htm/
2025-11-14 14:46:40,828 - INFO - Empty teacher folder: D:\project08\MCP_AI\data\schoolTeachers\15_同济大学\中德学院 for university 同济大学 college 中德学院 URL https://cdhk.tongji.edu.cn/main.htm/
2025-11-14 14:48:45,590 - INFO - Empty teacher folder: D:\project08\MCP_AI\data\schoolTeachers\15_同济大学\中德工程学院 for university 同济大学 college 中德工程学院 URL https://cdhaw.tongji.edu.cn/main.htm/
2025-11-14 14:50:51,122 - INFO - Empty teacher folder: D:\project08\MCP_AI\data\schoolTeachers\15_同济大学\职业技术教育学院 for university 同济大学 college 职业技术教育学院 URL https://cdibb.tongji.edu.cn/main.htm/
2025-11-14 14:50:59,303 - INFO - Empty teacher folder: D:\project08\MCP_AI\data\schoolTeachers\15_同济大学\出国培训学院、留德预备部 for university 同济大学 college 出国培训学院、留德预备部 URL https://dk.tongji.edu.cn/main.htm/
2025-11-14 14:52:46,132 - INFO - Empty teacher folder: D:\project08\MCP_AI\data\schoolTeachers\15_同济大学\联合国环境规划署-同济大学环境与可持续发展学院 for university 同济大学 college 联合国环境规划署-同济大学环境与可持续发展学院 URL https://unep-iesd.tongji.edu.cn/main.htm/
2025-11-14 14:55:56,932 - INFO - Empty teacher folder: D:\project08\MCP_AI\data\schoolTeachers\15_同济大学\中法工程和管理学院 for university 同济大学 college 中法工程和管理学院 URL http://ifcim.tongji.edu.cn/
2025-11-14 14:56:21,743 - INFO - Empty teacher folder: D:\project08\MCP_AI\data\schoolTeachers\15_同济大学\口腔医学院 for university 同济大学 college 口腔医学院 URL https://kouqiang.tongji.edu.cn/
2025-11-14 14:58:21,427 - INFO - Empty teacher folder: D:\project08\MCP_AI\data\schoolTeachers\15_同济大学\继续教育学院、网络教育学院 for university 同济大学 college 继续教育学院、网络教育学院 URL https://tjee.tongji.edu.cn/
2025-11-14 14:59:50,414 - INFO - Empty teacher folder: D:\project08\MCP_AI\data\schoolTeachers\15_同济大学\创新创业学院 for university 同济大学 college 创新创业学院 URL http://sie.tongji.edu.cn/
2025-11-14 14:59:58,274 - INFO - Empty teacher folder: D:\project08\MCP_AI\data\schoolTeachers\15_同济大学\中西学院 for university 同济大学 college 中西学院 URL http://ssc.tongji.edu.cn/
2025-11-14 15:19:11,615 - INFO - Empty teacher folder: D:\project08\MCP_AI\data\schoolTeachers\16_上海交通大学\自动化与感知学院 for university 上海交通大学 college 自动化与感知学院 URL https://sais.sjtu.edu.cn/
2025-11-14 15:22:46,627 - INFO - Empty teacher folder: D:\project08\MCP_AI\data\schoolTeachers\16_上海交通大学\海洋学院 for university 上海交通大学 college 海洋学院 URL http://soo.sjtu.edu.cn/
2025-11-14 15:24:48,646 - INFO - Empty teacher folder: D:\project08\MCP_AI\data\schoolTeachers\16_上海交通大学\计算机学院（网络空间安全学院、密码学院） for university 上海交通大学 college 计算机学院（网络空间安全学院、密码学院） URL https://www.cs.sjtu.edu.cn/
2025-11-14 15:26:00,589 - INFO - Empty teacher folder: D:\project08\MCP_AI\data\schoolTeachers\16_上海交通大学\机械与动力工程学院 for university 上海交通大学 college 机械与动力工程学院 URL http://me.sjtu.edu.cn/
2025-11-14 15:26:25,662 - INFO - Empty teacher folder: D:\project08\MCP_AI\data\schoolTeachers\16_上海交通大学\凯原法学院 for university 上海交通大学 college 凯原法学院 URL http://law.sjtu.edu.cn/
2025-11-14 15:30:53,044 - INFO - Empty teacher folder: D:\project08\MCP_AI\data\schoolTeachers\16_上海交通大学\船舶海洋与建筑工程学院 for university 上海交通大学 college 船舶海洋与建筑工程学院 URL http://naoce.sjtu.edu.cn/
2025-11-14 15:31:52,717 - INFO - Empty teacher folder: D:\project08\MCP_AI\data\schoolTeachers\16_上海交通大学\电子信息与电气工程学院 for university 上海交通大学 college 电子信息与电气工程学院 URL http://www.seiee.sjtu.edu.cn/
2025-11-14 15:33:46,278 - INFO - Empty teacher folder: D:\project08\MCP_AI\data\schoolTeachers\16_上海交通大学\安泰经济与管理学院 for university 上海交通大学 college 安泰经济与管理学院 URL http://www.acem.sjtu.edu.cn/
2025-11-14 15:37:43,005 - INFO - Empty teacher folder: D:\project08\MCP_AI\data\schoolTeachers\16_上海交通大学\马克思主义学院 for university 上海交通大学 college 马克思主义学院 URL https://ma.sjtu.edu.cn/
2025-11-14 15:39:30,713 - INFO - Empty teacher folder: D:\project08\MCP_AI\data\schoolTeachers\16_上海交通大学\巴黎卓越工程师学院 for university 上海交通大学 college 巴黎卓越工程师学院 URL http://speit.sjtu.edu.cn/
2025-11-14 15:45:12,870 - INFO - Empty teacher folder: D:\project08\MCP_AI\data\schoolTeachers\16_上海交通大学\致远学院 for university 上海交通大学 college 致远学院 URL http://zhiyuan.sjtu.edu.cn/
2025-11-14 15:59:32,676 - INFO - Empty teacher folder: D:\project08\MCP_AI\data\schoolTeachers\16_上海交通大学\人文学院 for university 上海交通大学 college 人文学院 URL http://shss.sjtu.edu.cn/
2025-11-14 16:51:21,847 - INFO - Empty teacher folder: D:\project08\MCP_AI\data\schoolTeachers\17_华东师范大学\国际汉语文化学院 for university 华东师范大学 college 国际汉语文化学院 URL http://chinese.ecnu.edu.cn/
2025-11-14 16:59:23,952 - INFO - Empty teacher folder: D:\project08\MCP_AI\data\schoolTeachers\17_华东师范大学\传播学院 for university 华东师范大学 college 传播学院 URL https://comm.ecnu.edu.cn/
2025-11-14 17:03:13,537 - INFO - Empty teacher folder: D:\project08\MCP_AI\data\schoolTeachers\17_华东师范大学\地球科学学部 for university 华东师范大学 college 地球科学学部 URL https://dxb.ecnu.edu.cn/
2025-11-14 17:14:59,909 - INFO - Empty teacher folder: D:\project08\MCP_AI\data\schoolTeachers\17_华东师范大学\软件工程学院 for university 华东师范大学 college 软件工程学院 URL http://www.sei.ecnu.edu.cn/
2025-11-14 17:25:15,021 - INFO - Empty teacher folder: D:\project08\MCP_AI\data\schoolTeachers\17_华东师范大学\城市发展研究院 for university 华东师范大学 college 城市发展研究院 URL http://www.iud.ecnu.edu.cn/
2025-11-14 17:30:06,981 - INFO - Empty teacher folder: D:\project08\MCP_AI\data\schoolTeachers\17_华东师范大学\孟宪承书院 for university 华东师范大学 college 孟宪承书院 URL http://mxcsy.ecnu.edu.cn/
2025-11-14 17:30:22,160 - INFO - Empty teacher folder: D:\project08\MCP_AI\data\schoolTeachers\17_华东师范大学\崇明生态研究院 for university 华东师范大学 college 崇明生态研究院 URL http://chm.ecnu.edu.cn/
2025-11-14 17:31:04,744 - INFO - Empty teacher folder: D:\project08\MCP_AI\data\schoolTeachers\17_华东师范大学\中国自贸战略研究院 for university 华东师范大学 college 中国自贸战略研究院 URL https://icft.ecnu.edu.cn/
2025-11-14 17:35:06,753 - INFO - Empty teacher folder: D:\project08\MCP_AI\data\schoolTeachers\17_华东师范大学\大夏书院 for university 华东师范大学 college 大夏书院 URL https://dx.ecnu.edu.cn/main.htm/
2025-11-14 19:34:52,504 - INFO - Empty teacher folder: D:\project08\MCP_AI\data\schoolTeachers\19_东南大学\经济管理学院 for university 东南大学 college 经济管理学院 URL http://em.seu.edu.cn/
2025-11-14 19:36:22,557 - INFO - Empty teacher folder: D:\project08\MCP_AI\data\schoolTeachers\19_东南大学\自动化学院 for university 东南大学 college 自动化学院 URL http://automation.seu.edu.cn/
2025-11-14 19:39:24,969 - INFO - Empty teacher folder: D:\project08\MCP_AI\data\schoolTeachers\19_东南大学\艺术学院 for university 东南大学 college 艺术学院 URL http://arts.seu.edu.cn/
2025-11-14 19:45:05,661 - INFO - Empty teacher folder: D:\project08\MCP_AI\data\schoolTeachers\19_东南大学\海外教育学院 for university 东南大学 college 海外教育学院 URL http://cis.seu.edu.cn/
2025-11-14 19:48:58,920 - INFO - Empty teacher folder: D:\project08\MCP_AI\data\schoolTeachers\19_东南大学\电子科学与工程学院 for university 东南大学 college 电子科学与工程学院 URL http://electronic.seu.edu.cn/
2025-11-14 19:56:49,788 - INFO - Empty teacher folder: D:\project08\MCP_AI\data\schoolTeachers\19_东南大学\国家卓越工程师学院 for university 东南大学 college 国家卓越工程师学院 URL https://gjzygcs.seu.edu.cn/
2025-11-14 19:58:05,581 - INFO - Empty teacher folder: D:\project08\MCP_AI\data\schoolTeachers\19_东南大学\新生学院 for university 东南大学 college 新生学院 URL http://xsxy.seu.edu.cn/
2025-11-14 20:20:55,373 - INFO - Empty teacher folder: D:\project08\MCP_AI\data\schoolTeachers\20_浙江大学\高分子科学与工程学系 for university 浙江大学 college 高分子科学与工程学系 URL http://polymer.zju.edu.cn/
2025-11-14 20:39:37,176 - INFO - Empty teacher folder: D:\project08\MCP_AI\data\schoolTeachers\21_中国科学技术大学\应用化学系 for university 中国科学技术大学 college 应用化学系 URL https://applchem.ustc.edu.cn/
2025-11-14 20:41:21,296 - INFO - Empty teacher folder: D:\project08\MCP_AI\data\schoolTeachers\21_中国科学技术大学\光学与光学工程系 for university 中国科学技术大学 college 光学与光学工程系 URL https://www.ustc.edu.cn/
2025-11-14 20:47:01,499 - INFO - Empty teacher folder: D:\project08\MCP_AI\data\schoolTeachers\21_中国科学技术大学\物理学院 for university 中国科学技术大学 college 物理学院 URL https://physics.ustc.edu.cn/
2025-11-14 21:26:16,511 - INFO - Empty teacher folder: D:\project08\MCP_AI\data\schoolTeachers\21_中国科学技术大学\科学岛分院 for university 中国科学技术大学 college 科学岛分院 URL https://www.hf.cas.cn/sbpy/yjsc/
2025-11-14 21:27:49,731 - INFO - Empty teacher folder: D:\project08\MCP_AI\data\schoolTeachers\21_中国科学技术大学\卓越工程师学院 for university 中国科学技术大学 college 卓越工程师学院 URL https://see.ustc.edu.cn/
2025-11-14 21:30:23,033 - INFO - Empty teacher folder: D:\project08\MCP_AI\data\schoolTeachers\21_中国科学技术大学\生物医学工程学院（苏州）（科教融合学院） for university 中国科学技术大学 college 生物医学工程学院（苏州）（科教融合学院） URL https://www.sibet.ac.cn/
2025-11-14 21:35:07,460 - INFO - Empty teacher folder: D:\project08\MCP_AI\data\schoolTeachers\21_中国科学技术大学\能源科学与技术学院（科教融合学院） for university 中国科学技术大学 college 能源科学与技术学院（科教融合学院） URL https://www.giec.ac.cn/
2025-11-14 21:40:31,581 - INFO - Empty teacher folder: D:\project08\MCP_AI\data\schoolTeachers\21_中国科学技术大学\热安全技术国家地方联合工程研究中心 for university 中国科学技术大学 college 热安全技术国家地方联合工程研究中心 URL https://erctst.ustc.edu.cn/
2025-11-14 21:40:49,749 - INFO - Empty teacher folder: D:\project08\MCP_AI\data\schoolTeachers\21_中国科学技术大学\安徽蒙城地球物理国家野外科学观测研究站 for university 中国科学技术大学 college 安徽蒙城地球物理国家野外科学观测研究站 URL https://mengo.ustc.edu.cn/
2025-11-14 21:41:52,324 - INFO - Empty teacher folder: D:\project08\MCP_AI\data\schoolTeachers\21_中国科学技术大学\中国科学院量子信息与量子科技创新研究院 for university 中国科学技术大学 college 中国科学院量子信息与量子科技创新研究院 URL http://www.quantumcas.ac.cn/
2025-11-14 21:42:59,115 - INFO - Empty teacher folder: D:\project08\MCP_AI\data\schoolTeachers\21_中国科学技术大学\语音及语言信息处理国家工程研究中心 for university 中国科学技术大学 college 语音及语言信息处理国家工程研究中心 URL https://nelslip.ustc.edu.cn/
2025-11-14 21:43:22,173 - INFO - Empty teacher folder: D:\project08\MCP_AI\data\schoolTeachers\21_中国科学技术大学\上海研究院 for university 中国科学技术大学 college 上海研究院 URL https://sias.ustc.edu.cn/
2025-11-14 22:15:54,985 - INFO - Empty teacher folder: D:\project08\MCP_AI\data\schoolTeachers\22_厦门大学\邹至庄经济研究院 for university 厦门大学 college 邹至庄经济研究院 URL https://chow.xmu.edu.cn/
2025-11-14 22:21:55,577 - INFO - Empty teacher folder: D:\project08\MCP_AI\data\schoolTeachers\22_厦门大学\国学研究学院 for university 厦门大学 college 国学研究学院 URL https://www.xmu.edu.cn/
2025-11-14 22:52:31,776 - INFO - Empty teacher folder: D:\project08\MCP_AI\data\schoolTeachers\22_厦门大学\产业技术研究院 for university 厦门大学 college 产业技术研究院 URL http://itri.xmu.edu.cn/
2025-11-14 22:52:40,209 - INFO - Empty teacher folder: D:\project08\MCP_AI\data\schoolTeachers\22_厦门大学\电子科学与技术学院（国家示范性微电子学院） for university 厦门大学 college 电子科学与技术学院（国家示范性微电子学院） URL https://ese.xmu.edu.cn/
2025-11-14 22:55:29,029 - INFO - Empty teacher folder: D:\project08\MCP_AI\data\schoolTeachers\22_厦门大学\人工智能研究院 for university 厦门大学 college 人工智能研究院 URL https://iai.xmu.edu.cn/
2025-11-14 23:15:28,515 - INFO - Empty teacher folder: D:\project08\MCP_AI\data\schoolTeachers\22_厦门大学\近海海洋环境科学国家重点实验室 for university 厦门大学 college 近海海洋环境科学国家重点实验室 URL https://mel.xmu.edu.cn/
2025-11-14 23:48:00,921 - INFO - Empty teacher folder: D:\project08\MCP_AI\data\schoolTeachers\23_山东大学\基础医学院 for university 山东大学 college 基础医学院 URL http://www.bms.sdu.edu.cn/
2025-11-14 23:54:41,214 - INFO - Empty teacher folder: D:\project08\MCP_AI\data\schoolTeachers\23_山东大学\口腔医学院 for university 山东大学 college 口腔医学院 URL http://www.dent.sdu.edu.cn/
2025-11-15 00:02:23,434 - INFO - Empty teacher folder: D:\project08\MCP_AI\data\schoolTeachers\23_山东大学\护理与康复学院 for university 山东大学 college 护理与康复学院 URL http://www.nursing.sdu.edu.cn/
2025-11-15 00:07:46,519 - INFO - Empty teacher folder: D:\project08\MCP_AI\data\schoolTeachers\23_山东大学\人工智能国际联合研究院 for university 山东大学 college 人工智能国际联合研究院 URL https://cfair.sdu.edu.cn/
2025-11-15 01:28:26,436 - INFO - Empty teacher folder: D:\project08\MCP_AI\data\schoolTeachers\24_中国海洋大学\信息科学与工程学部 for university 中国海洋大学 college 信息科学与工程学部 URL https://it.ouc.edu.cn/
2025-11-15 01:31:52,587 - INFO - Empty teacher folder: D:\project08\MCP_AI\data\schoolTeachers\24_中国海洋大学\卓越工程师学院 for university 中国海洋大学 college 卓越工程师学院 URL https://gcee.ouc.edu.cn/
2025-11-15 02:17:02,936 - INFO - Empty teacher folder: D:\project08\MCP_AI\data\schoolTeachers\25_武汉大学\口腔医学院 for university 武汉大学 college 口腔医学院 URL https://www.whuss.com/
2025-11-15 02:17:17,475 - INFO - Empty teacher folder: D:\project08\MCP_AI\data\schoolTeachers\25_武汉大学\卓越工程师学院 for university 武汉大学 college 卓越工程师学院 URL https://cee.whu.edu.cn/
2025-11-15 02:29:23,875 - INFO - Empty teacher folder: D:\project08\MCP_AI\data\schoolTeachers\26_华中科技大学\中欧清洁与可再生能源学院 for university 华中科技大学 college 中欧清洁与可再生能源学院 URL http://icare.hust.edu.cn/
2025-11-15 03:05:41,327 - INFO - Empty teacher folder: D:\project08\MCP_AI\data\schoolTeachers\26_华中科技大学\第一临床学院 for university 华中科技大学 college 第一临床学院 URL http://www.whuh.com/
2025-11-15 03:07:48,408 - INFO - Empty teacher folder: D:\project08\MCP_AI\data\schoolTeachers\26_华中科技大学\护理学院 for university 华中科技大学 college 护理学院 URL http://huli.tjmu.edu.cn/
2025-11-15 03:41:14,741 - INFO - Empty teacher folder: D:\project08\MCP_AI\data\schoolTeachers\27_中南大学\外国语学院 for university 中南大学 college 外国语学院 URL http://sfl.csu.edu.cn/
2025-11-15 03:41:23,590 - INFO - Empty teacher folder: D:\project08\MCP_AI\data\schoolTeachers\27_中南大学\湘雅护理学院 for university 中南大学 college 湘雅护理学院 URL https://xynursing.csu.edu.cn/
2025-11-15 04:28:46,790 - INFO - Empty teacher folder: D:\project08\MCP_AI\data\schoolTeachers\28_中山大学\光华口腔医学院 for university 中山大学 college 光华口腔医学院 URL http://gh.sysu.edu.cn/
2025-11-15 04:32:35,377 - INFO - Empty teacher folder: D:\project08\MCP_AI\data\schoolTeachers\28_中山大学\继续教育学院 for university 中山大学 college 继续教育学院 URL https://sce.sysu.edu.cn/
2025-11-15 05:57:05,806 - INFO - Empty teacher folder: D:\project08\MCP_AI\data\schoolTeachers\29_华南理工大学\设计学院 for university 华南理工大学 college 设计学院 URL http://www2.scut.edu.cn/design/
2025-11-15 06:12:52,702 - INFO - Empty teacher folder: D:\project08\MCP_AI\data\schoolTeachers\29_华南理工大学\国家卓越工程师学院 for university 华南理工大学 college 国家卓越工程师学院 URL https://www2.scut.edu.cn/engineers/
2025-11-15 06:14:11,647 - INFO - Empty teacher folder: D:\project08\MCP_AI\data\schoolTeachers\29_华南理工大学\铭诚书院 for university 华南理工大学 college 铭诚书院 URL https://www2.scut.edu.cn/mcsy/
2025-11-15 06:54:55,364 - INFO - Empty teacher folder: D:\project08\MCP_AI\data\schoolTeachers\30_四川大学\国际关系学院 for university 四川大学 college 国际关系学院 URL http://sis.scu.edu.cn/
2025-11-15 06:59:59,592 - INFO - Empty teacher folder: D:\project08\MCP_AI\data\schoolTeachers\30_四川大学\空天科学与工程学院 for university 四川大学 college 空天科学与工程学院 URL http://saa.scu.edu.cn/
2025-11-15 08:43:43,087 - INFO - Empty teacher folder: D:\project08\MCP_AI\data\schoolTeachers\31_重庆大学\分析测试中心 for university 重庆大学 college 分析测试中心 URL http://atc.cqu.edu.cn/
2025-11-15 08:44:43,856 - INFO - Empty teacher folder: D:\project08\MCP_AI\data\schoolTeachers\31_重庆大学\经济与工商管理学院 for university 重庆大学 college 经济与工商管理学院 URL http://seba.cqu.edu.cn/
2025-11-15 08:46:47,090 - INFO - Empty teacher folder: D:\project08\MCP_AI\data\schoolTeachers\31_重庆大学\社会科学学部 for university 重庆大学 college 社会科学学部 URL http://skxb.cqu.edu.cn/
2025-11-15 08:47:31,584 - INFO - Empty teacher folder: D:\project08\MCP_AI\data\schoolTeachers\31_重庆大学\弘深学院 for university 重庆大学 college 弘深学院 URL http://hshc.cqu.edu.cn/
2025-11-15 08:48:11,818 - INFO - Empty teacher folder: D:\project08\MCP_AI\data\schoolTeachers\31_重庆大学\体育学院 for university 重庆大学 college 体育学院 URL http://sports.cqu.edu.cn/
2025-11-15 08:55:47,885 - INFO - Empty teacher folder: D:\project08\MCP_AI\data\schoolTeachers\31_重庆大学\重庆大学-辛辛那提大学联合学院 for university 重庆大学 college 重庆大学-辛辛那提大学联合学院 URL http://uc.cqu.edu.cn/
2025-11-15 09:02:14,821 - INFO - Empty teacher folder: D:\project08\MCP_AI\data\schoolTeachers\31_重庆大学\土木工程学院 for university 重庆大学 college 土木工程学院 URL http://civil.cqu.edu.cn/
2025-11-15 09:05:28,524 - INFO - Empty teacher folder: D:\project08\MCP_AI\data\schoolTeachers\31_重庆大学\建筑学部 for university 重庆大学 college 建筑学部 URL http://fbe.cqu.edu.cn/
2025-11-15 09:11:01,541 - INFO - Empty teacher folder: D:\project08\MCP_AI\data\schoolTeachers\31_重庆大学\信息学部 for university 重庆大学 college 信息学部 URL http://fis.cqu.edu.cn/
2025-11-15 09:13:39,930 - INFO - Empty teacher folder: D:\project08\MCP_AI\data\schoolTeachers\31_重庆大学\智慧城市研究院 for university 重庆大学 college 智慧城市研究院 URL http://smartcity.cqu.edu.cn/
2025-11-15 09:26:53,501 - INFO - Empty teacher folder: D:\project08\MCP_AI\data\schoolTeachers\31_重庆大学\附属三峡医院 for university 重庆大学 college 附属三峡医院 URL http://sxyy.cqu.edu.cn/
2025-11-15 09:31:48,139 - INFO - Empty teacher folder: D:\project08\MCP_AI\data\schoolTeachers\31_重庆大学\附属黔江医院 for university 重庆大学 college 附属黔江医院 URL http://www.qjzxyy.cn/
2025-11-15 09:50:31,115 - INFO - Empty teacher folder: D:\project08\MCP_AI\data\schoolTeachers\32_电子科技大学\信息与通信工程学院 for university 电子科技大学 college 信息与通信工程学院 URL http://www.sice.uestc.edu.cn/
2025-11-15 10:00:21,597 - INFO - Empty teacher folder: D:\project08\MCP_AI\data\schoolTeachers\32_电子科技大学\英才实验学院（未来技术学院） for university 电子科技大学 college 英才实验学院（未来技术学院） URL http://www.yingcai.uestc.edu.cn/
2025-11-15 10:09:46,070 - INFO - Empty teacher folder: D:\project08\MCP_AI\data\schoolTeachers\32_电子科技大学\电子科技大学（深圳）高等研究院 for university 电子科技大学 college 电子科技大学（深圳）高等研究院 URL https://sias.uestc.edu.cn/
2025-11-15 10:19:14,297 - INFO - Empty teacher folder: D:\project08\MCP_AI\data\schoolTeachers\32_电子科技大学\集成电路科学与工程学院（示范性微电子学院） for university 电子科技大学 college 集成电路科学与工程学院（示范性微电子学院） URL https://icse.uestc.edu.cn/
2025-11-15 10:23:56,317 - INFO - Empty teacher folder: D:\project08\MCP_AI\data\schoolTeachers\32_电子科技大学\继续教育学院（职业教育学院、网络教育学院） for university 电子科技大学 college 继续教育学院（职业教育学院、网络教育学院） URL https://www.uestcedu.com/
2025-11-15 10:27:57,337 - INFO - Empty teacher folder: D:\project08\MCP_AI\data\schoolTeachers\32_电子科技大学\电子科技大学广东电子信息工程研究院 for university 电子科技大学 college 电子科技大学广东电子信息工程研究院 URL http://www.dgieie.cn/
2025-11-15 10:29:26,596 - INFO - Empty teacher folder: D:\project08\MCP_AI\data\schoolTeachers\32_电子科技大学\通信抗干扰全国重点实验室 for university 电子科技大学 college 通信抗干扰全国重点实验室 URL http://www.ncl.uestc.edu.cn/
2025-11-15 10:31:40,460 - INFO - Empty teacher folder: D:\project08\MCP_AI\data\schoolTeachers\32_电子科技大学\电子薄膜与集成器件全国重点实验室 for university 电子科技大学 college 电子薄膜与集成器件全国重点实验室 URL http://www.etfid.uestc.edu.cn/
2025-11-15 10:31:41,923 - INFO - Empty teacher folder: D:\project08\MCP_AI\data\schoolTeachers\32_电子科技大学\智能计算研究院 for university 电子科技大学 college 智能计算研究院 URL http://icct.uestc.edu.cn/
2025-11-15 10:31:48,375 - INFO - Empty teacher folder: D:\project08\MCP_AI\data\schoolTeachers\32_电子科技大学\电子科技大学宜宾研究院 for university 电子科技大学 college 电子科技大学宜宾研究院 URL http://yb.uestc.edu.cn/
2025-11-15 10:34:45,145 - INFO - Empty teacher folder: D:\project08\MCP_AI\data\schoolTeachers\32_电子科技大学\电子科技大学成都研究院 for university 电子科技大学 college 电子科技大学成都研究院 URL http://www.cdyjy.uestc.edu.cn/
2025-11-15 10:34:54,729 - INFO - Empty teacher folder: D:\project08\MCP_AI\data\schoolTeachers\32_电子科技大学\先进毫米波技术集成攻关研究院 for university 电子科技大学 college 先进毫米波技术集成攻关研究院 URL https://mmw.uestc.edu.cn/
2025-11-15 10:35:37,596 - INFO - Empty teacher folder: D:\project08\MCP_AI\data\schoolTeachers\32_电子科技大学\电子科技大学长三角研究院（衢州） for university 电子科技大学 college 电子科技大学长三角研究院（衢州） URL https://ydri.uestc.edu.cn/
2025-11-15 10:35:40,735 - INFO - Empty teacher folder: D:\project08\MCP_AI\data\schoolTeachers\32_电子科技大学\电子科技大学长三角研究院（湖州） for university 电子科技大学 college 电子科技大学长三角研究院（湖州） URL http://csj.uestc.edu.cn/
2025-11-15 10:36:03,114 - INFO - Empty teacher folder: D:\project08\MCP_AI\data\schoolTeachers\32_电子科技大学\人文社科高等研究院 for university 电子科技大学 college 人文社科高等研究院 URL https://aihss.uestc.edu.cn/index.htm/
2025-11-15 10:44:02,675 - INFO - Empty teacher folder: D:\project08\MCP_AI\data\schoolTeachers\33_西安交通大学\医学部 for university 西安交通大学 college 医学部 URL https://yxbpyc.xjtu.edu.cn/
2025-11-15 10:45:18,889 - INFO - Empty teacher folder: D:\project08\MCP_AI\data\schoolTeachers\33_西安交通大学\电子与信息学部 for university 西安交通大学 college 电子与信息学部 URL https://eie.xjtu.edu.cn/dzxxxb/
2025-11-15 10:45:41,061 - INFO - Empty teacher folder: D:\project08\MCP_AI\data\schoolTeachers\33_西安交通大学\人居环境与建筑工程学院 for university 西安交通大学 college 人居环境与建筑工程学院 URL https://hsce.xjtu.edu.cn/
2025-11-15 10:50:28,620 - INFO - Empty teacher folder: D:\project08\MCP_AI\data\schoolTeachers\33_西安交通大学\数学与统计学院 for university 西安交通大学 college 数学与统计学院 URL https://math.xjtu.edu.cn/
2025-11-15 10:55:55,548 - INFO - Empty teacher folder: D:\project08\MCP_AI\data\schoolTeachers\33_西安交通大学\人文社会科学学院 for university 西安交通大学 college 人文社会科学学院 URL https://rwxy.xjtu.edu.cn/
2025-11-15 11:13:18,717 - INFO - Empty teacher folder: D:\project08\MCP_AI\data\schoolTeachers\33_西安交通大学\国家卓越工程师学院 for university 西安交通大学 college 国家卓越工程师学院 URL https://nse.xjtu.edu.cn/index.htm/
2025-11-15 11:19:43,038 - INFO - Empty teacher folder: D:\project08\MCP_AI\data\schoolTeachers\33_西安交通大学\口腔医学院(口腔医院) for university 西安交通大学 college 口腔医学院(口腔医院) URL https://www.dentalxjtu.com/ygb/index.htm/
2025-11-15 11:35:30,534 - INFO - Empty teacher folder: D:\project08\MCP_AI\data\schoolTeachers\34_西北工业大学\青岛研究院 for university 西北工业大学 college 青岛研究院 URL https://qingdao.nwpu.edu.cn/
2025-11-15 11:49:17,964 - INFO - Empty teacher folder: D:\project08\MCP_AI\data\schoolTeachers\34_西北工业大学\继续教育学院（网络教育学院） for university 西北工业大学 college 继续教育学院（网络教育学院） URL http://www.nwpunec.net/
2025-11-15 11:53:05,323 - INFO - Empty teacher folder: D:\project08\MCP_AI\data\schoolTeachers\34_西北工业大学\国家卓越工程师学院 for university 西北工业大学 college 国家卓越工程师学院 URL https://eliteengineering.nwpu.edu.cn/
2025-11-15 12:01:39,885 - INFO - Empty teacher folder: D:\project08\MCP_AI\data\schoolTeachers\34_西北工业大学\生命科学与医学学部 for university 西北工业大学 college 生命科学与医学学部 URL https://syxb.nwpu.edu.cn/
2025-11-15 12:11:11,420 - INFO - Empty teacher folder: D:\project08\MCP_AI\data\schoolTeachers\35_兰州大学\数学与统计学院 for university 兰州大学 college 数学与统计学院 URL https://math.lzu.edu.cn/
2025-11-15 12:27:32,435 - INFO - Empty teacher folder: D:\project08\MCP_AI\data\schoolTeachers\35_兰州大学\草地农业科技学院 for university 兰州大学 college 草地农业科技学院 URL http://caoye.lzu.edu.cn/
2025-11-15 12:30:14,973 - INFO - Empty teacher folder: D:\project08\MCP_AI\data\schoolTeachers\35_兰州大学\大气科学学院 for university 兰州大学 college 大气科学学院 URL https://atmos.lzu.edu.cn/
2025-11-15 12:31:50,679 - INFO - Empty teacher folder: D:\project08\MCP_AI\data\schoolTeachers\35_兰州大学\地质科学与矿产资源学院 for university 兰州大学 college 地质科学与矿产资源学院 URL http://earth.lzu.edu.cn/
2025-11-15 12:32:01,349 - INFO - Empty teacher folder: D:\project08\MCP_AI\data\schoolTeachers\35_兰州大学\生命科学学院 for university 兰州大学 college 生命科学学院 URL https://lifesc.lzu.edu.cn/
2025-11-15 12:33:45,206 - INFO - Empty teacher folder: D:\project08\MCP_AI\data\schoolTeachers\35_兰州大学\第一临床医学院 for university 兰州大学 college 第一临床医学院 URL https://www.lzdxdyyy.com/web/ldyy/cover/
2025-11-15 12:40:07,798 - INFO - Empty teacher folder: D:\project08\MCP_AI\data\schoolTeachers\35_兰州大学\护理学院 for university 兰州大学 college 护理学院 URL http://nursing.lzu.edu.cn/
2025-11-15 12:46:01,148 - INFO - Empty teacher folder: D:\project08\MCP_AI\data\schoolTeachers\35_兰州大学\生态学院 for university 兰州大学 college 生态学院 URL https://ce.lzu.edu.cn/
2025-11-15 12:48:22,626 - INFO - Empty teacher folder: D:\project08\MCP_AI\data\schoolTeachers\35_兰州大学\萃英学院 for university 兰州大学 college 萃英学院 URL http://cycollege.lzu.edu.cn/
2025-11-15 12:49:27,987 - INFO - Empty teacher folder: D:\project08\MCP_AI\data\schoolTeachers\35_兰州大学\体育教研部 for university 兰州大学 college 体育教研部 URL https://tyb.lzu.edu.cn/
2025-11-15 12:49:46,378 - INFO - Empty teacher folder: D:\project08\MCP_AI\data\schoolTeachers\35_兰州大学\草地微生物研究中心 for university 兰州大学 college 草地微生物研究中心 URL http://cgm.lzu.edu.cn/
2025-11-15 12:50:21,613 - INFO - Empty teacher folder: D:\project08\MCP_AI\data\schoolTeachers\35_兰州大学\兰州大学一带一路研究中心 for university 兰州大学 college 兰州大学一带一路研究中心 URL https://ldbr.lzu.edu.cn/
2025-11-15 12:53:07,528 - INFO - Empty teacher folder: D:\project08\MCP_AI\data\schoolTeachers\35_兰州大学\兰州大学氢能与低碳中心 for university 兰州大学 college 兰州大学氢能与低碳中心 URL https://chelc.lzu.edu.cn/
2025-11-15 13:01:36,877 - INFO - Empty teacher folder: D:\project08\MCP_AI\data\schoolTeachers\36_国防科技大学\理学院 for university 国防科技大学 college 理学院 URL https://www.nudt.edu.cn/yssz/lxy/index.htm/
2025-11-15 13:01:39,194 - INFO - Empty teacher folder: D:\project08\MCP_AI\data\schoolTeachers\36_国防科技大学\计算机学院 for university 国防科技大学 college 计算机学院 URL https://www.nudt.edu.cn/yssz/jsjxy/index.htm/
2025-11-15 13:01:42,807 - INFO - Empty teacher folder: D:\project08\MCP_AI\data\schoolTeachers\36_国防科技大学\前沿交叉学科学院 for university 国防科技大学 college 前沿交叉学科学院 URL https://www.nudt.edu.cn/yssz/qyjcxkxy/index.htm/
2025-11-15 13:01:43,935 - INFO - Empty teacher folder: D:\project08\MCP_AI\data\schoolTeachers\36_国防科技大学\电子科学学院 for university 国防科技大学 college 电子科学学院 URL https://www.nudt.edu.cn/yssz/dzkxxy/index.htm/
2025-11-15 13:01:46,042 - INFO - Empty teacher folder: D:\project08\MCP_AI\data\schoolTeachers\36_国防科技大学\智能科学学院 for university 国防科技大学 college 智能科学学院 URL https://www.nudt.edu.cn/yssz/znkxxy/index.htm/
2025-11-15 13:01:48,436 - INFO - Empty teacher folder: D:\project08\MCP_AI\data\schoolTeachers\36_国防科技大学\系统工程学院 for university 国防科技大学 college 系统工程学院 URL https://www.nudt.edu.cn/yssz/xtgcxy/index.htm/
2025-11-15 13:01:50,647 - INFO - Empty teacher folder: D:\project08\MCP_AI\data\schoolTeachers\36_国防科技大学\空天科学学院 for university 国防科技大学 college 空天科学学院 URL https://www.nudt.edu.cn/yssz/ktkxxy/index.htm/
2025-11-15 13:01:51,903 - INFO - Empty teacher folder: D:\project08\MCP_AI\data\schoolTeachers\36_国防科技大学\外国语学院 for university 国防科技大学 college 外国语学院 URL https://www.nudt.edu.cn/yssz/gjgxxy/index.htm/
2025-11-15 13:01:56,571 - INFO - Empty teacher folder: D:\project08\MCP_AI\data\schoolTeachers\36_国防科技大学\电子对抗学院 for university 国防科技大学 college 电子对抗学院 URL https://www.nudt.edu.cn/yssz/dzdkxy/index.htm/
2025-11-15 13:01:58,755 - INFO - Empty teacher folder: D:\project08\MCP_AI\data\schoolTeachers\36_国防科技大学\信息通信学院 for university 国防科技大学 college 信息通信学院 URL https://www.nudt.edu.cn/yssz/xxtxxy/index.htm/
2025-11-15 13:01:59,633 - INFO - Empty teacher folder: D:\project08\MCP_AI\data\schoolTeachers\36_国防科技大学\军政基础教育学院 for university 国防科技大学 college 军政基础教育学院 URL https://www.nudt.edu.cn/yssz/jzjcjyxy/index.htm/
2025-11-15 13:02:01,859 - INFO - Empty teacher folder: D:\project08\MCP_AI\data\schoolTeachers\36_国防科技大学\第六十三研究所 for university 国防科技大学 college 第六十三研究所 URL https://www.nudt.edu.cn/yssz/dlssyjs/index.htm/
2025-11-15 13:02:02,999 - INFO - Empty teacher folder: D:\project08\MCP_AI\data\schoolTeachers\36_国防科技大学\气象海洋学院 for university 国防科技大学 college 气象海洋学院 URL https://www.nudt.edu.cn/yssz/qxhyxy/index.htm/
2025-11-15 13:12:00,623 - INFO - Empty teacher folder: D:\project08\MCP_AI\data\schoolTeachers\37_东北大学\秦皇岛分校 for university 东北大学 college 秦皇岛分校 URL http://www.neuq.edu.cn/
2025-11-15 13:18:14,640 - INFO - Empty teacher folder: D:\project08\MCP_AI\data\schoolTeachers\38_郑州大学\网络空间安全学院 for university 郑州大学 college 网络空间安全学院 URL http://softschool.zzu.edu.cn/
2025-11-15 13:23:29,965 - INFO - Empty teacher folder: D:\project08\MCP_AI\data\schoolTeachers\38_郑州大学\水利与交通学院 for university 郑州大学 college 水利与交通学院 URL http://www5.zzu.edu.cn/slyhj/
2025-11-15 13:40:12,944 - INFO - Empty teacher folder: D:\project08\MCP_AI\data\schoolTeachers\38_郑州大学\基础医学院 for university 郑州大学 college 基础医学院 URL http://www5.zzu.edu.cn/jcyxy/
2025-11-15 13:40:42,477 - INFO - Empty teacher folder: D:\project08\MCP_AI\data\schoolTeachers\38_郑州大学\临床技能中心 for university 郑州大学 college 临床技能中心 URL http://www7.zzu.edu.cn/jnzx/
2025-11-15 13:41:51,398 - INFO - Empty teacher folder: D:\project08\MCP_AI\data\schoolTeachers\38_郑州大学\第一附属医院 for university 郑州大学 college 第一附属医院 URL https://www.zdyfy.com/
2025-11-15 13:46:15,175 - INFO - Empty teacher folder: D:\project08\MCP_AI\data\schoolTeachers\38_郑州大学\第三附属医院 for university 郑州大学 college 第三附属医院 URL https://www.zdsfy.net/
2025-11-15 13:50:11,519 - INFO - Empty teacher folder: D:\project08\MCP_AI\data\schoolTeachers\38_郑州大学\药学院、药物研究院、药物安全性评价研究中心 for university 郑州大学 college 药学院、药物研究院、药物安全性评价研究中心 URL http://www5.zzu.edu.cn/yxy/
2025-11-15 13:56:50,527 - INFO - Empty teacher folder: D:\project08\MCP_AI\data\schoolTeachers\38_郑州大学\省医临床医学院 for university 郑州大学 college 省医临床医学院 URL https://www7.zzu.edu.cn/sylcyxy/
2025-11-15 13:58:56,420 - INFO - Empty teacher folder: D:\project08\MCP_AI\data\schoolTeachers\38_郑州大学\附属郑州中心医院 for university 郑州大学 college 附属郑州中心医院 URL http://www.zzszxyy.com/
2025-11-15 14:01:21,114 - INFO - Empty teacher folder: D:\project08\MCP_AI\data\schoolTeachers\38_郑州大学\华中阜外医院 for university 郑州大学 college 华中阜外医院 URL http://www.fwhzxxgbyy.com/
2025-11-15 14:09:17,010 - INFO - Empty teacher folder: D:\project08\MCP_AI\data\schoolTeachers\38_郑州大学\文学院 for university 郑州大学 college 文学院 URL http://www5.zzu.edu.cn/arts/
2025-11-15 14:17:37,921 - INFO - Empty teacher folder: D:\project08\MCP_AI\data\schoolTeachers\38_郑州大学\外国语与国际关系学院 for university 郑州大学 college 外国语与国际关系学院 URL http://www5.zzu.edu.cn/fld/
2025-11-15 14:23:25,654 - INFO - Empty teacher folder: D:\project08\MCP_AI\data\schoolTeachers\38_郑州大学\考古与文化遗产学院(中原历史与文化研究院) for university 郑州大学 college 考古与文化遗产学院(中原历史与文化研究院) URL http://www7.zzu.edu.cn/kgxy/
2025-11-15 14:27:00,289 - INFO - Empty teacher folder: D:\project08\MCP_AI\data\schoolTeachers\38_郑州大学\美术学院 for university 郑州大学 college 美术学院 URL http://www5.zzu.edu.cn/art/
2025-11-15 14:33:10,971 - INFO - Empty teacher folder: D:\project08\MCP_AI\data\schoolTeachers\38_郑州大学\马克思主义学院 for university 郑州大学 college 马克思主义学院 URL http://www5.zzu.edu.cn/mkszy/
2025-11-15 14:34:18,949 - INFO - Empty teacher folder: D:\project08\MCP_AI\data\schoolTeachers\38_郑州大学\体育学院（校本部） for university 郑州大学 college 体育学院（校本部） URL http://www5.zzu.edu.cn/tyx/
2025-11-15 14:35:46,672 - INFO - Empty teacher folder: D:\project08\MCP_AI\data\schoolTeachers\38_郑州大学\第三临床医学院（儿科医学院） for university 郑州大学 college 第三临床医学院（儿科医学院） URL https://www.zzu.edu.cn/
2025-11-15 14:40:01,162 - INFO - Empty teacher folder: D:\project08\MCP_AI\data\schoolTeachers\38_郑州大学\附属胸科医院 for university 郑州大学 college 附属胸科医院 URL https://www.zzu.edu.cn/
2025-11-15 14:40:32,317 - INFO - Empty teacher folder: D:\project08\MCP_AI\data\schoolTeachers\38_郑州大学\附属传染病医院 for university 郑州大学 college 附属传染病医院 URL https://www.zzu.edu.cn/
2025-11-15 14:40:39,841 - INFO - Empty teacher folder: D:\project08\MCP_AI\data\schoolTeachers\38_郑州大学\实验动物中心 for university 郑州大学 college 实验动物中心 URL https://www.zzu.edu.cn/
2025-11-15 15:05:57,488 - INFO - Empty teacher folder: D:\project08\MCP_AI\data\schoolTeachers\39_湖南大学\机械与运载工程学院 for university 湖南大学 college 机械与运载工程学院 URL http://mve.hnu.edu.cn/
2025-11-15 15:15:23,309 - INFO - Empty teacher folder: D:\project08\MCP_AI\data\schoolTeachers\39_湖南大学\信息科学与工程学院 for university 湖南大学 college 信息科学与工程学院 URL http://csee.hnu.edu.cn/
2025-11-15 15:16:32,651 - INFO - Empty teacher folder: D:\project08\MCP_AI\data\schoolTeachers\39_湖南大学\工商管理学院 for university 湖南大学 college 工商管理学院 URL http://ibschool.hnu.edu.cn/
2025-11-15 15:22:09,821 - INFO - Empty teacher folder: D:\project08\MCP_AI\data\schoolTeachers\39_湖南大学\机器人视觉感知与控制技术国家工程研究中心 for university 湖南大学 college 机器人视觉感知与控制技术国家工程研究中心 URL http://robot.hnu.edu.cn/
2025-11-15 15:59:41,633 - INFO - Empty teacher folder: D:\project08\MCP_AI\data\schoolTeachers\41_西北农林科技大学\水土保持科学与工程学院（水土保持研究所） for university 西北农林科技大学 college 水土保持科学与工程学院（水土保持研究所） URL https://iswc.cas.cn/
2025-11-15 16:09:32,443 - INFO - Empty teacher folder: D:\project08\MCP_AI\data\schoolTeachers\41_西北农林科技大学\水利与建筑工程学院(水利水电科学研究院） for university 西北农林科技大学 college 水利与建筑工程学院(水利水电科学研究院） URL http://sjxy.nwafu.edu.cn/
2025-11-15 16:09:59,833 - INFO - Empty teacher folder: D:\project08\MCP_AI\data\schoolTeachers\41_西北农林科技大学\信息工程学院 for university 西北农林科技大学 college 信息工程学院 URL http://cie.nwafu.edu.cn/
2025-11-15 16:11:45,078 - INFO - Empty teacher folder: D:\project08\MCP_AI\data\schoolTeachers\41_西北农林科技大学\创新实验学院 for university 西北农林科技大学 college 创新实验学院 URL http://cxsy.nwsuaf.edu.cn/
2025-11-15 16:29:06,194 - INFO - Empty teacher folder: D:\project08\MCP_AI\data\schoolTeachers\42_新疆大学\政治与公共管理学院（国家安全学院） for university 新疆大学 college 政治与公共管理学院（国家安全学院） URL http://sppa.xju.edu.cn/
2025-11-15 16:29:31,771 - INFO - Empty teacher folder: D:\project08\MCP_AI\data\schoolTeachers\42_新疆大学\国际文化交流学院 for university 新疆大学 college 国际文化交流学院 URL http://gjjl.xju.edu.cn/
2025-11-15 16:30:16,224 - INFO - Empty teacher folder: D:\project08\MCP_AI\data\schoolTeachers\42_新疆大学\生命科学与技术学院 for university 新疆大学 college 生命科学与技术学院 URL http://sky.xju.edu.cn/
2025-11-15 16:36:45,606 - INFO - Empty teacher folder: D:\project08\MCP_AI\data\schoolTeachers\42_新疆大学\外国语学院 for university 新疆大学 college 外国语学院 URL http://wgy.xju.edu.cn/
2025-11-15 16:37:32,190 - INFO - Empty teacher folder: D:\project08\MCP_AI\data\schoolTeachers\42_新疆大学\机械工程学院（智能制造现代产业学院） for university 新疆大学 college 机械工程学院（智能制造现代产业学院） URL http://jxxy.xju.edu.cn/
2025-11-15 16:40:26,718 - INFO - Empty teacher folder: D:\project08\MCP_AI\data\schoolTeachers\42_新疆大学\马克思主义学院（铸牢中华民族共同体意识研究基地、哲学研究所） for university 新疆大学 college 马克思主义学院（铸牢中华民族共同体意识研究基地、哲学研究所） URL http://mks.xju.edu.cn/
2025-11-15 16:44:00,909 - INFO - Empty teacher folder: D:\project08\MCP_AI\data\schoolTeachers\42_新疆大学\软件学院 for university 新疆大学 college 软件学院 URL http://ss.xju.edu.cn/
2025-11-15 16:47:36,009 - INFO - Empty teacher folder: D:\project08\MCP_AI\data\schoolTeachers\42_新疆大学\纺织与服装学院 for university 新疆大学 college 纺织与服装学院 URL http://ffxy.xju.edu.cn/
2025-11-15 16:48:14,684 - INFO - Empty teacher folder: D:\project08\MCP_AI\data\schoolTeachers\42_新疆大学\法学院（新疆党内法规研究中心） for university 新疆大学 college 法学院（新疆党内法规研究中心） URL http://fxy.xju.edu.cn/
2025-11-15 16:50:52,214 - INFO - Empty teacher folder: D:\project08\MCP_AI\data\schoolTeachers\42_新疆大学\商学院 for university 新疆大学 college 商学院 URL http://business.xju.edu.cn/
2025-11-15 16:52:01,865 - INFO - Empty teacher folder: D:\project08\MCP_AI\data\schoolTeachers\42_新疆大学\继续教育学院 for university 新疆大学 college 继续教育学院 URL https://cee.xju.edu.cn/
2025-11-15 16:54:23,835 - INFO - Empty teacher folder: D:\project08\MCP_AI\data\schoolTeachers\42_新疆大学\体育教学研究部 for university 新疆大学 college 体育教学研究部 URL http://tyb.xju.edu.cn/
2025-11-15 16:56:02,961 - INFO - Empty teacher folder: D:\project08\MCP_AI\data\schoolTeachers\42_新疆大学\旅游学院 for university 新疆大学 college 旅游学院 URL http://lvxy.xju.edu.cn/
2025-11-15 17:06:53,222 - INFO - Empty teacher folder: D:\project08\MCP_AI\data\schoolTeachers\43_北京交通大学\语言与传播学院 for university 北京交通大学 college 语言与传播学院 URL http://yyxy.bjtu.edu.cn/
2025-11-15 17:07:47,489 - INFO - Empty teacher folder: D:\project08\MCP_AI\data\schoolTeachers\43_北京交通大学\国家卓越工程师学院 for university 北京交通大学 college 国家卓越工程师学院 URL https://nse.bjtu.edu.cn/
2025-11-15 17:08:15,563 - INFO - Empty teacher folder: D:\project08\MCP_AI\data\schoolTeachers\43_北京交通大学\计算机科学与技术学院 for university 北京交通大学 college 计算机科学与技术学院 URL http://cs.bjtu.edu.cn/
2025-11-15 17:10:18,181 - INFO - Empty teacher folder: D:\project08\MCP_AI\data\schoolTeachers\43_北京交通大学\詹天佑学院（智慧交通未来技术学院） for university 北京交通大学 college 詹天佑学院（智慧交通未来技术学院） URL http://zhantianyou.bjtu.edu.cn/
2025-11-15 17:10:32,383 - INFO - Empty teacher folder: D:\project08\MCP_AI\data\schoolTeachers\43_北京交通大学\自动化与智能学院 for university 北京交通大学 college 自动化与智能学院 URL http://ai.bjtu.edu.cn/
2025-11-15 17:12:04,239 - INFO - Empty teacher folder: D:\project08\MCP_AI\data\schoolTeachers\43_北京交通大学\网络空间安全学院（国家保密学院） for university 北京交通大学 college 网络空间安全学院（国家保密学院） URL https://cst.bjtu.edu.cn/
2025-11-15 17:14:20,775 - INFO - Empty teacher folder: D:\project08\MCP_AI\data\schoolTeachers\43_北京交通大学\建筑与艺术学院 for university 北京交通大学 college 建筑与艺术学院 URL http://saad.bjtu.edu.cn/
2025-11-15 17:14:58,527 - INFO - Empty teacher folder: D:\project08\MCP_AI\data\schoolTeachers\43_北京交通大学\电子信息工程学院 for university 北京交通大学 college 电子信息工程学院 URL http://eie.bjtu.edu.cn/
2025-11-15 17:28:13,778 - INFO - Empty teacher folder: D:\project08\MCP_AI\data\schoolTeachers\44_北京工业大学\继续教育学院 for university 北京工业大学 college 继续教育学院 URL https://jxjy.bjut.edu.cn/
2025-11-15 17:28:36,829 - INFO - Empty teacher folder: D:\project08\MCP_AI\data\schoolTeachers\44_北京工业大学\体育部 for university 北京工业大学 college 体育部 URL https://tyb.bjut.edu.cn/
2025-11-15 17:35:32,546 - INFO - Empty teacher folder: D:\project08\MCP_AI\data\schoolTeachers\44_北京工业大学\创新创业学院 for university 北京工业大学 college 创新创业学院 URL https://cie.bjut.edu.cn/
2025-11-15 17:53:33,176 - INFO - Empty teacher folder: D:\project08\MCP_AI\data\schoolTeachers\45_北京科技大学\高等工程师学院（卓越工程师学院） for university 北京科技大学 college 高等工程师学院（卓越工程师学院） URL https://gcsxy.ustb.edu.cn/
2025-11-15 17:54:43,151 - INFO - Empty teacher folder: D:\project08\MCP_AI\data\schoolTeachers\45_北京科技大学\高精尖学院 for university 北京科技大学 college 高精尖学院 URL https://bjmge.ustb.edu.cn/
2025-11-15 17:54:48,483 - INFO - Empty teacher folder: D:\project08\MCP_AI\data\schoolTeachers\45_北京科技大学\创新创业学院 for university 北京科技大学 college 创新创业学院 URL https://cy.ustb.edu.cn/
2025-11-15 17:55:07,710 - INFO - Empty teacher folder: D:\project08\MCP_AI\data\schoolTeachers\45_北京科技大学\外国语学院 for university 北京科技大学 college 外国语学院 URL http://sfs.ustb.edu.cn/
2025-11-15 18:01:36,509 - INFO - Empty teacher folder: D:\project08\MCP_AI\data\schoolTeachers\45_北京科技大学\管庄校区 for university 北京科技大学 college 管庄校区 URL http://gc.ustb.edu.cn/
2025-11-15 18:06:06,297 - INFO - Empty teacher folder: D:\project08\MCP_AI\data\schoolTeachers\45_北京科技大学\现代农学院 for university 北京科技大学 college 现代农学院 URL https://nongye.ustb.edu.cn/
2025-11-15 18:20:48,843 - INFO - Empty teacher folder: D:\project08\MCP_AI\data\schoolTeachers\46_北京化工大学\继续教育学院 for university 北京化工大学 college 继续教育学院 URL https://cel.buct.edu.cn/
2025-11-15 18:23:53,634 - INFO - Empty teacher folder: D:\project08\MCP_AI\data\schoolTeachers\46_北京化工大学\巴黎居里工程师学院 for university 北京化工大学 college 巴黎居里工程师学院 URL https://engineer.buct.edu.cn/
2025-11-15 18:25:07,539 - INFO - Empty teacher folder: D:\project08\MCP_AI\data\schoolTeachers\46_北京化工大学\侯德榜工程师学院 for university 北京化工大学 college 侯德榜工程师学院 URL https://gcsxy.buct.edu.cn/
2025-11-15 18:46:50,731 - INFO - Empty teacher folder: D:\project08\MCP_AI\data\schoolTeachers\47_北京邮电大学\智能工程与自动化学院 for university 北京邮电大学 college 智能工程与自动化学院 URL https://iea.bupt.edu.cn/
2025-11-15 18:47:05,811 - INFO - Empty teacher folder: D:\project08\MCP_AI\data\schoolTeachers\47_北京邮电大学\人文学院 for university 北京邮电大学 college 人文学院 URL http://sh.bupt.edu.cn/
2025-11-15 18:47:07,684 - INFO - Empty teacher folder: D:\project08\MCP_AI\data\schoolTeachers\47_北京邮电大学\数字媒体与设计艺术学院 for university 北京邮电大学 college 数字媒体与设计艺术学院 URL https://sdmda.bupt.edu.cn/
2025-11-15 18:47:11,669 - INFO - Empty teacher folder: D:\project08\MCP_AI\data\schoolTeachers\47_北京邮电大学\国际学院 for university 北京邮电大学 college 国际学院 URL http://is.bupt.edu.cn/
2025-11-15 18:47:14,158 - INFO - Empty teacher folder: D:\project08\MCP_AI\data\schoolTeachers\47_北京邮电大学\应急管理学院 for university 北京邮电大学 college 应急管理学院 URL https://www.bupt.edu.cn/
2025-11-15 18:48:57,310 - INFO - Empty teacher folder: D:\project08\MCP_AI\data\schoolTeachers\47_北京邮电大学\国际教育中心 for university 北京邮电大学 college 国际教育中心 URL https://io.bupt.edu.cn/
2025-11-15 18:51:19,715 - INFO - Empty teacher folder: D:\project08\MCP_AI\data\schoolTeachers\47_北京邮电大学\信息与通信工程学院 for university 北京邮电大学 college 信息与通信工程学院 URL https://sice.bupt.edu.cn/
2025-11-15 18:53:46,030 - INFO - Empty teacher folder: D:\project08\MCP_AI\data\schoolTeachers\47_北京邮电大学\人工智能学院 for university 北京邮电大学 college 人工智能学院 URL https://ai.bupt.edu.cn/
2025-11-15 18:53:48,103 - INFO - Empty teacher folder: D:\project08\MCP_AI\data\schoolTeachers\47_北京邮电大学\集成电路学院 for university 北京邮电大学 college 集成电路学院 URL https://ic.bupt.edu.cn/
2025-11-15 18:53:57,918 - INFO - Empty teacher folder: D:\project08\MCP_AI\data\schoolTeachers\47_北京邮电大学\卓越工程师学院 for university 北京邮电大学 college 卓越工程师学院 URL https://gce.bupt.edu.cn/
2025-11-15 18:54:05,002 - INFO - Empty teacher folder: D:\project08\MCP_AI\data\schoolTeachers\47_北京邮电大学\马克思主义学院 for university 北京邮电大学 college 马克思主义学院 URL http://mtri.bupt.edu.cn/
2025-11-15 18:56:13,335 - INFO - Empty teacher folder: D:\project08\MCP_AI\data\schoolTeachers\47_北京邮电大学\经济管理学院 for university 北京邮电大学 college 经济管理学院 URL https://sem.bupt.edu.cn/
2025-11-15 18:56:16,200 - INFO - Empty teacher folder: D:\project08\MCP_AI\data\schoolTeachers\47_北京邮电大学\未来学院 for university 北京邮电大学 college 未来学院 URL https://www.bupt.edu.cn/
2025-11-15 19:06:29,000 - INFO - Empty teacher folder: D:\project08\MCP_AI\data\schoolTeachers\48_北京林业大学\体育教学部 for university 北京林业大学 college 体育教学部 URL http://sports.bjfu.edu.cn/
2025-11-15 19:09:40,286 - INFO - Empty teacher folder: D:\project08\MCP_AI\data\schoolTeachers\48_北京林业大学\外语学院 for university 北京林业大学 college 外语学院 URL http://waiyu.bjfu.edu.cn/
2025-11-15 19:10:27,415 - INFO - Empty teacher folder: D:\project08\MCP_AI\data\schoolTeachers\48_北京林业大学\工学院 for university 北京林业大学 college 工学院 URL http://gxy.bjfu.edu.cn/
2025-11-15 19:12:12,539 - INFO - Empty teacher folder: D:\project08\MCP_AI\data\schoolTeachers\48_北京林业大学\生态与自然保护学院 for university 北京林业大学 college 生态与自然保护学院 URL https://styzrbh.bjfu.edu.cn/
2025-11-15 19:24:46,414 - INFO - Empty teacher folder: D:\project08\MCP_AI\data\schoolTeachers\49_北京协和医学院\国家心血管病中心 for university 北京协和医学院 college 国家心血管病中心 URL https://www.fuwaihospital.org/Hospitals/Main/
2025-11-15 19:28:59,506 - INFO - Empty teacher folder: D:\project08\MCP_AI\data\schoolTeachers\49_北京协和医学院\阜外医院 for university 北京协和医学院 college 阜外医院 URL https://www.fuwaihospital.org/Hospitals/Main?type=1/
2025-11-15 19:29:46,585 - INFO - Empty teacher folder: D:\project08\MCP_AI\data\schoolTeachers\49_北京协和医学院\群医学及公共卫生学院 for university 北京协和医学院 college 群医学及公共卫生学院 URL https://spmph.pumc.edu.cn/
2025-11-15 19:31:13,398 - INFO - Empty teacher folder: D:\project08\MCP_AI\data\schoolTeachers\49_北京协和医学院\护理学院 for university 北京协和医学院 college 护理学院 URL https://nursing.pumc.edu.cn/
2025-11-15 19:34:22,855 - INFO - Empty teacher folder: D:\project08\MCP_AI\data\schoolTeachers\49_北京协和医学院\系统医学研究院 for university 北京协和医学院 college 系统医学研究院 URL http://www.ismsz.cn/
2025-11-15 19:39:50,009 - INFO - Empty teacher folder: D:\project08\MCP_AI\data\schoolTeachers\49_北京协和医学院\肿瘤医院 for university 北京协和医学院 college 肿瘤医院 URL http://www.cicams.ac.cn/
2025-11-15 22:46:28,283 - INFO - Empty teacher folder: D:\project08\MCP_AI\data\schoolTeachers\50_北京中医药大学\中医学院 for university 北京中医药大学 college 中医学院 URL http://jichu.bucm.edu.cn/
2025-11-15 22:49:13,809 - INFO - Empty teacher folder: D:\project08\MCP_AI\data\schoolTeachers\50_北京中医药大学\护理学院 for university 北京中医药大学 college 护理学院 URL http://huli.bucm.edu.cn/
2025-11-15 23:03:14,277 - INFO - Empty teacher folder: D:\project08\MCP_AI\data\schoolTeachers\51_首都师范大学\教育学院 for university 首都师范大学 college 教育学院 URL https://coe.cnu.edu.cn/
2025-11-15 23:03:53,302 - INFO - Empty teacher folder: D:\project08\MCP_AI\data\schoolTeachers\51_首都师范大学\文学院 for university 首都师范大学 college 文学院 URL http://chinese.cnu.edu.cn/
2025-11-15 23:13:16,463 - INFO - Empty teacher folder: D:\project08\MCP_AI\data\schoolTeachers\51_首都师范大学\数学科学学院 for university 首都师范大学 college 数学科学学院 URL http://math.cnu.edu.cn/
2025-11-15 23:16:27,709 - INFO - Empty teacher folder: D:\project08\MCP_AI\data\schoolTeachers\51_首都师范大学\继续教育学院 for university 首都师范大学 college 继续教育学院 URL http://jxjyxy.cnu.edu.cn/
2025-11-15 23:16:43,880 - INFO - Empty teacher folder: D:\project08\MCP_AI\data\schoolTeachers\51_首都师范大学\良乡校区基础学部 for university 首都师范大学 college 良乡校区基础学部 URL http://lxxqjcxb.cnu.edu.cn/
2025-11-15 23:17:06,247 - INFO - Empty teacher folder: D:\project08\MCP_AI\data\schoolTeachers\51_首都师范大学\资源环境与旅游学院 for university 首都师范大学 college 资源环境与旅游学院 URL http://cret.cnu.edu.cn/
2025-11-15 23:18:38,842 - INFO - Empty teacher folder: D:\project08\MCP_AI\data\schoolTeachers\51_首都师范大学\京疆学院 for university 首都师范大学 college 京疆学院 URL http://jjxy.cnu.edu.cn/
2025-11-15 23:20:28,024 - INFO - Empty teacher folder: D:\project08\MCP_AI\data\schoolTeachers\51_首都师范大学\中国书法文化研究院 for university 首都师范大学 college 中国书法文化研究院 URL https://shufa.cnu.edu.cn/
2025-11-15 23:22:10,137 - INFO - Empty teacher folder: D:\project08\MCP_AI\data\schoolTeachers\51_首都师范大学\中国国学教育学院 for university 首都师范大学 college 中国国学教育学院 URL https://guoxue.cnu.edu.cn/
2025-11-15 23:24:39,746 - INFO - Empty teacher folder: D:\project08\MCP_AI\data\schoolTeachers\51_首都师范大学\燕都学院 for university 首都师范大学 college 燕都学院 URL http://ydxy.cnu.edu.cn/
2025-11-15 23:25:12,979 - INFO - Empty teacher folder: D:\project08\MCP_AI\data\schoolTeachers\51_首都师范大学\国别区域研究院 for university 首都师范大学 college 国别区域研究院 URL https://igas.cnu.edu.cn/index.htm/
2025-11-15 23:29:29,287 - INFO - Empty teacher folder: D:\project08\MCP_AI\data\schoolTeachers\52_北京外国语大学\阿拉伯学院 for university 北京外国语大学 college 阿拉伯学院 URL http://arab.bfsu.edu.cn/
2025-11-15 23:36:19,056 - INFO - Empty teacher folder: D:\project08\MCP_AI\data\schoolTeachers\52_北京外国语大学\高级翻译学院 for university 北京外国语大学 college 高级翻译学院 URL http://gsti.bfsu.edu.cn/
2025-11-15 23:47:36,185 - INFO - Empty teacher folder: D:\project08\MCP_AI\data\schoolTeachers\52_北京外国语大学\体育教研部 for university 北京外国语大学 college 体育教研部 URL https://pe.bfsu.edu.cn/
2025-11-15 23:51:03,621 - INFO - Empty teacher folder: D:\project08\MCP_AI\data\schoolTeachers\52_北京外国语大学\国家语言能力发展研究中心 for university 北京外国语大学 college 国家语言能力发展研究中心 URL http://gynf.bfsu.edu.cn/
2025-11-15 23:54:44,220 - INFO - Empty teacher folder: D:\project08\MCP_AI\data\schoolTeachers\52_北京外国语大学\王佐良外国文学高等研究院 for university 北京外国语大学 college 王佐良外国文学高等研究院 URL https://wzlgyy.bfsu.edu.cn/
2025-11-15 23:55:08,647 - INFO - Empty teacher folder: D:\project08\MCP_AI\data\schoolTeachers\52_北京外国语大学\世界亚洲研究信息中心 for university 北京外国语大学 college 世界亚洲研究信息中心 URL http://icwar.bfsu.edu.cn/
2025-11-15 23:56:53,808 - INFO - Empty teacher folder: D:\project08\MCP_AI\data\schoolTeachers\52_北京外国语大学\全国青少年法治教育中心 for university 北京外国语大学 college 全国青少年法治教育中心 URL https://qsfz.bfsu.edu.cn/
2025-11-15 23:57:19,234 - INFO - Empty teacher folder: D:\project08\MCP_AI\data\schoolTeachers\52_北京外国语大学\国家翻译能力研究中心 for university 北京外国语大学 college 国家翻译能力研究中心 URL https://rectic.bfsu.edu.cn/
2025-11-15 23:57:34,789 - INFO - Empty teacher folder: D:\project08\MCP_AI\data\schoolTeachers\52_北京外国语大学\中国外语教材研究中心 for university 北京外国语大学 college 中国外语教材研究中心 URL http://www.bfsutextbook.cn/
2025-11-15 23:58:23,221 - INFO - Empty teacher folder: D:\project08\MCP_AI\data\schoolTeachers\52_北京外国语大学\国际教育研究院 for university 北京外国语大学 college 国际教育研究院 URL https://aies.bfsu.edu.cn/
2025-11-16 00:05:34,766 - INFO - Empty teacher folder: D:\project08\MCP_AI\data\schoolTeachers\53_中国传媒大学\戏剧影视学院 for university 中国传媒大学 college 戏剧影视学院 URL https://tft.cuc.edu.cn/
2025-11-16 00:11:54,912 - INFO - Empty teacher folder: D:\project08\MCP_AI\data\schoolTeachers\53_中国传媒大学\体育部 for university 中国传媒大学 college 体育部 URL https://tiyu.cuc.edu.cn/
2025-11-16 00:16:35,008 - INFO - Empty teacher folder: D:\project08\MCP_AI\data\schoolTeachers\53_中国传媒大学\海南国际学院 for university 中国传媒大学 college 海南国际学院 URL https://hainan.cuc.edu.cn/
2025-11-16 00:17:24,827 - INFO - Empty teacher folder: D:\project08\MCP_AI\data\schoolTeachers\53_中国传媒大学\马克思主义学院 for university 中国传媒大学 college 马克思主义学院 URL https://mkszyxy.cuc.edu.cn/
2025-11-16 00:36:06,874 - INFO - Empty teacher folder: D:\project08\MCP_AI\data\schoolTeachers\54_中央财经大学\商学院 for university 中央财经大学 college 商学院 URL https://bs.cufe.edu.cn/
2025-11-16 00:48:31,439 - INFO - Empty teacher folder: D:\project08\MCP_AI\data\schoolTeachers\54_中央财经大学\马克思主义学院 for university 中央财经大学 college 马克思主义学院 URL http://marxism.cufe.edu.cn/
2025-11-16 00:55:52,152 - INFO - Empty teacher folder: D:\project08\MCP_AI\data\schoolTeachers\54_中央财经大学\国际文化交流学院 for university 中央财经大学 college 国际文化交流学院 URL http://sice.cufe.edu.cn/
2025-11-16 00:57:30,177 - INFO - Empty teacher folder: D:\project08\MCP_AI\data\schoolTeachers\54_中央财经大学\留学生工作办公室 for university 中央财经大学 college 留学生工作办公室 URL http://sice.cufe.edu.cn/
2025-11-16 01:00:00,804 - INFO - Empty teacher folder: D:\project08\MCP_AI\data\schoolTeachers\54_中央财经大学\粤港澳大湾区（黄埔）研究院 for university 中央财经大学 college 粤港澳大湾区（黄埔）研究院 URL http://gbari.cufe.edu.cn/
2025-11-16 01:07:00,921 - INFO - Empty teacher folder: D:\project08\MCP_AI\data\schoolTeachers\55_对外经济贸易大学\中国金融学院 for university 对外经济贸易大学 college 中国金融学院 URL http://sbf.uibe.edu.cn/
2025-11-16 01:08:33,408 - INFO - Empty teacher folder: D:\project08\MCP_AI\data\schoolTeachers\55_对外经济贸易大学\国际关系学院 for university 对外经济贸易大学 college 国际关系学院 URL http://sir.uibe.edu.cn/
2025-11-16 01:13:52,878 - INFO - Empty teacher folder: D:\project08\MCP_AI\data\schoolTeachers\55_对外经济贸易大学\法学院 for university 对外经济贸易大学 college 法学院 URL http://law.uibe.edu.cn/
2025-11-16 01:16:30,975 - INFO - Empty teacher folder: D:\project08\MCP_AI\data\schoolTeachers\55_对外经济贸易大学\国际学院 for university 对外经济贸易大学 college 国际学院 URL http://sie.uibe.edu.cn/
2025-11-16 01:17:29,053 - INFO - Empty teacher folder: D:\project08\MCP_AI\data\schoolTeachers\55_对外经济贸易大学\继续教育学院（高级研修学院） for university 对外经济贸易大学 college 继续教育学院（高级研修学院） URL http://www.sce.com.cn/
2025-11-16 01:19:14,860 - INFO - Empty teacher folder: D:\project08\MCP_AI\data\schoolTeachers\55_对外经济贸易大学\深圳研究院 for university 对外经济贸易大学 college 深圳研究院 URL http://szyjy.uibe.edu.cn/
2025-11-16 01:20:55,730 - INFO - Empty teacher folder: D:\project08\MCP_AI\data\schoolTeachers\55_对外经济贸易大学\国际发展合作学院 for university 对外经济贸易大学 college 国际发展合作学院 URL http://sidc.uibe.edu.cn/
2025-11-16 01:21:25,117 - INFO - Empty teacher folder: D:\project08\MCP_AI\data\schoolTeachers\55_对外经济贸易大学\青岛研究院 for university 对外经济贸易大学 college 青岛研究院 URL http://qdyjy.uibe.edu.cn/
2025-11-16 01:24:44,585 - INFO - Empty teacher folder: D:\project08\MCP_AI\data\schoolTeachers\55_对外经济贸易大学\外语学院 for university 对外经济贸易大学 college 外语学院 URL http://sfs.uibe.edu.cn/
2025-11-16 01:26:23,604 - INFO - Empty teacher folder: D:\project08\MCP_AI\data\schoolTeachers\55_对外经济贸易大学\国际中文教育（商务）实践与研究基地 for university 对外经济贸易大学 college 国际中文教育（商务）实践与研究基地 URL http://bizchinese.uibe.edu.cn/
2025-11-16 01:27:23,942 - INFO - Empty teacher folder: D:\project08\MCP_AI\data\schoolTeachers\55_对外经济贸易大学\海南研究院 for university 对外经济贸易大学 college 海南研究院 URL http://hnyjy.uibe.edu.cn/
2025-11-16 01:27:54,152 - INFO - Empty teacher folder: D:\project08\MCP_AI\data\schoolTeachers\55_对外经济贸易大学\国家对外开放研究院 for university 对外经济贸易大学 college 国家对外开放研究院 URL http://acoes.uibe.edu.cn/
2025-11-16 01:28:21,216 - INFO - Empty teacher folder: D:\project08\MCP_AI\data\schoolTeachers\55_对外经济贸易大学\涉外法治研究院 for university 对外经济贸易大学 college 涉外法治研究院 URL http://law.uibe.edu.cn/swfzyjy/
2025-11-16 01:30:07,869 - INFO - Empty teacher folder: D:\project08\MCP_AI\data\schoolTeachers\55_对外经济贸易大学\贵州研究院 for university 对外经济贸易大学 college 贵州研究院 URL http://gzyjy.uibe.edu.cn/
2025-11-16 01:39:54,117 - INFO - Empty teacher folder: D:\project08\MCP_AI\data\schoolTeachers\56_外交学院\研究生部 for university 外交学院 college 研究生部 URL https://yjsb.cfau.edu.cn/
2025-11-16 01:42:00,389 - INFO - Empty teacher folder: D:\project08\MCP_AI\data\schoolTeachers\56_外交学院\亚洲研究所(国家安全学院) for university 外交学院 college 亚洲研究所(国家安全学院) URL https://ias.cfau.edu.cn/
2025-11-16 01:42:49,091 - INFO - Empty teacher folder: D:\project08\MCP_AI\data\schoolTeachers\56_外交学院\国际教育学院 for university 外交学院 college 国际教育学院 URL https://www.cfau.edu.cn\col3837/index.htm/
2025-11-16 01:54:11,296 - INFO - Empty teacher folder: D:\project08\MCP_AI\data\schoolTeachers\58_北京体育大学\竞技体育学院 for university 北京体育大学 college 竞技体育学院 URL http://jjty.bsu.edu.cn/
2025-11-16 01:54:33,699 - INFO - Empty teacher folder: D:\project08\MCP_AI\data\schoolTeachers\58_北京体育大学\中国冰雪运动学院 for university 北京体育大学 college 中国冰雪运动学院 URL https://cwsc.bsu.edu.cn/
2025-11-16 01:56:28,440 - INFO - Empty teacher folder: D:\project08\MCP_AI\data\schoolTeachers\58_北京体育大学\心理学院 for university 北京体育大学 college 心理学院 URL http://psy.bsu.edu.cn/
2025-11-16 01:57:00,090 - INFO - Empty teacher folder: D:\project08\MCP_AI\data\schoolTeachers\58_北京体育大学\中国篮球运动学院 for university 北京体育大学 college 中国篮球运动学院 URL https://cbc.bsu.edu.cn/
2025-11-16 01:57:52,884 - INFO - Empty teacher folder: D:\project08\MCP_AI\data\schoolTeachers\58_北京体育大学\运动人体科学学院 for university 北京体育大学 college 运动人体科学学院 URL http://ssc.bsu.edu.cn/
2025-11-16 02:01:55,097 - INFO - Empty teacher folder: D:\project08\MCP_AI\data\schoolTeachers\58_北京体育大学\国际教育与交流学院 for university 北京体育大学 college 国际教育与交流学院 URL http://fld.bsu.edu.cn/
2025-11-16 02:02:37,873 - INFO - Empty teacher folder: D:\project08\MCP_AI\data\schoolTeachers\58_北京体育大学\新闻与传播学院 for university 北京体育大学 college 新闻与传播学院 URL http://cm.bsu.edu.cn/
2025-11-16 02:03:33,278 - INFO - Empty teacher folder: D:\project08\MCP_AI\data\schoolTeachers\58_北京体育大学\人文学院 for university 北京体育大学 college 人文学院 URL http://rwxy.bsu.edu.cn/
2025-11-16 02:05:00,791 - INFO - Empty teacher folder: D:\project08\MCP_AI\data\schoolTeachers\58_北京体育大学\阿尔伯塔国际休闲体育与旅游学院 for university 北京体育大学 college 阿尔伯塔国际休闲体育与旅游学院 URL https://ais.bsu.edu.cn/
2025-11-16 02:16:36,381 - INFO - Empty teacher folder: D:\project08\MCP_AI\data\schoolTeachers\59_中央音乐学院\作曲系 for university 中央音乐学院 college 作曲系 URL https://www.ccom.edu.cn\../jgk/jxdw/zqx.htm/
2025-11-16 02:16:59,580 - INFO - Empty teacher folder: D:\project08\MCP_AI\data\schoolTeachers\59_中央音乐学院\音乐学系 for university 中央音乐学院 college 音乐学系 URL https://www.ccom.edu.cn\../jgk/jxdw/ylxx.htm/
2025-11-16 02:17:17,653 - INFO - Empty teacher folder: D:\project08\MCP_AI\data\schoolTeachers\59_中央音乐学院\钢琴系 for university 中央音乐学院 college 钢琴系 URL https://www.ccom.edu.cn\../jgk/jxdw/gqx.htm/
2025-11-16 02:17:19,150 - INFO - Empty teacher folder: D:\project08\MCP_AI\data\schoolTeachers\59_中央音乐学院\指挥系 for university 中央音乐学院 college 指挥系 URL https://www.ccom.edu.cn\../jgk/jxdw/zhx.htm/
2025-11-16 02:17:21,041 - INFO - Empty teacher folder: D:\project08\MCP_AI\data\schoolTeachers\59_中央音乐学院\管弦系 for university 中央音乐学院 college 管弦系 URL https://www.ccom.edu.cn\../jgk/jxdw/gxx.htm/
2025-11-16 02:17:30,937 - INFO - Empty teacher folder: D:\project08\MCP_AI\data\schoolTeachers\59_中央音乐学院\民乐系 for university 中央音乐学院 college 民乐系 URL https://www.ccom.edu.cn\../jgk/jxdw/mlx.htm/
2025-11-16 02:17:32,055 - INFO - Empty teacher folder: D:\project08\MCP_AI\data\schoolTeachers\59_中央音乐学院\声乐歌剧系 for university 中央音乐学院 college 声乐歌剧系 URL https://www.ccom.edu.cn\../jgk/jxdw/slgjx.htm/
2025-11-16 02:17:34,261 - INFO - Empty teacher folder: D:\project08\MCP_AI\data\schoolTeachers\59_中央音乐学院\音乐教育学院 for university 中央音乐学院 college 音乐教育学院 URL https://www.ccom.edu.cn\../jgk/jxdw/yljyxy.htm/
2025-11-16 02:17:42,363 - INFO - Empty teacher folder: D:\project08\MCP_AI\data\schoolTeachers\59_中央音乐学院\提琴制作研究中心 for university 中央音乐学院 college 提琴制作研究中心 URL https://www.ccom.edu.cn\../jgk/jxdw/tqzzyjzx.htm/
2025-11-16 02:17:46,421 - INFO - Empty teacher folder: D:\project08\MCP_AI\data\schoolTeachers\59_中央音乐学院\音乐人工智能与音乐信息科技系 for university 中央音乐学院 college 音乐人工智能与音乐信息科技系 URL https://www.ccom.edu.cn\../jgk/jxdw/ylrgznyylxxkjx.htm/
2025-11-16 02:19:48,353 - INFO - Empty teacher folder: D:\project08\MCP_AI\data\schoolTeachers\59_中央音乐学院\人文学部 for university 中央音乐学院 college 人文学部 URL https://www.ccom.edu.cn\../jgk/jxdw/rwxb.htm/
2025-11-16 02:21:24,411 - INFO - Empty teacher folder: D:\project08\MCP_AI\data\schoolTeachers\59_中央音乐学院\思想政治理论课教学科研部 for university 中央音乐学院 college 思想政治理论课教学科研部 URL https://www.ccom.edu.cn\../jgk/jxdw/sxzzllkjxkyb.htm/
2025-11-16 02:21:27,853 - INFO - Empty teacher folder: D:\project08\MCP_AI\data\schoolTeachers\59_中央音乐学院\附属中等音乐学校 for university 中央音乐学院 college 附属中等音乐学校 URL https://www.ccom.edu.cn\../jgk/jxdw/fszdylxx.htm/
2025-11-16 02:21:31,695 - INFO - Empty teacher folder: D:\project08\MCP_AI\data\schoolTeachers\59_中央音乐学院\学校直属教研室 for university 中央音乐学院 college 学校直属教研室 URL https://www.ccom.edu.cn\../jgk/jxdw/xxzsjys/ylzhlljys.htm/
2025-11-16 02:50:26,565 - INFO - Empty teacher folder: D:\project08\MCP_AI\data\schoolTeachers\61_中央美术学院\中国画学院 for university 中央美术学院 college 中国画学院 URL https://www.cafa.edu.cn/sp/nljg/?j=101/
2025-11-16 02:55:42,356 - INFO - Empty teacher folder: D:\project08\MCP_AI\data\schoolTeachers\61_中央美术学院\人文学院 for university 中央美术学院 college 人文学院 URL https://www.cafa.edu.cn/sp/nljg/?j=151/
2025-11-16 03:01:19,225 - INFO - Empty teacher folder: D:\project08\MCP_AI\data\schoolTeachers\61_中央美术学院\油画系 for university 中央美术学院 college 油画系 URL https://www.cafa.edu.cn/sp/nljg/?j=111/
2025-11-16 03:09:01,405 - INFO - Empty teacher folder: D:\project08\MCP_AI\data\schoolTeachers\61_中央美术学院\艺术设计研究院 for university 中央美术学院 college 艺术设计研究院 URL https://www.cafa.edu.cn/sp/nljg/?j=304/
2025-11-16 03:09:58,335 - INFO - Empty teacher folder: D:\project08\MCP_AI\data\schoolTeachers\61_中央美术学院\修复学院 for university 中央美术学院 college 修复学院 URL https://www.cafa.edu.cn/sp/nljg/?j=175/
2025-11-16 03:13:44,436 - INFO - Empty teacher folder: D:\project08\MCP_AI\data\schoolTeachers\61_中央美术学院\视觉艺术高精尖创新中心 for university 中央美术学院 college 视觉艺术高精尖创新中心 URL https://www.cafa.edu.cn/sp/nljg/?j=305/
2025-11-16 03:18:30,787 - INFO - Empty teacher folder: D:\project08\MCP_AI\data\schoolTeachers\61_中央美术学院\国家主题性美术创作研究中心 for university 中央美术学院 college 国家主题性美术创作研究中心 URL https://www.cafa.edu.cn/sp/nljg/?j=310/
2025-11-16 03:23:16,327 - INFO - Empty teacher folder: D:\project08\MCP_AI\data\schoolTeachers\61_中央美术学院\美育研究院 for university 中央美术学院 college 美育研究院 URL https://www.cafa.edu.cn/sp/nljg/?j=314/
2025-11-16 03:27:44,055 - INFO - Empty teacher folder: D:\project08\MCP_AI\data\schoolTeachers\61_中央美术学院\中法艺术与设计管理学院 for university 中央美术学院 college 中法艺术与设计管理学院 URL https://www.cafa.edu.cn/sp/nljg/?j=172/
2025-11-16 03:28:02,938 - INFO - Empty teacher folder: D:\project08\MCP_AI\data\schoolTeachers\61_中央美术学院\中国公共艺术研究中心 for university 中央美术学院 college 中国公共艺术研究中心 URL https://www.cafa.edu.cn/sp/nljg/?j=315/
2025-11-16 03:29:20,352 - INFO - Empty teacher folder: D:\project08\MCP_AI\data\schoolTeachers\61_中央美术学院\城市设计与创新研究院（CADI） for university 中央美术学院 college 城市设计与创新研究院（CADI） URL https://www.cafa.edu.cn/sp/nljg/?j=316/
2025-11-16 03:30:15,760 - INFO - Empty teacher folder: D:\project08\MCP_AI\data\schoolTeachers\61_中央美术学院\继续教育学院 for university 中央美术学院 college 继续教育学院 URL https://www.cafa.edu.cn/sp/nljg/?j=181/
2025-11-16 03:44:07,106 - INFO - Empty teacher folder: D:\project08\MCP_AI\data\schoolTeachers\62_中央戏剧学院\表演系 for university 中央戏剧学院 college 表演系 URL https://www.chntheatre.edu.cn/cn/educationat/biaoyan.html/
2025-11-16 03:44:15,047 - INFO - Empty teacher folder: D:\project08\MCP_AI\data\schoolTeachers\62_中央戏剧学院\舞台美术系 for university 中央戏剧学院 college 舞台美术系 URL https://www.chntheatre.edu.cn/cn/educationat/wutai.html/
2025-11-16 03:44:23,655 - INFO - Empty teacher folder: D:\project08\MCP_AI\data\schoolTeachers\62_中央戏剧学院\导演系 for university 中央戏剧学院 college 导演系 URL https://www.chntheatre.edu.cn/cn/educationat/daoyan.html/
2025-11-16 03:44:33,803 - INFO - Empty teacher folder: D:\project08\MCP_AI\data\schoolTeachers\62_中央戏剧学院\戏剧文学系 for university 中央戏剧学院 college 戏剧文学系 URL https://www.chntheatre.edu.cn/cn/educationat/xiwen.html/
2025-11-16 03:44:40,016 - INFO - Empty teacher folder: D:\project08\MCP_AI\data\schoolTeachers\62_中央戏剧学院\音乐剧系 for university 中央戏剧学院 college 音乐剧系 URL https://www.chntheatre.edu.cn/cn/educationat/yinyue.html/
2025-11-16 03:44:47,585 - INFO - Empty teacher folder: D:\project08\MCP_AI\data\schoolTeachers\62_中央戏剧学院\京剧系 for university 中央戏剧学院 college 京剧系 URL https://www.chntheatre.edu.cn/cn/educationat/jingju.html/
2025-11-16 03:44:56,010 - INFO - Empty teacher folder: D:\project08\MCP_AI\data\schoolTeachers\62_中央戏剧学院\歌剧系 for university 中央戏剧学院 college 歌剧系 URL https://www.chntheatre.edu.cn/cn/educationat/geju.html/
2025-11-16 03:45:03,886 - INFO - Empty teacher folder: D:\project08\MCP_AI\data\schoolTeachers\62_中央戏剧学院\舞剧系 for university 中央戏剧学院 college 舞剧系 URL https://www.chntheatre.edu.cn/cn/educationat/wuju.html/
2025-11-16 03:46:08,959 - INFO - Empty teacher folder: D:\project08\MCP_AI\data\schoolTeachers\62_中央戏剧学院\戏剧教育系 for university 中央戏剧学院 college 戏剧教育系 URL https://www.chntheatre.edu.cn/cn/educationat/xijiao.html/
2025-11-16 03:48:34,860 - INFO - Empty teacher folder: D:\project08\MCP_AI\data\schoolTeachers\62_中央戏剧学院\电影电视系 for university 中央戏剧学院 college 电影电视系 URL https://www.chntheatre.edu.cn/cn/educationat/dianying.html/
2025-11-16 03:48:44,102 - INFO - Empty teacher folder: D:\project08\MCP_AI\data\schoolTeachers\62_中央戏剧学院\戏剧学系 for university 中央戏剧学院 college 戏剧学系 URL https://www.chntheatre.edu.cn/cn/educationat/xijuxue.html/
2025-11-16 03:48:50,344 - INFO - Empty teacher folder: D:\project08\MCP_AI\data\schoolTeachers\62_中央戏剧学院\数字戏剧系 for university 中央戏剧学院 college 数字戏剧系 URL https://www.chntheatre.edu.cn/cn/educationat/digidrama.html/
2025-11-16 03:49:06,511 - INFO - Empty teacher folder: D:\project08\MCP_AI\data\schoolTeachers\62_中央戏剧学院\人文学部 for university 中央戏剧学院 college 人文学部 URL https://www.chntheatre.edu.cn/cn/educationat/renwen.html/
2025-11-16 03:49:14,914 - INFO - Empty teacher folder: D:\project08\MCP_AI\data\schoolTeachers\62_中央戏剧学院\思想政治理论课教学研究部 for university 中央戏剧学院 college 思想政治理论课教学研究部 URL https://www.chntheatre.edu.cn/cn/educationat/sixiang.html/
2025-11-16 03:55:14,935 - INFO - Empty teacher folder: D:\project08\MCP_AI\data\schoolTeachers\63_中国政法大学\继续教育学院 for university 中国政法大学 college 继续教育学院 URL https://fdjxjy.cupl.edu.cn/
2025-11-16 03:55:30,223 - INFO - Empty teacher folder: D:\project08\MCP_AI\data\schoolTeachers\63_中国政法大学\商学院 for university 中国政法大学 college 商学院 URL https://sxy.cupl.edu.cn/
2025-11-16 03:56:09,557 - INFO - Empty teacher folder: D:\project08\MCP_AI\data\schoolTeachers\63_中国政法大学\外国语学院 for university 中国政法大学 college 外国语学院 URL https://wgyxy.cupl.edu.cn/
2025-11-16 03:58:45,740 - INFO - Empty teacher folder: D:\project08\MCP_AI\data\schoolTeachers\63_中国政法大学\国际教育学院 for university 中国政法大学 college 国际教育学院 URL https://sis.cupl.edu.cn/
2025-11-16 04:19:45,593 - INFO - Empty teacher folder: D:\project08\MCP_AI\data\schoolTeachers\63_中国政法大学\数据法治实验室（数据法治研究院） for university 中国政法大学 college 数据法治实验室（数据法治研究院） URL https://sjfzyjy.cupl.edu.cn/
2025-11-16 04:23:21,892 - INFO - Empty teacher folder: D:\project08\MCP_AI\data\schoolTeachers\64_天津工业大学\博雅书院 for university 天津工业大学 college 博雅书院 URL https://boya.tiangong.edu.cn/
2025-11-16 04:29:49,889 - INFO - Empty teacher folder: D:\project08\MCP_AI\data\schoolTeachers\64_天津工业大学\化学工程与技术学院 for university 天津工业大学 college 化学工程与技术学院 URL https://hg.tiangong.edu.cn/
2025-11-16 04:40:04,836 - INFO - Empty teacher folder: D:\project08\MCP_AI\data\schoolTeachers\64_天津工业大学\继续教育学院 for university 天津工业大学 college 继续教育学院 URL https://jxjy.tiangong.edu.cn/
2025-11-16 04:50:36,911 - INFO - Empty teacher folder: D:\project08\MCP_AI\data\schoolTeachers\65_天津医科大学\基础医学院 for university 天津医科大学 college 基础医学院 URL http://bms.tmu.edu.cn/
2025-11-16 04:52:49,347 - INFO - Empty teacher folder: D:\project08\MCP_AI\data\schoolTeachers\65_天津医科大学\医学技术学院 for university 天津医科大学 college 医学技术学院 URL http://www.tmu.edu.cn/yxjsxy/
2025-11-16 04:54:32,648 - INFO - Empty teacher folder: D:\project08\MCP_AI\data\schoolTeachers\65_天津医科大学\口腔医学院 for university 天津医科大学 college 口腔医学院 URL http://dentistry.tmu.edu.cn/
2025-11-16 04:54:37,271 - INFO - Empty teacher folder: D:\project08\MCP_AI\data\schoolTeachers\65_天津医科大学\眼视光学院 for university 天津医科大学 college 眼视光学院 URL http://www.tmu.edu.cn/ysgxy/
2025-11-16 04:54:54,223 - INFO - Empty teacher folder: D:\project08\MCP_AI\data\schoolTeachers\65_天津医科大学\继续教育学院 for university 天津医科大学 college 继续教育学院 URL http://www.tmu.edu.cn/jxjyxy/
2025-11-16 04:57:57,811 - INFO - Empty teacher folder: D:\project08\MCP_AI\data\schoolTeachers\65_天津医科大学\护理学院 for university 天津医科大学 college 护理学院 URL http://www.tmu.edu.cn/hlxy/
2025-11-16 04:58:44,163 - INFO - Empty teacher folder: D:\project08\MCP_AI\data\schoolTeachers\65_天津医科大学\实验动物科学部 for university 天津医科大学 college 实验动物科学部 URL http://www.tmu.edu.cn/sydwkxb/
2025-11-16 04:59:52,216 - INFO - Empty teacher folder: D:\project08\MCP_AI\data\schoolTeachers\65_天津医科大学\基础医学实验教学中心 for university 天津医科大学 college 基础医学实验教学中心 URL http://www.tmu.edu.cn/jcsfzx/
2025-11-16 05:00:20,340 - INFO - Empty teacher folder: D:\project08\MCP_AI\data\schoolTeachers\65_天津医科大学\护理学实验教学中心 for university 天津医科大学 college 护理学实验教学中心 URL http://www.tmu.edu.cn/hlsfzx/
2025-11-16 05:00:43,432 - INFO - Empty teacher folder: D:\project08\MCP_AI\data\schoolTeachers\65_天津医科大学\第二临床医学院 for university 天津医科大学 college 第二临床医学院 URL http://www.tjmush.com.cn/
2025-11-16 05:01:24,133 - INFO - Empty teacher folder: D:\project08\MCP_AI\data\schoolTeachers\65_天津医科大学\第一临床医学院 for university 天津医科大学 college 第一临床医学院 URL http://www.tjmugh.com.cn/
2025-11-16 05:01:33,575 - INFO - Empty teacher folder: D:\project08\MCP_AI\data\schoolTeachers\65_天津医科大学\药学院 for university 天津医科大学 college 药学院 URL http://www.tmu.edu.cn/yxy/
2025-11-16 05:05:59,001 - INFO - Empty teacher folder: D:\project08\MCP_AI\data\schoolTeachers\66_天津中医药大学\中药学院 for university 天津中医药大学 college 中药学院 URL http://zhongyao.tjutcm.edu.cn/
2025-11-16 05:06:02,266 - INFO - Empty teacher folder: D:\project08\MCP_AI\data\schoolTeachers\66_天津中医药大学\中医学院 for university 天津中医药大学 college 中医学院 URL http://zhongyi.tjutcm.edu.cn/
2025-11-16 05:06:03,036 - INFO - Empty teacher folder: D:\project08\MCP_AI\data\schoolTeachers\66_天津中医药大学\针灸推拿学院 for university 天津中医药大学 college 针灸推拿学院 URL http://zhenjiu.tjutcm.edu.cn/
2025-11-16 05:06:05,018 - INFO - Empty teacher folder: D:\project08\MCP_AI\data\schoolTeachers\66_天津中医药大学\中西医结合学院（临床医学院） for university 天津中医药大学 college 中西医结合学院（临床医学院） URL http://zxy.tjutcm.edu.cn/
2025-11-16 05:06:07,482 - INFO - Empty teacher folder: D:\project08\MCP_AI\data\schoolTeachers\66_天津中医药大学\护理学院 for university 天津中医药大学 college 护理学院 URL http://huli.tjutcm.edu.cn/
2025-11-16 05:06:09,606 - INFO - Empty teacher folder: D:\project08\MCP_AI\data\schoolTeachers\66_天津中医药大学\中药制药工程学院 for university 天津中医药大学 college 中药制药工程学院 URL http://zygc.tjutcm.edu.cn/
2025-11-16 05:06:10,439 - INFO - Empty teacher folder: D:\project08\MCP_AI\data\schoolTeachers\66_天津中医药大学\管理学院 for university 天津中医药大学 college 管理学院 URL http://guanli.tjutcm.edu.cn/
2025-11-16 05:06:13,615 - INFO - Empty teacher folder: D:\project08\MCP_AI\data\schoolTeachers\66_天津中医药大学\公共卫生与健康科学学院 for university 天津中医药大学 college 公共卫生与健康科学学院 URL http://gongcheng.tjutcm.edu.cn/
2025-11-16 05:06:17,842 - INFO - Empty teacher folder: D:\project08\MCP_AI\data\schoolTeachers\66_天津中医药大学\文化与健康传播学院 for university 天津中医药大学 college 文化与健康传播学院 URL http://yuyanwenhua.tjutcm.edu.cn/
2025-11-16 05:06:18,281 - INFO - Empty teacher folder: D:\project08\MCP_AI\data\schoolTeachers\66_天津中医药大学\医学技术学院 for university 天津中医药大学 college 医学技术学院 URL https://yxjsxy.tjutcm.edu.cn/
2025-11-16 05:08:27,967 - INFO - Empty teacher folder: D:\project08\MCP_AI\data\schoolTeachers\66_天津中医药大学\马克思主义学院 for university 天津中医药大学 college 马克思主义学院 URL http://marxism.tjutcm.edu.cn/
2025-11-16 05:08:30,335 - INFO - Empty teacher folder: D:\project08\MCP_AI\data\schoolTeachers\66_天津中医药大学\体育健康学院 for university 天津中医药大学 college 体育健康学院 URL http://tiyu.tjutcm.edu.cn/
2025-11-16 05:08:33,389 - INFO - Empty teacher folder: D:\project08\MCP_AI\data\schoolTeachers\66_天津中医药大学\研究生院（党委研究生工作部） for university 天津中医药大学 college 研究生院（党委研究生工作部） URL http://yjsy.tjutcm.edu.cn/
2025-11-16 05:08:34,832 - INFO - Empty teacher folder: D:\project08\MCP_AI\data\schoolTeachers\66_天津中医药大学\国际教育学院（国际交流与合作处） for university 天津中医药大学 college 国际教育学院（国际交流与合作处） URL http://iec.tjutcm.edu.cn/?wbtreeid=1001&citycode=54527&citysign=0/
2025-11-16 05:08:36,124 - INFO - Empty teacher folder: D:\project08\MCP_AI\data\schoolTeachers\66_天津中医药大学\继续教育学院 for university 天津中医药大学 college 继续教育学院 URL http://jixu.tjutcm.edu.cn/
2025-11-16 05:20:19,641 - INFO - Empty teacher folder: D:\project08\MCP_AI\data\schoolTeachers\67_华北电力大学\国家卓越工程师学院 for university 华北电力大学 college 国家卓越工程师学院 URL https://ngce.ncepu.edu.cn/
2025-11-16 05:21:44,789 - INFO - Empty teacher folder: D:\project08\MCP_AI\data\schoolTeachers\67_华北电力大学\体育教学部 for university 华北电力大学 college 体育教学部 URL https://ty.ncepu.edu.cn/
2025-11-16 05:24:39,214 - INFO - Empty teacher folder: D:\project08\MCP_AI\data\schoolTeachers\67_华北电力大学\怀柔实验室学院 for university 华北电力大学 college 怀柔实验室学院 URL https://www.ncepu.edu.cn/zzjg/xyb/hrsysxy/
2025-11-16 05:25:09,581 - INFO - Empty teacher folder: D:\project08\MCP_AI\data\schoolTeachers\67_华北电力大学\国际教育学院 for university 华北电力大学 college 国际教育学院 URL https://iei.ncepu.edu.cn/
2025-11-16 05:38:51,471 - INFO - Empty teacher folder: D:\project08\MCP_AI\data\schoolTeachers\68_河北工业大学\建筑与艺术设计学院 for university 河北工业大学 college 建筑与艺术设计学院 URL http://jzyyssjxy.hebut.edu.cn/
2025-11-16 05:43:07,033 - INFO - Empty teacher folder: D:\project08\MCP_AI\data\schoolTeachers\68_河北工业大学\外国语学院 for university 河北工业大学 college 外国语学院 URL http://sfl.hebut.edu.cn/
2025-11-16 05:48:48,940 - INFO - Empty teacher folder: D:\project08\MCP_AI\data\schoolTeachers\68_河北工业大学\河北工业大学亚利桑那工业学院 for university 河北工业大学 college 河北工业大学亚利桑那工业学院 URL https://hatech.hebut.edu.cn/
2025-11-16 05:49:29,583 - INFO - Empty teacher folder: D:\project08\MCP_AI\data\schoolTeachers\68_河北工业大学\体育部 for university 河北工业大学 college 体育部 URL http://ty.hebut.edu.cn/
2025-11-16 05:50:12,243 - INFO - Empty teacher folder: D:\project08\MCP_AI\data\schoolTeachers\68_河北工业大学\继续教育学院 for university 河北工业大学 college 继续教育学院 URL http://chengjiao.hebut.edu.cn/
2025-11-16 05:50:37,062 - INFO - Empty teacher folder: D:\project08\MCP_AI\data\schoolTeachers\68_河北工业大学\国际现代商贸物流学院_廊坊分校 for university 河北工业大学 college 国际现代商贸物流学院/廊坊分校 URL http://lf.hebut.edu.cn/
2025-11-16 06:15:14,373 - INFO - Empty teacher folder: D:\project08\MCP_AI\data\schoolTeachers\69_太原理工大学\继续教育学院 for university 太原理工大学 college 继续教育学院 URL http://jxjyxy.tyut.edu.cn/
2025-11-16 06:36:04,956 - INFO - Empty teacher folder: D:\project08\MCP_AI\data\schoolTeachers\70_内蒙古大学\纪检监察学院（监察官培训学院） for university 内蒙古大学 college 纪检监察学院（监察官培训学院） URL https://jcgpxxy.imu.edu.cn/
2025-11-16 06:52:29,021 - INFO - Empty teacher folder: D:\project08\MCP_AI\data\schoolTeachers\70_内蒙古大学\求真学院（创新创业学院） for university 内蒙古大学 college 求真学院（创新创业学院） URL https://qiuzhen.imu.edu.cn/
2025-11-16 06:54:36,996 - INFO - Empty teacher folder: D:\project08\MCP_AI\data\schoolTeachers\70_内蒙古大学\继续教育学院 for university 内蒙古大学 college 继续教育学院 URL http://jxjy.imu.edu.cn/
2025-11-16 06:55:13,314 - INFO - Empty teacher folder: D:\project08\MCP_AI\data\schoolTeachers\70_内蒙古大学\国际教育学院 for university 内蒙古大学 college 国际教育学院 URL http://iec.imu.edu.cn/
2025-11-16 06:58:22,990 - INFO - Empty teacher folder: D:\project08\MCP_AI\data\schoolTeachers\70_内蒙古大学\满洲里学院 for university 内蒙古大学 college 满洲里学院 URL http://www.mzlxy.cn/
2025-11-16 07:08:07,857 - INFO - Empty teacher folder: D:\project08\MCP_AI\data\schoolTeachers\71_辽宁大学\外国语学院武圣校区 for university 辽宁大学 college 外国语学院武圣校区 URL http://cfsly.lnu.edu.cn/
2025-11-16 07:12:53,740 - INFO - Empty teacher folder: D:\project08\MCP_AI\data\schoolTeachers\71_辽宁大学\国际经济政治学院 for university 辽宁大学 college 国际经济政治学院 URL http://gjgx.lnu.edu.cn/
2025-11-16 07:15:18,182 - INFO - Empty teacher folder: D:\project08\MCP_AI\data\schoolTeachers\71_辽宁大学\外国语学院 for university 辽宁大学 college 外国语学院 URL http://cfs.lnu.edu.cn/
2025-11-16 07:18:06,927 - INFO - Empty teacher folder: D:\project08\MCP_AI\data\schoolTeachers\71_辽宁大学\广播影视学院 for university 辽宁大学 college 广播影视学院 URL http://gd.lnu.edu.cn/
2025-11-16 07:21:16,636 - INFO - Empty teacher folder: D:\project08\MCP_AI\data\schoolTeachers\71_辽宁大学\国际教育学院 for university 辽宁大学 college 国际教育学院 URL http://ie.lnu.edu.cn/
2025-11-16 07:27:50,064 - INFO - Empty teacher folder: D:\project08\MCP_AI\data\schoolTeachers\71_辽宁大学\艺术学院 for university 辽宁大学 college 艺术学院 URL http://ysxy.lnu.edu.cn/
2025-11-16 07:36:48,721 - INFO - Empty teacher folder: D:\project08\MCP_AI\data\schoolTeachers\71_辽宁大学\体育教研部 for university 辽宁大学 college 体育教研部 URL http://tiyu.lnu.edu.cn/
2025-11-16 07:38:34,997 - INFO - Empty teacher folder: D:\project08\MCP_AI\data\schoolTeachers\71_辽宁大学\新闻与传播学院 for university 辽宁大学 college 新闻与传播学院 URL http://xwycb.lnu.edu.cn/
2025-11-16 07:54:17,590 - INFO - Empty teacher folder: D:\project08\MCP_AI\data\schoolTeachers\72_大连海事大学\继续教育学院 for university 大连海事大学 college 继续教育学院 URL http://dlmucec.dlmu.edu.cn/
2025-11-16 07:54:30,532 - INFO - Empty teacher folder: D:\project08\MCP_AI\data\schoolTeachers\72_大连海事大学\理学院 for university 大连海事大学 college 理学院 URL http://science.dlmu.edu.cn/
2025-11-16 07:57:27,949 - INFO - Empty teacher folder: D:\project08\MCP_AI\data\schoolTeachers\72_大连海事大学\水路交通控制全国重点实验室 for university 大连海事大学 college 水路交通控制全国重点实验室 URL https://sklmts.dlmu.edu.cn/
2025-11-16 08:15:18,225 - INFO - Empty teacher folder: D:\project08\MCP_AI\data\schoolTeachers\73_延边大学\美术学院 for university 延边大学 college 美术学院 URL https://ydarts.ybu.edu.cn/
2025-11-16 08:15:43,239 - INFO - Empty teacher folder: D:\project08\MCP_AI\data\schoolTeachers\73_延边大学\护理学院 for university 延边大学 college 护理学院 URL https://hlxy.ybu.edu.cn/
2025-11-16 08:16:23,583 - INFO - Empty teacher folder: D:\project08\MCP_AI\data\schoolTeachers\73_延边大学\师范学院 for university 延边大学 college 师范学院 URL https://normal.ybu.edu.cn/
2025-11-16 08:23:34,025 - INFO - Empty teacher folder: D:\project08\MCP_AI\data\schoolTeachers\74_东北师范大学\美术学院 for university 东北师范大学 college 美术学院 URL http://fineart.nenu.edu.cn/
2025-11-16 08:46:59,719 - INFO - Empty teacher folder: D:\project08\MCP_AI\data\schoolTeachers\75_哈尔滨工程大学\电子政务建模仿真国家工程实验室 for university 哈尔滨工程大学 college 电子政务建模仿真国家工程实验室 URL https://egovlab.hrbeu.edu.cn/
2025-11-16 08:53:01,864 - INFO - Empty teacher folder: D:\project08\MCP_AI\data\schoolTeachers\75_哈尔滨工程大学\工程训练中心 for university 哈尔滨工程大学 college 工程训练中心 URL http://etc.hrbeu.edu.cn/
2025-11-16 08:58:07,654 - INFO - Empty teacher folder: D:\project08\MCP_AI\data\schoolTeachers\75_哈尔滨工程大学\马克思主义学院 for university 哈尔滨工程大学 college 马克思主义学院 URL http://sizhengbu.hrbeu.edu.cn/
2025-11-16 08:58:30,222 - INFO - Empty teacher folder: D:\project08\MCP_AI\data\schoolTeachers\75_哈尔滨工程大学\外国语学院 for university 哈尔滨工程大学 college 外国语学院 URL http://fld.hrbeu.edu.cn/
2025-11-16 08:59:23,956 - INFO - Empty teacher folder: D:\project08\MCP_AI\data\schoolTeachers\75_哈尔滨工程大学\体育部 for university 哈尔滨工程大学 college 体育部 URL http://pt.hrbeu.edu.cn/
2025-11-16 09:03:28,719 - INFO - Empty teacher folder: D:\project08\MCP_AI\data\schoolTeachers\75_哈尔滨工程大学\未来技术学院 for university 哈尔滨工程大学 college 未来技术学院 URL http://wljs.hrbeu.edu.cn/
2025-11-16 09:04:28,458 - INFO - Empty teacher folder: D:\project08\MCP_AI\data\schoolTeachers\75_哈尔滨工程大学\南海研究院 for university 哈尔滨工程大学 college 南海研究院 URL http://nanhai.hrbeu.edu.cn/
2025-11-16 09:04:50,839 - INFO - Empty teacher folder: D:\project08\MCP_AI\data\schoolTeachers\75_哈尔滨工程大学\青岛创新发展基地 for university 哈尔滨工程大学 college 青岛创新发展基地 URL http://qingdao.hrbeu.edu.cn/
2025-11-16 12:55:11,355 - INFO - Empty teacher folder: D:\project08\MCP_AI\data\schoolTeachers\76_东北农业大学\园艺园林学院 for university 东北农业大学 college 园艺园林学院 URL https://yyxy.neau.edu.cn/
2025-11-16 13:03:02,503 - INFO - Empty teacher folder: D:\project08\MCP_AI\data\schoolTeachers\76_东北农业大学\体育教研部 for university 东北农业大学 college 体育教研部 URL https://tyb.neau.edu.cn/
2025-11-16 13:14:07,901 - INFO - Empty teacher folder: D:\project08\MCP_AI\data\schoolTeachers\77_东北林业大学\机电工程学院 for university 东北林业大学 college 机电工程学院 URL https://cmee.nefu.edu.cn/
2025-11-16 13:15:53,350 - INFO - Empty teacher folder: D:\project08\MCP_AI\data\schoolTeachers\77_东北林业大学\野生动物与自然保护地学院 for university 东北林业大学 college 野生动物与自然保护地学院 URL https://wildlife.nefu.edu.cn/
2025-11-16 13:21:55,341 - INFO - Empty teacher folder: D:\project08\MCP_AI\data\schoolTeachers\77_东北林业大学\马克思主义学院 for university 东北林业大学 college 马克思主义学院 URL https://mks.nefu.edu.cn/
2025-11-16 13:26:12,046 - INFO - Empty teacher folder: D:\project08\MCP_AI\data\schoolTeachers\77_东北林业大学\文法学院 for university 东北林业大学 college 文法学院 URL https://wenfa.nefu.edu.cn/
2025-11-16 13:27:52,835 - INFO - Empty teacher folder: D:\project08\MCP_AI\data\schoolTeachers\77_东北林业大学\奥林学院 for university 东北林业大学 college 奥林学院 URL https://aulin.nefu.edu.cn/
2025-11-16 13:42:32,407 - INFO - Empty teacher folder: D:\project08\MCP_AI\data\schoolTeachers\78_华东理工大学\商学院 for university 华东理工大学 college 商学院 URL http://bs.ecust.edu.cn/
2025-11-16 13:47:09,432 - INFO - Empty teacher folder: D:\project08\MCP_AI\data\schoolTeachers\78_华东理工大学\艺术设计与传媒学院 for university 华东理工大学 college 艺术设计与传媒学院 URL http://art.ecust.edu.cn/
2025-11-16 13:48:16,501 - INFO - Empty teacher folder: D:\project08\MCP_AI\data\schoolTeachers\78_华东理工大学\外国语学院 for university 华东理工大学 college 外国语学院 URL http://schfl.ecust.edu.cn/
2025-11-16 13:49:24,374 - INFO - Empty teacher folder: D:\project08\MCP_AI\data\schoolTeachers\78_华东理工大学\国际卓越工程师学院 for university 华东理工大学 college 国际卓越工程师学院 URL https://chimie.ecust.edu.cn/
2025-11-16 14:23:01,075 - INFO - Empty teacher folder: D:\project08\MCP_AI\data\schoolTeachers\80_上海海洋大学\爱恩学院 for university 上海海洋大学 college 爱恩学院 URL http://ien.shou.edu.cn/
2025-11-16 14:23:37,261 - INFO - Empty teacher folder: D:\project08\MCP_AI\data\schoolTeachers\80_上海海洋大学\继续教育学院 for university 上海海洋大学 college 继续教育学院 URL http://cjxy.shou.edu.cn/
2025-11-16 14:45:54,996 - INFO - Empty teacher folder: D:\project08\MCP_AI\data\schoolTeachers\81_上海中医药大学\中医学院 for university 上海中医药大学 college 中医学院 URL https://www.shutcm.edu.cn/_redirect?siteId=2&columnId=6641&articleId=147550/
2025-11-16 14:45:57,490 - INFO - Empty teacher folder: D:\project08\MCP_AI\data\schoolTeachers\81_上海中医药大学\中西医结合学院 for university 上海中医药大学 college 中西医结合学院 URL https://www.shutcm.edu.cn/_redirect?siteId=2&columnId=6641&articleId=147538/
2025-11-16 14:45:59,805 - INFO - Empty teacher folder: D:\project08\MCP_AI\data\schoolTeachers\81_上海中医药大学\中药学院 for university 上海中医药大学 college 中药学院 URL https://www.shutcm.edu.cn/_redirect?siteId=2&columnId=6641&articleId=147549/
2025-11-16 14:46:01,603 - INFO - Empty teacher folder: D:\project08\MCP_AI\data\schoolTeachers\81_上海中医药大学\针灸推拿学院 for university 上海中医药大学 college 针灸推拿学院 URL https://www.shutcm.edu.cn/_redirect?siteId=2&columnId=6641&articleId=147548/
2025-11-16 14:46:03,618 - INFO - Empty teacher folder: D:\project08\MCP_AI\data\schoolTeachers\81_上海中医药大学\护理学院 for university 上海中医药大学 college 护理学院 URL https://www.shutcm.edu.cn/_redirect?siteId=2&columnId=6641&articleId=147547/
2025-11-16 14:46:05,346 - INFO - Empty teacher folder: D:\project08\MCP_AI\data\schoolTeachers\81_上海中医药大学\公共健康学院 for university 上海中医药大学 college 公共健康学院 URL https://www.shutcm.edu.cn/_redirect?siteId=2&columnId=6641&articleId=147546/
2025-11-16 14:46:07,705 - INFO - Empty teacher folder: D:\project08\MCP_AI\data\schoolTeachers\81_上海中医药大学\康复医学院 for university 上海中医药大学 college 康复医学院 URL https://www.shutcm.edu.cn/_redirect?siteId=2&columnId=6641&articleId=147545/
2025-11-16 14:46:10,332 - INFO - Empty teacher folder: D:\project08\MCP_AI\data\schoolTeachers\81_上海中医药大学\国际教育学院 for university 上海中医药大学 college 国际教育学院 URL https://www.shutcm.edu.cn/_redirect?siteId=2&columnId=6641&articleId=147544/
2025-11-16 14:46:11,615 - INFO - Empty teacher folder: D:\project08\MCP_AI\data\schoolTeachers\81_上海中医药大学\继续教育学院 for university 上海中医药大学 college 继续教育学院 URL https://www.shutcm.edu.cn/_redirect?siteId=2&columnId=6641&articleId=147543/
2025-11-16 14:46:14,229 - INFO - Empty teacher folder: D:\project08\MCP_AI\data\schoolTeachers\81_上海中医药大学\马克思主义学院 for university 上海中医药大学 college 马克思主义学院 URL https://www.shutcm.edu.cn/_redirect?siteId=2&columnId=6641&articleId=147542/
2025-11-16 14:48:47,485 - INFO - Empty teacher folder: D:\project08\MCP_AI\data\schoolTeachers\81_上海中医药大学\中医药人工智能学院 for university 上海中医药大学 college 中医药人工智能学院 URL https://www.shutcm.edu.cn/_redirect?siteId=2&columnId=6641&articleId=167712/
2025-11-16 14:48:49,605 - INFO - Empty teacher folder: D:\project08\MCP_AI\data\schoolTeachers\81_上海中医药大学\科技人文研究院 for university 上海中医药大学 college 科技人文研究院 URL https://www.shutcm.edu.cn/_redirect?siteId=2&columnId=6641&articleId=147541/
2025-11-16 14:48:51,446 - INFO - Empty teacher folder: D:\project08\MCP_AI\data\schoolTeachers\81_上海中医药大学\交叉科学研究院 for university 上海中医药大学 college 交叉科学研究院 URL https://www.shutcm.edu.cn/_redirect?siteId=2&columnId=6641&articleId=147540/
2025-11-16 14:48:53,685 - INFO - Empty teacher folder: D:\project08\MCP_AI\data\schoolTeachers\81_上海中医药大学\创新中药研究院 for university 上海中医药大学 college 创新中药研究院 URL https://www.shutcm.edu.cn/_redirect?siteId=2&columnId=6641&articleId=147539/
2025-11-16 14:48:55,496 - INFO - Empty teacher folder: D:\project08\MCP_AI\data\schoolTeachers\81_上海中医药大学\体育部 for university 上海中医药大学 college 体育部 URL https://www.shutcm.edu.cn/_redirect?siteId=2&columnId=6641&articleId=147537/
2025-11-16 14:48:57,674 - INFO - Empty teacher folder: D:\project08\MCP_AI\data\schoolTeachers\81_上海中医药大学\外语教学中心 for university 上海中医药大学 college 外语教学中心 URL https://www.shutcm.edu.cn/_redirect?siteId=2&columnId=6641&articleId=147536/
2025-11-16 14:55:54,159 - INFO - Empty teacher folder: D:\project08\MCP_AI\data\schoolTeachers\82_上海外国语大学\国际教育学院 for university 上海外国语大学 college 国际教育学院 URL http://soe.shisu.edu.cn/
2025-11-16 14:59:40,559 - INFO - Empty teacher folder: D:\project08\MCP_AI\data\schoolTeachers\82_上海外国语大学\卓越学院 for university 上海外国语大学 college 卓越学院 URL http://www.honors.shisu.edu.cn/
2025-11-16 15:00:14,163 - INFO - Empty teacher folder: D:\project08\MCP_AI\data\schoolTeachers\82_上海外国语大学\英语学院 for university 上海外国语大学 college 英语学院 URL http://www.ses.shisu.edu.cn/
2025-11-16 15:08:09,148 - INFO - Empty teacher folder: D:\project08\MCP_AI\data\schoolTeachers\82_上海外国语大学\法学院 for university 上海外国语大学 college 法学院 URL http://www.law.shisu.edu.cn/
2025-11-16 15:15:56,146 - INFO - Empty teacher folder: D:\project08\MCP_AI\data\schoolTeachers\82_上海外国语大学\中文学院_国际文化交流学院 for university 上海外国语大学 college 中文学院/国际文化交流学院 URL http://www.scse.shisu.edu.cn/
2025-11-16 15:21:36,579 - INFO - Empty teacher folder: D:\project08\MCP_AI\data\schoolTeachers\82_上海外国语大学\网络教育 for university 上海外国语大学 college 网络教育 URL http://www.sde.shisu.edu.cn/
2025-11-16 15:21:38,142 - INFO - Empty teacher folder: D:\project08\MCP_AI\data\schoolTeachers\82_上海外国语大学\体育教学部 for university 上海外国语大学 college 体育教学部 URL http://www.fpe.shisu.edu.cn/
2025-11-16 16:12:12,815 - INFO - Empty teacher folder: D:\project08\MCP_AI\data\schoolTeachers\83_上海财经大学\匡时书院 for university 上海财经大学 college 匡时书院 URL https://ksc.sufe.edu.cn/
2025-11-16 16:21:54,476 - INFO - Empty teacher folder: D:\project08\MCP_AI\data\schoolTeachers\84_上海体育学院\运动健康学院 for university 上海体育学院 college 运动健康学院 URL http://yk.sus.edu.cn/
2025-11-16 16:21:55,928 - INFO - Empty teacher folder: D:\project08\MCP_AI\data\schoolTeachers\84_上海体育学院\心理学院 for university 上海体育学院 college 心理学院 URL http://xlxy.sus.edu.cn/
2025-11-16 16:24:24,969 - INFO - Empty teacher folder: D:\project08\MCP_AI\data\schoolTeachers\84_上海体育学院\艺术学院 for university 上海体育学院 college 艺术学院 URL https://ysxy.sus.edu.cn/
2025-11-16 16:24:31,543 - INFO - Empty teacher folder: D:\project08\MCP_AI\data\schoolTeachers\84_上海体育学院\智慧体育工程学院（筹） for university 上海体育学院 college 智慧体育工程学院（筹） URL https://sise.sus.edu.cn/
2025-11-16 16:24:59,766 - INFO - Empty teacher folder: D:\project08\MCP_AI\data\schoolTeachers\84_上海体育学院\交叉学科研究院（筹） for university 上海体育学院 college 交叉学科研究院（筹） URL https://www.sus.edu.cn/
2025-11-16 16:29:15,235 - INFO - Empty teacher folder: D:\project08\MCP_AI\data\schoolTeachers\85_上海音乐学院\音乐学系 for university 上海音乐学院 college 音乐学系 URL https://www.shcmusic.edu.cn/1590/list.htm/
2025-11-16 16:29:17,779 - INFO - Empty teacher folder: D:\project08\MCP_AI\data\schoolTeachers\85_上海音乐学院\作曲指挥系 for university 上海音乐学院 college 作曲指挥系 URL https://www.shcmusic.edu.cn/1591/list.htm/
2025-11-16 16:29:19,292 - INFO - Empty teacher folder: D:\project08\MCP_AI\data\schoolTeachers\85_上海音乐学院\钢琴系 for university 上海音乐学院 college 钢琴系 URL https://www.shcmusic.edu.cn/1593/list.htm/
2025-11-16 16:29:20,693 - INFO - Empty teacher folder: D:\project08\MCP_AI\data\schoolTeachers\85_上海音乐学院\声乐歌剧系 for university 上海音乐学院 college 声乐歌剧系 URL https://www.shcmusic.edu.cn/1594/list.htm/
2025-11-16 16:29:22,773 - INFO - Empty teacher folder: D:\project08\MCP_AI\data\schoolTeachers\85_上海音乐学院\管弦系 for university 上海音乐学院 college 管弦系 URL https://www.shcmusic.edu.cn/1595/list.htm/
2025-11-16 16:29:24,808 - INFO - Empty teacher folder: D:\project08\MCP_AI\data\schoolTeachers\85_上海音乐学院\民族音乐系 for university 上海音乐学院 college 民族音乐系 URL https://www.shcmusic.edu.cn/1596/list.htm/
2025-11-16 16:29:27,374 - INFO - Empty teacher folder: D:\project08\MCP_AI\data\schoolTeachers\85_上海音乐学院\音乐教育系 for university 上海音乐学院 college 音乐教育系 URL https://www.shcmusic.edu.cn/1597/list.htm/
2025-11-16 16:29:28,922 - INFO - Empty teacher folder: D:\project08\MCP_AI\data\schoolTeachers\85_上海音乐学院\音乐戏剧系 for university 上海音乐学院 college 音乐戏剧系 URL https://www.shcmusic.edu.cn/1598/list.htm/
2025-11-16 16:29:31,265 - INFO - Empty teacher folder: D:\project08\MCP_AI\data\schoolTeachers\85_上海音乐学院\音乐工程系 for university 上海音乐学院 college 音乐工程系 URL https://www.shcmusic.edu.cn/1599/list.htm/
2025-11-16 16:29:33,057 - INFO - Empty teacher folder: D:\project08\MCP_AI\data\schoolTeachers\85_上海音乐学院\现代器乐与打击乐系 for university 上海音乐学院 college 现代器乐与打击乐系 URL https://www.shcmusic.edu.cn/1600/list.htm/
2025-11-16 16:32:44,127 - INFO - Empty teacher folder: D:\project08\MCP_AI\data\schoolTeachers\85_上海音乐学院\上海乐队学院 for university 上海音乐学院 college 上海乐队学院 URL https://soa.shsymphony.com/cn/index.aspx/
2025-11-16 16:41:59,473 - INFO - Empty teacher folder: D:\project08\MCP_AI\data\schoolTeachers\86_上海大学\新闻传播学院 for university 上海大学 college 新闻传播学院 URL https://sjc.shu.edu.cn/
2025-11-16 16:50:37,866 - INFO - Empty teacher folder: D:\project08\MCP_AI\data\schoolTeachers\86_上海大学\音乐学院 for university 上海大学 college 音乐学院 URL https://music.shu.edu.cn/
2025-11-16 16:58:09,053 - INFO - Empty teacher folder: D:\project08\MCP_AI\data\schoolTeachers\86_上海大学\翔英学院 for university 上海大学 college 翔英学院 URL https://xiangying.shu.edu.cn/
2025-11-16 17:07:46,215 - INFO - Empty teacher folder: D:\project08\MCP_AI\data\schoolTeachers\86_上海大学\继续教育学院 for university 上海大学 college 继续教育学院 URL https://cce.shu.edu.cn/
2025-11-16 17:29:15,545 - INFO - Empty teacher folder: D:\project08\MCP_AI\data\schoolTeachers\87_苏州大学\外国语学院 for university 苏州大学 college 外国语学院 URL http://sfl.suda.edu.cn/
2025-11-16 17:30:29,233 - INFO - Empty teacher folder: D:\project08\MCP_AI\data\schoolTeachers\87_苏州大学\金螳螂建筑学院 for university 苏州大学 college 金螳螂建筑学院 URL http://arch.suda.edu.cn/
2025-11-16 17:44:38,191 - INFO - Empty teacher folder: D:\project08\MCP_AI\data\schoolTeachers\87_苏州大学\第二临床医学院 for university 苏州大学 college 第二临床医学院 URL http://www.sdfey.com/
2025-11-16 17:55:10,692 - INFO - Empty teacher folder: D:\project08\MCP_AI\data\schoolTeachers\87_苏州大学\东吴学院 for university 苏州大学 college 东吴学院 URL http://sccollege.suda.edu.cn/
2025-11-16 17:56:20,008 - INFO - Empty teacher folder: D:\project08\MCP_AI\data\schoolTeachers\87_苏州大学\红十字国际学院 for university 苏州大学 college 红十字国际学院 URL http://iarc.suda.edu.cn/
2025-11-16 18:01:30,427 - INFO - Empty teacher folder: D:\project08\MCP_AI\data\schoolTeachers\87_苏州大学\师范学院 for university 苏州大学 college 师范学院 URL http://sfxy.suda.edu.cn/
2025-11-16 18:02:28,739 - INFO - Empty teacher folder: D:\project08\MCP_AI\data\schoolTeachers\87_苏州大学\海外教育学院 for university 苏州大学 college 海外教育学院 URL http://oversea.suda.edu.cn/
2025-11-16 18:12:39,611 - INFO - Empty teacher folder: D:\project08\MCP_AI\data\schoolTeachers\88_南京航空航天大学\数学学院 for university 南京航空航天大学 college 数学学院 URL http://math.nuaa.edu.cn/
2025-11-16 18:16:39,786 - INFO - Empty teacher folder: D:\project08\MCP_AI\data\schoolTeachers\88_南京航空航天大学\民航学院 for university 南京航空航天大学 college 民航学院 URL http://cca.nuaa.edu.cn/
2025-11-16 18:24:28,702 - INFO - Empty teacher folder: D:\project08\MCP_AI\data\schoolTeachers\88_南京航空航天大学\国际教育学院 for university 南京航空航天大学 college 国际教育学院 URL https://cie.nuaa.edu.cn/
2025-11-16 18:26:16,848 - INFO - Empty teacher folder: D:\project08\MCP_AI\data\schoolTeachers\88_南京航空航天大学\长空学院 for university 南京航空航天大学 college 长空学院 URL http://changkong.nuaa.edu.cn/
2025-11-16 18:30:09,954 - INFO - Empty teacher folder: D:\project08\MCP_AI\data\schoolTeachers\88_南京航空航天大学\国家卓越工程师学院 for university 南京航空航天大学 college 国家卓越工程师学院 URL https://ngcee.nuaa.edu.cn/
2025-11-16 18:32:43,076 - INFO - Empty teacher folder: D:\project08\MCP_AI\data\schoolTeachers\88_南京航空航天大学\牧星学院 for university 南京航空航天大学 college 牧星学院 URL https://mxxy.nuaa.edu.cn/
2025-11-16 18:36:40,246 - INFO - Empty teacher folder: D:\project08\MCP_AI\data\schoolTeachers\88_南京航空航天大学\金城学院 for university 南京航空航天大学 college 金城学院 URL http://nhjcxy.edu.cn/
2025-11-16 18:36:48,350 - INFO - Empty teacher folder: D:\project08\MCP_AI\data\schoolTeachers\88_南京航空航天大学\继续教育（高等职业技术）学院 for university 南京航空航天大学 college 继续教育（高等职业技术）学院 URL http://jxjy.nuaa.edu.cn/
2025-11-16 18:50:12,860 - INFO - Empty teacher folder: D:\project08\MCP_AI\data\schoolTeachers\88_南京航空航天大学\物理学院 for university 南京航空航天大学 college 物理学院 URL http://physics.nuaa.edu.cn/
2025-11-16 19:11:59,800 - INFO - Empty teacher folder: D:\project08\MCP_AI\data\schoolTeachers\89_南京理工大学\安全科学与工程学院（应急管理学院） for university 南京理工大学 college 安全科学与工程学院（应急管理学院） URL https://agxy.njust.edu.cn/
2025-11-16 19:13:31,815 - INFO - Empty teacher folder: D:\project08\MCP_AI\data\schoolTeachers\89_南京理工大学\钱学森学院 for university 南京理工大学 college 钱学森学院 URL https://qxs.njust.edu.cn/
2025-11-16 19:16:53,543 - INFO - Empty teacher folder: D:\project08\MCP_AI\data\schoolTeachers\89_南京理工大学\新生学院 for university 南京理工大学 college 新生学院 URL https://www.njust.edu.cn/
2025-11-16 19:20:01,153 - INFO - Empty teacher folder: D:\project08\MCP_AI\data\schoolTeachers\89_南京理工大学\魁元实验室 for university 南京理工大学 college 魁元实验室 URL https://www.njust.edu.cn/
2025-11-16 19:20:04,138 - INFO - Empty teacher folder: D:\project08\MCP_AI\data\schoolTeachers\89_南京理工大学\工程训练中心 for university 南京理工大学 college 工程训练中心 URL https://etc.njust.edu.cn/
2025-11-16 19:20:10,274 - INFO - Empty teacher folder: D:\project08\MCP_AI\data\schoolTeachers\89_南京理工大学\紫金学院 for university 南京理工大学 college 紫金学院 URL http://zj.njust.edu.cn/
2025-11-16 19:20:21,521 - INFO - Empty teacher folder: D:\project08\MCP_AI\data\schoolTeachers\89_南京理工大学\复杂装备系统动力学前沿科学中心 for university 南京理工大学 college 复杂装备系统动力学前沿科学中心 URL https://www.njust.edu.cn/
2025-11-16 19:21:31,554 - INFO - Empty teacher folder: D:\project08\MCP_AI\data\schoolTeachers\89_南京理工大学\体育部 for university 南京理工大学 college 体育部 URL https://tyb.njust.edu.cn/
2025-11-16 19:22:08,372 - INFO - Empty teacher folder: D:\project08\MCP_AI\data\schoolTeachers\89_南京理工大学\中法工程师学院 for university 南京理工大学 college 中法工程师学院 URL https://sfesn.njust.edu.cn/
2025-11-16 19:22:41,154 - INFO - Empty teacher folder: D:\project08\MCP_AI\data\schoolTeachers\89_南京理工大学\国际教育学院 for university 南京理工大学 college 国际教育学院 URL https://sie.njust.edu.cn/
2025-11-16 19:26:02,682 - INFO - Empty teacher folder: D:\project08\MCP_AI\data\schoolTeachers\89_南京理工大学\泰州科技学院 for university 南京理工大学 college 泰州科技学院 URL https://www.nustti.edu.cn/
2025-11-16 19:56:16,120 - INFO - Empty teacher folder: D:\project08\MCP_AI\data\schoolTeachers\90_中国矿业大学（徐州）\继续教育学院 for university 中国矿业大学（徐州） college 继续教育学院 URL http://sce.cumt.edu.cn/
2025-11-16 19:57:07,531 - INFO - Empty teacher folder: D:\project08\MCP_AI\data\schoolTeachers\90_中国矿业大学（徐州）\体育学院 for university 中国矿业大学（徐州） college 体育学院 URL http://sport.cumt.edu.cn/
2025-11-16 20:45:09,707 - INFO - Empty teacher folder: D:\project08\MCP_AI\data\schoolTeachers\91_中国矿业大学（北京）\继续教育学院 for university 中国矿业大学（北京） college 继续教育学院 URL http://jxjy.cumtb.edu.cn/
2025-11-16 20:55:48,790 - INFO - Empty teacher folder: D:\project08\MCP_AI\data\schoolTeachers\92_南京邮电大学\物联网学院 for university 南京邮电大学 college 物联网学院 URL http://ciot.njupt.edu.cn/
2025-11-16 21:04:51,842 - INFO - Empty teacher folder: D:\project08\MCP_AI\data\schoolTeachers\92_南京邮电大学\社会与人口学院、社会工作学院 for university 南京邮电大学 college 社会与人口学院、社会工作学院 URL http://sps.njupt.edu.cn/
2025-11-16 21:08:32,252 - INFO - Empty teacher folder: D:\project08\MCP_AI\data\schoolTeachers\92_南京邮电大学\应用技术学院 for university 南京邮电大学 college 应用技术学院 URL http://yyjsxy.njupt.edu.cn/
2025-11-16 21:09:51,825 - INFO - Empty teacher folder: D:\project08\MCP_AI\data\schoolTeachers\92_南京邮电大学\继续教育学院、自学考试办公室 for university 南京邮电大学 college 继续教育学院、自学考试办公室 URL http://jjy.njupt.edu.cn/
2025-11-16 21:09:57,763 - INFO - Empty teacher folder: D:\project08\MCP_AI\data\schoolTeachers\92_南京邮电大学\工程实验教学部 for university 南京邮电大学 college 工程实验教学部 URL https://deei.njupt.edu.cn/
2025-11-16 21:10:12,336 - INFO - Empty teacher folder: D:\project08\MCP_AI\data\schoolTeachers\92_南京邮电大学\创新创业教育学院 for university 南京邮电大学 college 创新创业教育学院 URL http://cxcy.njupt.edu.cn/
2025-11-16 21:10:20,096 - INFO - Empty teacher folder: D:\project08\MCP_AI\data\schoolTeachers\92_南京邮电大学\波特兰学院 for university 南京邮电大学 college 波特兰学院 URL http://psu.njupt.edu.cn/
2025-11-16 21:16:35,980 - INFO - Empty teacher folder: D:\project08\MCP_AI\data\schoolTeachers\92_南京邮电大学\海外教育学院 for university 南京邮电大学 college 海外教育学院 URL http://overseas.njupt.edu.cn/
2025-11-16 21:22:26,249 - INFO - Empty teacher folder: D:\project08\MCP_AI\data\schoolTeachers\93_河海大学\水利水电学院 for university 河海大学 college 水利水电学院 URL http://sdxy.hhu.edu.cn/
2025-11-16 21:44:40,897 - INFO - Empty teacher folder: D:\project08\MCP_AI\data\schoolTeachers\93_河海大学\体育系 for university 河海大学 college 体育系 URL http://tyx.hhu.edu.cn/
2025-11-16 21:45:20,374 - INFO - Empty teacher folder: D:\project08\MCP_AI\data\schoolTeachers\93_河海大学\外国语学院 for university 河海大学 college 外国语学院 URL http://wgyxy.hhu.edu.cn/
2025-11-16 21:46:05,631 - INFO - Empty teacher folder: D:\project08\MCP_AI\data\schoolTeachers\93_河海大学\大禹学院 for university 河海大学 college 大禹学院 URL https://dyxy.hhu.edu.cn/
2025-11-16 21:46:43,364 - INFO - Empty teacher folder: D:\project08\MCP_AI\data\schoolTeachers\93_河海大学\卓越工程师学院 for university 河海大学 college 卓越工程师学院 URL https://zygcsxy.hhu.edu.cn/
2025-11-16 21:47:33,521 - INFO - Empty teacher folder: D:\project08\MCP_AI\data\schoolTeachers\93_河海大学\河海里尔学院 for university 河海大学 college 河海里尔学院 URL https://hlc.hhu.edu.cn/
2025-11-16 22:13:50,685 - INFO - Empty teacher folder: D:\project08\MCP_AI\data\schoolTeachers\94_江南大学\卓越工程师学院 for university 江南大学 college 卓越工程师学院 URL https://giee.jiangnan.edu.cn/
2025-11-16 22:22:35,949 - INFO - Empty teacher folder: D:\project08\MCP_AI\data\schoolTeachers\95_南京林业大学\理学院 for university 南京林业大学 college 理学院 URL https://cos.njfu.edu.cn/
2025-11-16 22:22:58,788 - INFO - Empty teacher folder: D:\project08\MCP_AI\data\schoolTeachers\95_南京林业大学\土木工程学院 for university 南京林业大学 college 土木工程学院 URL https://tumu.njfu.edu.cn/
2025-11-16 22:28:24,081 - INFO - Empty teacher folder: D:\project08\MCP_AI\data\schoolTeachers\95_南京林业大学\人文社会科学学院 for university 南京林业大学 college 人文社会科学学院 URL https://renwen.njfu.edu.cn/
2025-11-16 22:31:42,766 - INFO - Empty teacher folder: D:\project08\MCP_AI\data\schoolTeachers\95_南京林业大学\继续教育学院、应用技术学院 for university 南京林业大学 college 继续教育学院、应用技术学院 URL http://nljj.njfu.edu.cn/
2025-11-16 22:34:04,045 - INFO - Empty teacher folder: D:\project08\MCP_AI\data\schoolTeachers\95_南京林业大学\马克思主义学院 for university 南京林业大学 college 马克思主义学院 URL https://my.njfu.edu.cn/
2025-11-16 22:35:04,782 - INFO - Empty teacher folder: D:\project08\MCP_AI\data\schoolTeachers\95_南京林业大学\国际教育学院 for university 南京林业大学 college 国际教育学院 URL https://iec.njfu.edu.cn/
2025-11-16 22:41:34,765 - INFO - Empty teacher folder: D:\project08\MCP_AI\data\schoolTeachers\96_南京信息工程大学\地理科学学院 for university 南京信息工程大学 college 地理科学学院 URL http://geography.nuist.edu.cn/
2025-11-16 22:46:17,724 - INFO - Empty teacher folder: D:\project08\MCP_AI\data\schoolTeachers\96_南京信息工程大学\遥感与测绘工程学院 for university 南京信息工程大学 college 遥感与测绘工程学院 URL https://ycxy.nuist.edu.cn/
2025-11-16 22:47:53,665 - INFO - Empty teacher folder: D:\project08\MCP_AI\data\schoolTeachers\96_南京信息工程大学\人工智能学院（未来技术学院、人工智能产业学院） for university 南京信息工程大学 college 人工智能学院（未来技术学院、人工智能产业学院） URL https://rgzn.nuist.edu.cn/
2025-11-16 22:49:30,568 - INFO - Empty teacher folder: D:\project08\MCP_AI\data\schoolTeachers\96_南京信息工程大学\生态与应用气象学院 for university 南京信息工程大学 college 生态与应用气象学院 URL https://yqy.nuist.edu.cn/
2025-11-16 22:52:37,464 - INFO - Empty teacher folder: D:\project08\MCP_AI\data\schoolTeachers\96_南京信息工程大学\电子与信息工程学院 for university 南京信息工程大学 college 电子与信息工程学院 URL http://dxy.nuist.edu.cn/
2025-11-16 22:56:38,343 - INFO - Empty teacher folder: D:\project08\MCP_AI\data\schoolTeachers\96_南京信息工程大学\马克思主义学院 for university 南京信息工程大学 college 马克思主义学院 URL http://marx.nuist.edu.cn/
2025-11-16 22:57:14,968 - INFO - Empty teacher folder: D:\project08\MCP_AI\data\schoolTeachers\96_南京信息工程大学\物理与光电工程学院 for university 南京信息工程大学 college 物理与光电工程学院 URL http://wdy.nuist.edu.cn/
2025-11-16 23:11:30,743 - INFO - Empty teacher folder: D:\project08\MCP_AI\data\schoolTeachers\96_南京信息工程大学\雷丁学院 for university 南京信息工程大学 college 雷丁学院 URL http://reading.nuist.edu.cn/
2025-11-16 23:20:45,661 - INFO - Empty teacher folder: D:\project08\MCP_AI\data\schoolTeachers\97_南京农业大学\动物医学院 for university 南京农业大学 college 动物医学院 URL http://cvm.njau.edu.cn/
2025-11-16 23:21:07,549 - INFO - Empty teacher folder: D:\project08\MCP_AI\data\schoolTeachers\97_南京农业大学\资源与环境科学学院 for university 南京农业大学 college 资源与环境科学学院 URL http://re.njau.edu.cn/
2025-11-16 23:23:17,573 - INFO - Empty teacher folder: D:\project08\MCP_AI\data\schoolTeachers\97_南京农业大学\无锡渔业学院 for university 南京农业大学 college 无锡渔业学院 URL http://wxfc.ffrc.cn/
2025-11-16 23:24:17,937 - INFO - Empty teacher folder: D:\project08\MCP_AI\data\schoolTeachers\97_南京农业大学\植物保护学院 for university 南京农业大学 college 植物保护学院 URL http://plant.njau.edu.cn/
2025-11-16 23:26:00,808 - INFO - Empty teacher folder: D:\project08\MCP_AI\data\schoolTeachers\97_南京农业大学\信息管理学院 for university 南京农业大学 college 信息管理学院 URL http://info.njau.edu.cn/
2025-11-16 23:31:31,704 - INFO - Empty teacher folder: D:\project08\MCP_AI\data\schoolTeachers\97_南京农业大学\智慧农业学院（人工智能学院） for university 南京农业大学 college 智慧农业学院（人工智能学院） URL http://ai.njau.edu.cn/
2025-11-16 23:33:45,331 - INFO - Empty teacher folder: D:\project08\MCP_AI\data\schoolTeachers\97_南京农业大学\马克思主义学院 for university 南京农业大学 college 马克思主义学院 URL http://szb.njau.edu.cn/
2025-11-16 23:34:42,018 - INFO - Empty teacher folder: D:\project08\MCP_AI\data\schoolTeachers\97_南京农业大学\公共管理学院 for university 南京农业大学 college 公共管理学院 URL http://clm.njau.edu.cn/
2025-11-16 23:36:34,749 - INFO - Empty teacher folder: D:\project08\MCP_AI\data\schoolTeachers\97_南京农业大学\外国语学院 for university 南京农业大学 college 外国语学院 URL http://foreign.njau.edu.cn/
2025-11-16 23:37:22,866 - INFO - Empty teacher folder: D:\project08\MCP_AI\data\schoolTeachers\97_南京农业大学\金融学院 for university 南京农业大学 college 金融学院 URL http://finance.njau.edu.cn/
2025-11-16 23:38:08,391 - INFO - Empty teacher folder: D:\project08\MCP_AI\data\schoolTeachers\97_南京农业大学\前沿交叉研究院 for university 南京农业大学 college 前沿交叉研究院 URL http://aais.njau.edu.cn/
2025-11-16 23:45:38,081 - INFO - Empty teacher folder: D:\project08\MCP_AI\data\schoolTeachers\98_南京中医药大学\药学院 for university 南京中医药大学 college 药学院 URL https://yxy.njucm.edu.cn/
2025-11-16 23:45:54,098 - INFO - Empty teacher folder: D:\project08\MCP_AI\data\schoolTeachers\98_南京中医药大学\护理学院 for university 南京中医药大学 college 护理学院 URL https://huli.njucm.edu.cn/
2025-11-16 23:48:31,406 - INFO - Empty teacher folder: D:\project08\MCP_AI\data\schoolTeachers\98_南京中医药大学\继续教育学院 for university 南京中医药大学 college 继续教育学院 URL https://cjy.njucm.edu.cn/
2025-11-16 23:49:56,999 - INFO - Empty teacher folder: D:\project08\MCP_AI\data\schoolTeachers\98_南京中医药大学\针灸推拿学院·养生康复学院 for university 南京中医药大学 college 针灸推拿学院·养生康复学院 URL https://el.njucm.edu.cn/
2025-11-16 23:52:03,806 - INFO - Empty teacher folder: D:\project08\MCP_AI\data\schoolTeachers\98_南京中医药大学\淡安书院 for university 南京中医药大学 college 淡安书院 URL http://dac.njucm.edu.cn/
2025-11-16 23:52:47,957 - INFO - Empty teacher folder: D:\project08\MCP_AI\data\schoolTeachers\98_南京中医药大学\体育部 for university 南京中医药大学 college 体育部 URL https://tyb.njucm.edu.cn/
2025-11-16 23:56:20,718 - INFO - Empty teacher folder: D:\project08\MCP_AI\data\schoolTeachers\98_南京中医药大学\第一临床医学院 for university 南京中医药大学 college 第一临床医学院 URL https://ylc.njucm.edu.cn/
2025-11-16 23:56:27,747 - INFO - Empty teacher folder: D:\project08\MCP_AI\data\schoolTeachers\98_南京中医药大学\养老服务与管理研究院 for university 南京中医药大学 college 养老服务与管理研究院 URL http://ylyjy.njucm.edu.cn/
2025-11-17 00:02:08,021 - INFO - Empty teacher folder: D:\project08\MCP_AI\data\schoolTeachers\99_中国药科大学\马克思主义学院 for university 中国药科大学 college 马克思主义学院 URL http://marxism.cpu.edu.cn/
2025-11-17 00:03:35,138 - INFO - Empty teacher folder: D:\project08\MCP_AI\data\schoolTeachers\99_中国药科大学\中药学院 for university 中国药科大学 college 中药学院 URL http://zyxy.cpu.edu.cn/
2025-11-17 00:05:19,374 - INFO - Empty teacher folder: D:\project08\MCP_AI\data\schoolTeachers\99_中国药科大学\外国语学院 for university 中国药科大学 college 外国语学院 URL http://wywy.cpu.edu.cn/
2025-11-17 00:07:19,465 - INFO - Empty teacher folder: D:\project08\MCP_AI\data\schoolTeachers\99_中国药科大学\理学院 for university 中国药科大学 college 理学院 URL http://lxy.cpu.edu.cn/
2025-11-17 00:08:54,644 - INFO - Empty teacher folder: D:\project08\MCP_AI\data\schoolTeachers\99_中国药科大学\孟目的学院 for university 中国药科大学 college 孟目的学院 URL http://mhc.cpu.edu.cn/
2025-11-17 00:10:35,389 - INFO - Empty teacher folder: D:\project08\MCP_AI\data\schoolTeachers\99_中国药科大学\继续教育学院 for university 中国药科大学 college 继续教育学院 URL https://jjy.cpu.edu.cn/
2025-11-17 00:10:54,252 - INFO - Empty teacher folder: D:\project08\MCP_AI\data\schoolTeachers\99_中国药科大学\体育部 for university 中国药科大学 college 体育部 URL http://tyb.cpu.edu.cn/
2025-11-17 00:11:08,949 - INFO - Empty teacher folder: D:\project08\MCP_AI\data\schoolTeachers\99_中国药科大学\现代制药产业学院 for university 中国药科大学 college 现代制药产业学院 URL https://cyxy.cpu.edu.cn/
2025-11-17 00:11:38,403 - INFO - Empty teacher folder: D:\project08\MCP_AI\data\schoolTeachers\99_中国药科大学\国际教育学院 for university 中国药科大学 college 国际教育学院 URL http://gjc.cpu.edu.cn/
2025-11-17 00:12:19,825 - INFO - Empty teacher folder: D:\project08\MCP_AI\data\schoolTeachers\99_中国药科大学\生物医药卓越工程师学院 for university 中国药科大学 college 生物医药卓越工程师学院 URL https://zgxy.cpu.edu.cn/
2025-11-17 00:16:27,102 - INFO - Empty teacher folder: D:\project08\MCP_AI\data\schoolTeachers\100_南京师范大学\商学院 for university 南京师范大学 college 商学院 URL http://sxy.njnu.edu.cn/
2025-11-17 00:18:46,777 - INFO - Empty teacher folder: D:\project08\MCP_AI\data\schoolTeachers\100_南京师范大学\强化培养学院 for university 南京师范大学 college 强化培养学院 URL http://honors.njnu.edu.cn/
2025-11-17 00:21:10,057 - INFO - Empty teacher folder: D:\project08\MCP_AI\data\schoolTeachers\100_南京师范大学\国际文化教育学院 for university 南京师范大学 college 国际文化教育学院 URL http://gjy.njnu.edu.cn/
2025-11-17 00:21:10,623 - INFO - Empty teacher folder: D:\project08\MCP_AI\data\schoolTeachers\100_南京师范大学\社会学院 for university 南京师范大学 college 社会学院 URL http://jny.njnu.edu.cn/
2025-11-17 00:21:22,959 - INFO - Empty teacher folder: D:\project08\MCP_AI\data\schoolTeachers\100_南京师范大学\公共管理学院 for university 南京师范大学 college 公共管理学院 URL http://spa.njnu.edu.cn/
2025-11-17 00:22:31,874 - INFO - Empty teacher folder: D:\project08\MCP_AI\data\schoolTeachers\100_南京师范大学\教育科学学院 for university 南京师范大学 college 教育科学学院 URL http://jky.njnu.edu.cn/
2025-11-17 00:22:56,631 - INFO - Empty teacher folder: D:\project08\MCP_AI\data\schoolTeachers\100_南京师范大学\会计学院 for university 南京师范大学 college 会计学院 URL http://jny.njnu.edu.cn/
2025-11-17 00:23:50,439 - INFO - Empty teacher folder: D:\project08\MCP_AI\data\schoolTeachers\100_南京师范大学\教师教育学院 for university 南京师范大学 college 教师教育学院 URL http://jsjyxy.njnu.edu.cn/
2025-11-17 00:31:49,981 - INFO - Empty teacher folder: D:\project08\MCP_AI\data\schoolTeachers\100_南京师范大学\文学院 for university 南京师范大学 college 文学院 URL http://wxy.njnu.edu.cn/
2025-11-17 00:31:52,286 - INFO - Empty teacher folder: D:\project08\MCP_AI\data\schoolTeachers\100_南京师范大学\外国语学院 for university 南京师范大学 college 外国语学院 URL http://wy.njnu.edu.cn/
2025-11-17 00:33:03,283 - INFO - Empty teacher folder: D:\project08\MCP_AI\data\schoolTeachers\100_南京师范大学\体育科学学院 for university 南京师范大学 college 体育科学学院 URL http://tky.njnu.edu.cn/
2025-11-17 00:34:37,838 - INFO - Empty teacher folder: D:\project08\MCP_AI\data\schoolTeachers\100_南京师范大学\数学科学学院 for university 南京师范大学 college 数学科学学院 URL http://math.njnu.edu.cn/
2025-11-17 00:36:42,288 - INFO - Empty teacher folder: D:\project08\MCP_AI\data\schoolTeachers\100_南京师范大学\物理科学与技术学院 for university 南京师范大学 college 物理科学与技术学院 URL http://physics.njnu.edu.cn/
2025-11-17 00:38:19,716 - INFO - Empty teacher folder: D:\project08\MCP_AI\data\schoolTeachers\100_南京师范大学\历史文博学院 for university 南京师范大学 college 历史文博学院 URL http://lswb.njnu.edu.cn/
2025-11-17 00:38:31,537 - INFO - Empty teacher folder: D:\project08\MCP_AI\data\schoolTeachers\100_南京师范大学\地理科学学院 for university 南京师范大学 college 地理科学学院 URL http://dky.njnu.edu.cn/
2025-11-17 00:41:56,443 - INFO - Empty teacher folder: D:\project08\MCP_AI\data\schoolTeachers\100_南京师范大学\新闻与传播学院 for university 南京师范大学 college 新闻与传播学院 URL http://xinchuan.njnu.edu.cn/
2025-11-17 00:43:47,340 - INFO - Empty teacher folder: D:\project08\MCP_AI\data\schoolTeachers\100_南京师范大学\能源与机械工程学院 for university 南京师范大学 college 能源与机械工程学院 URL http://energy.njnu.edu.cn/
2025-11-17 00:47:41,967 - INFO - Empty teacher folder: D:\project08\MCP_AI\data\schoolTeachers\100_南京师范大学\食品与制药工程学院 for university 南京师范大学 college 食品与制药工程学院 URL http://spxy.njnu.edu.cn/
2025-11-17 00:47:59,623 - INFO - Empty teacher folder: D:\project08\MCP_AI\data\schoolTeachers\100_南京师范大学\美术学院 for university 南京师范大学 college 美术学院 URL http://msxy.njnu.edu.cn/
2025-11-17 00:48:25,558 - INFO - Empty teacher folder: D:\project08\MCP_AI\data\schoolTeachers\100_南京师范大学\电气与自动化工程学院 for university 南京师范大学 college 电气与自动化工程学院 URL http://eae.njnu.edu.cn/
2025-11-17 00:49:41,334 - INFO - Empty teacher folder: D:\project08\MCP_AI\data\schoolTeachers\100_南京师范大学\人工智能学院 for university 南京师范大学 college 人工智能学院 URL http://ceai.njnu.edu.cn/
2025-11-17 00:49:59,805 - INFO - Empty teacher folder: D:\project08\MCP_AI\data\schoolTeachers\100_南京师范大学\音乐学院 for university 南京师范大学 college 音乐学院 URL http://music.njnu.edu.cn/
2025-11-17 00:50:00,973 - INFO - Empty teacher folder: D:\project08\MCP_AI\data\schoolTeachers\100_南京师范大学\环境学院 for university 南京师范大学 college 环境学院 URL http://env.njnu.edu.cn/
2025-11-17 00:50:03,456 - INFO - Empty teacher folder: D:\project08\MCP_AI\data\schoolTeachers\100_南京师范大学\计算机与电子信息学院 for university 南京师范大学 college 计算机与电子信息学院 URL http://ceai.njnu.edu.cn/
2025-11-17 00:50:05,385 - INFO - Empty teacher folder: D:\project08\MCP_AI\data\schoolTeachers\100_南京师范大学\海洋科学与工程学院 for university 南京师范大学 college 海洋科学与工程学院 URL http://hy.njnu.edu.cn/
2025-11-17 13:36:10,867 - INFO - Empty teacher folder: D:\project08\MCP_AI\data\schoolTeachers\101_中国美术学院\中国画学院 for university 中国美术学院 college 中国画学院 URL https://www.caa.edu.cn/xy/jxjg/zghxy.htm/
2025-11-17 13:36:12,594 - INFO - Empty teacher folder: D:\project08\MCP_AI\data\schoolTeachers\101_中国美术学院\绘画艺术学院 for university 中国美术学院 college 绘画艺术学院 URL https://www.caa.edu.cn/xy/jxjg/hhysxy.htm/
2025-11-17 13:36:14,849 - INFO - Empty teacher folder: D:\project08\MCP_AI\data\schoolTeachers\101_中国美术学院\书法学院 for university 中国美术学院 college 书法学院 URL https://www.caa.edu.cn/xy/jxjg/sfxy.htm/
2025-11-17 13:36:16,984 - INFO - Empty teacher folder: D:\project08\MCP_AI\data\schoolTeachers\101_中国美术学院\雕塑与公共艺术学院 for university 中国美术学院 college 雕塑与公共艺术学院 URL https://www.caa.edu.cn/xy/jxjg/dsyggysxy.htm/
2025-11-17 13:36:18,725 - INFO - Empty teacher folder: D:\project08\MCP_AI\data\schoolTeachers\101_中国美术学院\跨媒体艺术学院 for university 中国美术学院 college 跨媒体艺术学院 URL https://www.caa.edu.cn/xy/jxjg/kmtysxy.htm/
2025-11-17 13:36:20,768 - INFO - Empty teacher folder: D:\project08\MCP_AI\data\schoolTeachers\101_中国美术学院\视觉传播学院 for university 中国美术学院 college 视觉传播学院 URL https://www.caa.edu.cn/xy/jxjg/sjcbxy.htm/
2025-11-17 13:36:23,206 - INFO - Empty teacher folder: D:\project08\MCP_AI\data\schoolTeachers\101_中国美术学院\时尚设计学院 for university 中国美术学院 college 时尚设计学院 URL https://www.caa.edu.cn/xy/jxjg/sssjxy.htm/
2025-11-17 13:36:25,448 - INFO - Empty teacher folder: D:\project08\MCP_AI\data\schoolTeachers\101_中国美术学院\工业设计学院 for university 中国美术学院 college 工业设计学院 URL https://www.caa.edu.cn/xy/jxjg/gysjxy.htm/
2025-11-17 13:36:28,039 - INFO - Empty teacher folder: D:\project08\MCP_AI\data\schoolTeachers\101_中国美术学院\手工艺术学院 for university 中国美术学院 college 手工艺术学院 URL https://www.caa.edu.cn/xy/jxjg/sgysxy.htm/
2025-11-17 13:36:28,780 - INFO - Empty teacher folder: D:\project08\MCP_AI\data\schoolTeachers\101_中国美术学院\创新设计学院 for university 中国美术学院 college 创新设计学院 URL https://www.caa.edu.cn/xy/jxjg/cxsjxy.htm/
2025-11-17 13:40:41,859 - INFO - Empty teacher folder: D:\project08\MCP_AI\data\schoolTeachers\101_中国美术学院\建筑艺术学院 for university 中国美术学院 college 建筑艺术学院 URL https://www.caa.edu.cn/xy/jxjg/jzysxy.htm/
2025-11-17 13:40:43,943 - INFO - Empty teacher folder: D:\project08\MCP_AI\data\schoolTeachers\101_中国美术学院\艺术人文学院 for university 中国美术学院 college 艺术人文学院 URL https://www.caa.edu.cn/xy/jxjg/ysrwxy.htm/
2025-11-17 13:40:45,917 - INFO - Empty teacher folder: D:\project08\MCP_AI\data\schoolTeachers\101_中国美术学院\艺术管理与教育学院 for university 中国美术学院 college 艺术管理与教育学院 URL https://www.caa.edu.cn/xy/jxjg/ysglyjyxy.htm/
2025-11-17 13:40:48,346 - INFO - Empty teacher folder: D:\project08\MCP_AI\data\schoolTeachers\101_中国美术学院\电影学院 for university 中国美术学院 college 电影学院 URL https://www.caa.edu.cn/xy/jxjg/dyxy.htm/
2025-11-17 13:40:50,271 - INFO - Empty teacher folder: D:\project08\MCP_AI\data\schoolTeachers\101_中国美术学院\动画与游戏学院 for university 中国美术学院 college 动画与游戏学院 URL https://www.caa.edu.cn/xy/jxjg/dhyyxxy.htm/
2025-11-17 13:40:52,326 - INFO - Empty teacher folder: D:\project08\MCP_AI\data\schoolTeachers\101_中国美术学院\专业基础教学部 for university 中国美术学院 college 专业基础教学部 URL https://www.caa.edu.cn/xy/jxjg/zyjcjxb.htm/
2025-11-17 13:40:54,570 - INFO - Empty teacher folder: D:\project08\MCP_AI\data\schoolTeachers\101_中国美术学院\上海设计艺术分院 for university 中国美术学院 college 上海设计艺术分院 URL https://www.caa.edu.cn/xy/jxjg/shsjysfy.htm/
2025-11-17 13:40:56,349 - INFO - Empty teacher folder: D:\project08\MCP_AI\data\schoolTeachers\101_中国美术学院\国际教育学院 for university 中国美术学院 college 国际教育学院 URL https://www.caa.edu.cn/xy/jxjg/gjjyxy.htm/
2025-11-17 13:40:58,963 - INFO - Empty teacher folder: D:\project08\MCP_AI\data\schoolTeachers\101_中国美术学院\南特设计联合学院 for university 中国美术学院 college 南特设计联合学院 URL https://www.caa.edu.cn/xy/jxjg/ntsjlhxy.htm/
2025-11-17 13:41:02,097 - INFO - Empty teacher folder: D:\project08\MCP_AI\data\schoolTeachers\101_中国美术学院\继续教育学院、社会美育学院 for university 中国美术学院 college 继续教育学院、社会美育学院 URL https://www.caa.edu.cn/xy/jxjg/jxjyxy_shmyxy.htm/
2025-11-17 13:43:33,509 - INFO - Empty teacher folder: D:\project08\MCP_AI\data\schoolTeachers\101_中国美术学院\附中 for university 中国美术学院 college 附中 URL https://www.caa.edu.cn/xy/jxjg/fz.htm/
2025-11-17 13:43:36,558 - INFO - Empty teacher folder: D:\project08\MCP_AI\data\schoolTeachers\101_中国美术学院\马克思主义学院 for university 中国美术学院 college 马克思主义学院 URL https://www.caa.edu.cn/xy/jxjg/mkszyxy.htm/
2025-11-17 13:43:37,130 - INFO - Empty teacher folder: D:\project08\MCP_AI\data\schoolTeachers\101_中国美术学院\公共体育部 for university 中国美术学院 college 公共体育部 URL https://www.caa.edu.cn/xy/jxjg/ggtyb.htm/
2025-11-17 13:43:40,257 - INFO - Empty teacher folder: D:\project08\MCP_AI\data\schoolTeachers\101_中国美术学院\文创设计制造业协同创新中心 for university 中国美术学院 college 文创设计制造业协同创新中心 URL https://www.caa.edu.cn/xy/jxjg/wcsjzzyxtcxzx.htm/
2025-11-17 13:43:41,468 - INFO - Empty teacher folder: D:\project08\MCP_AI\data\schoolTeachers\101_中国美术学院\视觉中国协同创新中心 for university 中国美术学院 college 视觉中国协同创新中心 URL https://www.caa.edu.cn/xy/jxjg/sjzgxtcxzx.htm/
2025-11-17 13:43:44,074 - INFO - Empty teacher folder: D:\project08\MCP_AI\data\schoolTeachers\101_中国美术学院\实验教学管理部 for university 中国美术学院 college 实验教学管理部 URL https://www.caa.edu.cn/xy/jxjg/syjxglb.htm/
2025-11-17 14:12:46,135 - INFO - Empty teacher folder: D:\project08\MCP_AI\data\schoolTeachers\102_安徽大学\艺术学院（公共艺术教育中心） for university 安徽大学 college 艺术学院（公共艺术教育中心） URL http://ysxy.ahu.edu.cn/
2025-11-17 14:13:02,268 - INFO - Empty teacher folder: D:\project08\MCP_AI\data\schoolTeachers\102_安徽大学\文典学院 for university 安徽大学 college 文典学院 URL http://wendian.ahu.edu.cn/
2025-11-17 14:13:18,557 - INFO - Empty teacher folder: D:\project08\MCP_AI\data\schoolTeachers\102_安徽大学\纽约石溪学院 for university 安徽大学 college 纽约石溪学院 URL http://sbiahu.ahu.edu.cn/
2025-11-17 14:13:36,786 - INFO - Empty teacher folder: D:\project08\MCP_AI\data\schoolTeachers\102_安徽大学\中法工程师学院 for university 安徽大学 college 中法工程师学院 URL http://eisf.ahu.edu.cn/
2025-11-17 14:15:48,118 - INFO - Empty teacher folder: D:\project08\MCP_AI\data\schoolTeachers\102_安徽大学\体育军事教学部 for university 安徽大学 college 体育军事教学部 URL http://tyjs.ahu.edu.cn/
2025-11-17 14:17:10,141 - INFO - Empty teacher folder: D:\project08\MCP_AI\data\schoolTeachers\102_安徽大学\社会与政治学院 for university 安徽大学 college 社会与政治学院 URL http://szxy.ahu.edu.cn/
2025-11-17 14:17:29,044 - INFO - Empty teacher folder: D:\project08\MCP_AI\data\schoolTeachers\102_安徽大学\大学数学教学中心 for university 安徽大学 college 大学数学教学中心 URL https://dszx.ahu.edu.cn/main.htm/
2025-11-17 14:17:40,583 - INFO - Empty teacher folder: D:\project08\MCP_AI\data\schoolTeachers\102_安徽大学\大学外语教学中心 for university 安徽大学 college 大学外语教学中心 URL https://dw.ahu.edu.cn/
2025-11-17 14:17:50,654 - INFO - Empty teacher folder: D:\project08\MCP_AI\data\schoolTeachers\102_安徽大学\国际教育学院 for university 安徽大学 college 国际教育学院 URL http://sie.ahu.edu.cn/
2025-11-17 14:18:16,635 - INFO - Empty teacher folder: D:\project08\MCP_AI\data\schoolTeachers\102_安徽大学\管理学院 for university 安徽大学 college 管理学院 URL http://man.ahu.edu.cn/
2025-11-17 14:18:31,853 - INFO - Empty teacher folder: D:\project08\MCP_AI\data\schoolTeachers\102_安徽大学\外语学院 for university 安徽大学 college 外语学院 URL http://sfs.ahu.edu.cn/
2025-11-17 14:18:38,841 - INFO - Empty teacher folder: D:\project08\MCP_AI\data\schoolTeachers\102_安徽大学\法学院 for university 安徽大学 college 法学院 URL http://law.ahu.edu.cn/
2025-11-17 14:20:15,916 - INFO - Empty teacher folder: D:\project08\MCP_AI\data\schoolTeachers\102_安徽大学\徽学研究中心 for university 安徽大学 college 徽学研究中心 URL https://huixue.ahu.edu.cn/
2025-11-17 14:21:48,374 - INFO - Empty teacher folder: D:\project08\MCP_AI\data\schoolTeachers\102_安徽大学\计算智能与信号处理教育部重点实验室 for university 安徽大学 college 计算智能与信号处理教育部重点实验室 URL https://icsp.ahu.edu.cn/
2025-11-17 14:21:52,566 - INFO - Empty teacher folder: D:\project08\MCP_AI\data\schoolTeachers\102_安徽大学\光电信息获取与控制教育部重点实验室 for university 安徽大学 college 光电信息获取与控制教育部重点实验室 URL https://oeiam.ahu.edu.cn/
2025-11-17 14:22:02,691 - INFO - Empty teacher folder: D:\project08\MCP_AI\data\schoolTeachers\102_安徽大学\杂化材料结构与功能调控教育部重点实验室 for university 安徽大学 college 杂化材料结构与功能调控教育部重点实验室 URL http://sfrhm.ahu.edu.cn/
2025-11-17 14:22:27,039 - INFO - Empty teacher folder: D:\project08\MCP_AI\data\schoolTeachers\102_安徽大学\教育部电能质量工程研究中心 for university 安徽大学 college 教育部电能质量工程研究中心 URL https://dnzlgczx.ahu.edu.cn/
2025-11-17 14:22:55,735 - INFO - Empty teacher folder: D:\project08\MCP_AI\data\schoolTeachers\102_安徽大学\继续教育学院 for university 安徽大学 college 继续教育学院 URL https://jxjy.ahu.edu.cn/
2025-11-17 14:25:15,425 - INFO - Empty teacher folder: D:\project08\MCP_AI\data\schoolTeachers\102_安徽大学\创新发展研究院 for university 安徽大学 college 创新发展研究院 URL http://ahthinktank.ahu.edu.cn/
2025-11-17 14:25:18,014 - INFO - Empty teacher folder: D:\project08\MCP_AI\data\schoolTeachers\102_安徽大学\未来产业创新研究院 for university 安徽大学 college 未来产业创新研究院 URL http://lscy.ahu.edu.cn/
2025-11-17 14:25:25,479 - INFO - Empty teacher folder: D:\project08\MCP_AI\data\schoolTeachers\102_安徽大学\汉字发展与应用研究中心 for university 安徽大学 college 汉字发展与应用研究中心 URL https://hz.ahu.edu.cn/
2025-11-17 15:49:55,013 - INFO - Empty teacher folder: D:\project08\MCP_AI\data\schoolTeachers\104_福州大学\化学学院 for university 福州大学 college 化学学院 URL https://www.fzu.edu.cn/system/resource/link.jsp?bmmc=chem&type=w/
2025-11-17 15:51:29,813 - INFO - Empty teacher folder: D:\project08\MCP_AI\data\schoolTeachers\104_福州大学\紫金地质与矿业学院 for university 福州大学 college 紫金地质与矿业学院 URL https://www.fzu.edu.cn/system/resource/link.jsp?bmmc=zjxy&type=w/
2025-11-17 15:53:22,612 - INFO - Empty teacher folder: D:\project08\MCP_AI\data\schoolTeachers\104_福州大学\继续教育学院 for university 福州大学 college 继续教育学院 URL https://cjy.fzu.edu.cn/
2025-11-17 15:54:12,528 - INFO - Empty teacher folder: D:\project08\MCP_AI\data\schoolTeachers\104_福州大学\材料科学与工程学院 for university 福州大学 college 材料科学与工程学院 URL https://www.fzu.edu.cn/system/resource/link.jsp?bmmc=cl&type=w/
2025-11-17 16:00:24,114 - INFO - Empty teacher folder: D:\project08\MCP_AI\data\schoolTeachers\104_福州大学\体育教学研究部 for university 福州大学 college 体育教学研究部 URL https://sports.fzu.edu.cn/
2025-11-17 16:03:05,942 - INFO - Empty teacher folder: D:\project08\MCP_AI\data\schoolTeachers\104_福州大学\梅努斯国际工程学院 for university 福州大学 college 梅努斯国际工程学院 URL https://www.fzu.edu.cn/system/resource/link.jsp?bmmc=miec&type=w/
2025-11-17 16:26:30,270 - INFO - Empty teacher folder: D:\project08\MCP_AI\data\schoolTeachers\105_南昌大学\外国语学院 for university 南昌大学 college 外国语学院 URL http://wgyxy.ncu.edu.cn/
2025-11-17 16:27:07,754 - INFO - Empty teacher folder: D:\project08\MCP_AI\data\schoolTeachers\105_南昌大学\公共政策与管理学院 for university 南昌大学 college 公共政策与管理学院 URL http://spm.ncu.edu.cn/
2025-11-17 16:27:52,221 - INFO - Empty teacher folder: D:\project08\MCP_AI\data\schoolTeachers\105_南昌大学\法学院 for university 南昌大学 college 法学院 URL http://law.ncu.edu.cn/
2025-11-17 16:28:14,942 - INFO - Empty teacher folder: D:\project08\MCP_AI\data\schoolTeachers\105_南昌大学\体育学院 for university 南昌大学 college 体育学院 URL http://spe.ncu.edu.cn/
2025-11-17 16:32:37,125 - INFO - Empty teacher folder: D:\project08\MCP_AI\data\schoolTeachers\105_南昌大学\数学与计算机学院 for university 南昌大学 college 数学与计算机学院 URL http://smcs.ncu.edu.cn/
2025-11-17 16:32:44,443 - INFO - Empty teacher folder: D:\project08\MCP_AI\data\schoolTeachers\105_南昌大学\化学化工学院 for university 南昌大学 college 化学化工学院 URL http://chem.ncu.edu.cn/
2025-11-17 16:34:23,773 - INFO - Empty teacher folder: D:\project08\MCP_AI\data\schoolTeachers\105_南昌大学\先进制造学院 for university 南昌大学 college 先进制造学院 URL http://jdgcxy.ncu.edu.cn/
2025-11-17 16:38:03,611 - INFO - Empty teacher folder: D:\project08\MCP_AI\data\schoolTeachers\105_南昌大学\南昌大学江西医学院 for university 南昌大学 college 南昌大学江西医学院 URL https://jxmu.ncu.edu.cn/
2025-11-17 16:42:45,011 - INFO - Empty teacher folder: D:\project08\MCP_AI\data\schoolTeachers\105_南昌大学\玛丽女王学院 for university 南昌大学 college 玛丽女王学院 URL http://qmul.ncu.edu.cn/
2025-11-17 16:43:17,764 - INFO - Empty teacher folder: D:\project08\MCP_AI\data\schoolTeachers\105_南昌大学\第一临床医学院 for university 南昌大学 college 第一临床医学院 URL https://www.cdyfy.com/
2025-11-17 16:45:08,702 - INFO - Empty teacher folder: D:\project08\MCP_AI\data\schoolTeachers\105_南昌大学\第二临床医学院 for university 南昌大学 college 第二临床医学院 URL https://www.jxndefy.cn/
2025-11-17 16:47:02,223 - INFO - Empty teacher folder: D:\project08\MCP_AI\data\schoolTeachers\105_南昌大学\眼视光学院 for university 南昌大学 college 眼视光学院 URL http://ncdxfsykyy.ncu.edu.cn/
2025-11-17 16:47:23,825 - INFO - Empty teacher folder: D:\project08\MCP_AI\data\schoolTeachers\105_南昌大学\口腔医学院 for university 南昌大学 college 口腔医学院 URL http://www.jxskqyy.com/
2025-11-17 16:49:02,296 - INFO - Empty teacher folder: D:\project08\MCP_AI\data\schoolTeachers\105_南昌大学\焕奎书院 for university 南昌大学 college 焕奎书院 URL http://hka.ncu.edu.cn/
2025-11-17 16:50:05,647 - INFO - Empty teacher folder: D:\project08\MCP_AI\data\schoolTeachers\105_南昌大学\军事教研部（人民武装部） for university 南昌大学 college 军事教研部（人民武装部） URL https://rwb.ncu.edu.cn/
2025-11-17 16:50:29,547 - INFO - Empty teacher folder: D:\project08\MCP_AI\data\schoolTeachers\105_南昌大学\卓越工程师学院 for university 南昌大学 college 卓越工程师学院 URL https://ygb.ncu.edu.cn/
2025-11-17 17:00:32,990 - INFO - Empty teacher folder: D:\project08\MCP_AI\data\schoolTeachers\106_河南大学\纪检监察学院 for university 河南大学 college 纪检监察学院 URL http://jjjcxy.henu.edu.cn/
2025-11-17 17:15:56,355 - INFO - Empty teacher folder: D:\project08\MCP_AI\data\schoolTeachers\106_河南大学\数学与统计学院 for university 河南大学 college 数学与统计学院 URL https://maths.henu.edu.cn/
2025-11-17 17:27:18,983 - INFO - Empty teacher folder: D:\project08\MCP_AI\data\schoolTeachers\106_河南大学\软件学院 for university 河南大学 college 软件学院 URL https://software.henu.edu.cn/
2025-11-17 17:34:54,266 - INFO - Empty teacher folder: D:\project08\MCP_AI\data\schoolTeachers\106_河南大学\国际教育学院 for university 河南大学 college 国际教育学院 URL https://dwhy.henu.edu.cn/
2025-11-17 17:38:10,132 - INFO - Empty teacher folder: D:\project08\MCP_AI\data\schoolTeachers\106_河南大学\药学院 for university 河南大学 college 药学院 URL https://yxy.henu.edu.cn/
2025-11-17 17:38:20,097 - INFO - Empty teacher folder: D:\project08\MCP_AI\data\schoolTeachers\106_河南大学\生命科学学院 for university 河南大学 college 生命科学学院 URL https://bio.henu.edu.cn/
2025-11-17 17:39:51,848 - INFO - Empty teacher folder: D:\project08\MCP_AI\data\schoolTeachers\106_河南大学\大学外语教研部 for university 河南大学 college 大学外语教研部 URL https://wyb.henu.edu.cn/
2025-11-17 18:00:35,744 - INFO - Empty teacher folder: D:\project08\MCP_AI\data\schoolTeachers\107_中国地质大学（武汉）\李四光学院 for university 中国地质大学（武汉） college 李四光学院 URL http://lsgxy.cug.edu.cn/
2025-11-17 18:09:01,303 - INFO - Empty teacher folder: D:\project08\MCP_AI\data\schoolTeachers\107_中国地质大学（武汉）\国际教育学院 for university 中国地质大学（武汉） college 国际教育学院 URL http://iec.cug.edu.cn/
2025-11-17 18:10:07,860 - INFO - Empty teacher folder: D:\project08\MCP_AI\data\schoolTeachers\107_中国地质大学（武汉）\安哈尔特智能工程与可持续发展学院 for university 中国地质大学（武汉） college 安哈尔特智能工程与可持续发展学院 URL https://cug-anhalt.cug.edu.cn/
2025-11-17 18:28:39,671 - INFO - Empty teacher folder: D:\project08\MCP_AI\data\schoolTeachers\108_中国地质大学（北京）\海洋学院 for university 中国地质大学（北京） college 海洋学院 URL https://sos.cugb.edu.cn/
2025-11-17 18:28:46,195 - INFO - Empty teacher folder: D:\project08\MCP_AI\data\schoolTeachers\108_中国地质大学（北京）\体育部 for university 中国地质大学（北京） college 体育部 URL https://dpe.cugb.edu.cn/
2025-11-17 19:43:15,376 - INFO - Empty teacher folder: D:\project08\MCP_AI\data\schoolTeachers\111_华中师范大学\城市与环境科学学院 for university 华中师范大学 college 城市与环境科学学院 URL http://ccnucity.ccnu.edu.cn/
2025-11-17 19:45:15,984 - INFO - Empty teacher folder: D:\project08\MCP_AI\data\schoolTeachers\111_华中师范大学\中国近代史研究所 for university 华中师范大学 college 中国近代史研究所 URL http://zgjds.ccnu.edu.cn/
2025-11-17 19:46:32,498 - INFO - Empty teacher folder: D:\project08\MCP_AI\data\schoolTeachers\111_华中师范大学\政治学与国家治理研究院 for university 华中师范大学 college 政治学与国家治理研究院 URL https://ipng.ccnu.edu.cn/
2025-11-17 19:53:40,429 - INFO - Empty teacher folder: D:\project08\MCP_AI\data\schoolTeachers\112_中南财经政法大学\法学实验教学中心 for university 中南财经政法大学 college 法学实验教学中心 URL https://fxsyzx.zuel.edu.cn/
2025-11-17 19:54:02,252 - INFO - Empty teacher folder: D:\project08\MCP_AI\data\schoolTeachers\112_中南财经政法大学\财政税务学院 for university 中南财经政法大学 college 财政税务学院 URL https://csxy.zuel.edu.cn/
2025-11-17 19:57:17,020 - INFO - Empty teacher folder: D:\project08\MCP_AI\data\schoolTeachers\112_中南财经政法大学\法学院 for university 中南财经政法大学 college 法学院 URL https://law.zuel.edu.cn/
2025-11-17 20:01:07,711 - INFO - Empty teacher folder: D:\project08\MCP_AI\data\schoolTeachers\112_中南财经政法大学\国际法学院 for university 中南财经政法大学 college 国际法学院 URL https://sil.zuel.edu.cn/
2025-11-17 20:02:28,608 - INFO - Empty teacher folder: D:\project08\MCP_AI\data\schoolTeachers\112_中南财经政法大学\会计学院 for university 中南财经政法大学 college 会计学院 URL https://kjxy.zuel.edu.cn/
2025-11-17 20:03:48,126 - INFO - Empty teacher folder: D:\project08\MCP_AI\data\schoolTeachers\112_中南财经政法大学\MPA中心 for university 中南财经政法大学 college MPA中心 URL https://mpa.zuel.edu.cn/
2025-11-17 20:08:26,694 - INFO - Empty teacher folder: D:\project08\MCP_AI\data\schoolTeachers\112_中南财经政法大学\MBA中心 for university 中南财经政法大学 college MBA中心 URL https://mba.zuel.edu.cn/
2025-11-17 20:18:45,337 - INFO - Empty teacher folder: D:\project08\MCP_AI\data\schoolTeachers\113_湖南师范大学\继续教育学院 for university 湖南师范大学 college 继续教育学院 URL http://jxjyxy.hunnu.edu.cn/
2025-11-17 20:41:12,036 - INFO - Empty teacher folder: D:\project08\MCP_AI\data\schoolTeachers\113_湖南师范大学\创新创业学院 for university 湖南师范大学 college 创新创业学院 URL https://cxcyxy.hunnu.edu.cn/
2025-11-17 20:45:37,819 - INFO - Empty teacher folder: D:\project08\MCP_AI\data\schoolTeachers\113_湖南师范大学\树达学院 for university 湖南师范大学 college 树达学院 URL https://sdw.hunnu.edu.cn/
2025-11-17 20:47:51,720 - INFO - Empty teacher folder: D:\project08\MCP_AI\data\schoolTeachers\113_湖南师范大学\音乐学院 for university 湖南师范大学 college 音乐学院 URL http://yyxy.hunnu.edu.cn/
2025-11-17 20:49:14,229 - INFO - Empty teacher folder: D:\project08\MCP_AI\data\schoolTeachers\113_湖南师范大学\教师教育学院 for university 湖南师范大学 college 教师教育学院 URL http://jsjy.hunnu.edu.cn/
2025-11-17 21:19:43,474 - INFO - Empty teacher folder: D:\project08\MCP_AI\data\schoolTeachers\114_暨南大学\口腔医学院 for university 暨南大学 college 口腔医学院 URL http://kqyxy.jnu.edu.cn/
2025-11-17 21:47:58,422 - INFO - Empty teacher folder: D:\project08\MCP_AI\data\schoolTeachers\114_暨南大学\四海书院 for university 暨南大学 college 四海书院 URL https://shsy.jnu.edu.cn/
2025-11-17 21:48:49,453 - INFO - Empty teacher folder: D:\project08\MCP_AI\data\schoolTeachers\114_暨南大学\国际能源学院_能源电力研究中心 for university 暨南大学 college 国际能源学院/能源电力研究中心 URL http://energy.jnu.edu.cn/
2025-11-17 21:50:15,997 - INFO - Empty teacher folder: D:\project08\MCP_AI\data\schoolTeachers\114_暨南大学\日本学院 for university 暨南大学 college 日本学院 URL https://jnu.jp/
2025-11-17 21:54:41,021 - INFO - Empty teacher folder: D:\project08\MCP_AI\data\schoolTeachers\115_广州中医药大学\针灸康复临床医学院 for university 广州中医药大学 college 针灸康复临床医学院 URL https://zhenkang.gzucm.edu.cn/
2025-11-17 21:55:12,674 - INFO - Empty teacher folder: D:\project08\MCP_AI\data\schoolTeachers\115_广州中医药大学\第三临床医学院 for university 广州中医药大学 college 第三临床医学院 URL https://dslc.gzucm.edu.cn/
2025-11-17 21:56:58,870 - INFO - Empty teacher folder: D:\project08\MCP_AI\data\schoolTeachers\115_广州中医药大学\第四临床医学院 for university 广州中医药大学 college 第四临床医学院 URL https://dslcyxy.gzucm.edu.cn/
2025-11-17 21:57:30,761 - INFO - Empty teacher folder: D:\project08\MCP_AI\data\schoolTeachers\115_广州中医药大学\基础医学院 for university 广州中医药大学 college 基础医学院 URL https://jcyxy.gzucm.edu.cn/
2025-11-17 21:57:58,453 - INFO - Empty teacher folder: D:\project08\MCP_AI\data\schoolTeachers\115_广州中医药大学\第一临床医学院 for university 广州中医药大学 college 第一临床医学院 URL https://dylc.gzucm.edu.cn/
2025-11-17 21:59:59,855 - INFO - Empty teacher folder: D:\project08\MCP_AI\data\schoolTeachers\115_广州中医药大学\继续教育学院（广东省中医药职业学院） for university 广州中医药大学 college 继续教育学院（广东省中医药职业学院） URL https://jxjyxy.gzucm.edu.cn/
2025-11-17 22:00:14,408 - INFO - Empty teacher folder: D:\project08\MCP_AI\data\schoolTeachers\115_广州中医药大学\护理学院 for university 广州中医药大学 college 护理学院 URL https://hlxy.gzucm.edu.cn/index.htm/
2025-11-17 22:02:54,993 - INFO - Empty teacher folder: D:\project08\MCP_AI\data\schoolTeachers\115_广州中医药大学\体育健康学院 for university 广州中医药大学 college 体育健康学院 URL https://tyjk.gzucm.edu.cn/
2025-11-17 22:04:03,583 - INFO - Empty teacher folder: D:\project08\MCP_AI\data\schoolTeachers\115_广州中医药大学\第二临床医学院 for university 广州中医药大学 college 第二临床医学院 URL https://delc.gzucm.edu.cn/
2025-11-17 22:05:02,119 - INFO - Empty teacher folder: D:\project08\MCP_AI\data\schoolTeachers\115_广州中医药大学\深圳临床医学院 for university 广州中医药大学 college 深圳临床医学院 URL https://szlcyxy.gzucm.edu.cn/
2025-11-17 22:05:46,357 - INFO - Empty teacher folder: D:\project08\MCP_AI\data\schoolTeachers\115_广州中医药大学\医学信息工程学院 for university 广州中医药大学 college 医学信息工程学院 URL https://ygxy.gzucm.edu.cn/
2025-11-17 22:05:58,326 - INFO - Empty teacher folder: D:\project08\MCP_AI\data\schoolTeachers\115_广州中医药大学\深圳特色学院 for university 广州中医药大学 college 深圳特色学院 URL https://gri.gzucm.edu.cn/
2025-11-17 22:08:19,756 - INFO - Empty teacher folder: D:\project08\MCP_AI\data\schoolTeachers\115_广州中医药大学\国学院 for university 广州中医药大学 college 国学院 URL https://guoxue.gzucm.edu.cn/
2025-11-17 22:13:05,404 - INFO - Empty teacher folder: D:\project08\MCP_AI\data\schoolTeachers\116_华南师范大学\汕尾校区公共课教学部 for university 华南师范大学 college 汕尾校区公共课教学部 URL https://swc.scnu.edu.cn/
2025-11-17 22:43:25,687 - INFO - Empty teacher folder: D:\project08\MCP_AI\data\schoolTeachers\117_海南大学\机电工程学院 for university 海南大学 college 机电工程学院 URL http://smee.hainanu.edu.cn/
2025-11-17 23:00:50,793 - INFO - Empty teacher folder: D:\project08\MCP_AI\data\schoolTeachers\117_海南大学\椰风书院 for university 海南大学 college 椰风书院 URL http://yfc.hainanu.edu.cn/
2025-11-17 23:00:58,201 - INFO - Empty teacher folder: D:\project08\MCP_AI\data\schoolTeachers\117_海南大学\乘风书院 for university 海南大学 college 乘风书院 URL http://cfc.hainanu.edu.cn/
2025-11-17 23:04:22,285 - INFO - Empty teacher folder: D:\project08\MCP_AI\data\schoolTeachers\117_海南大学\南海书院 for university 海南大学 college 南海书院 URL http://nhc.hainanu.edu.cn/
2025-11-17 23:04:58,463 - INFO - Empty teacher folder: D:\project08\MCP_AI\data\schoolTeachers\117_海南大学\天工书院 for university 海南大学 college 天工书院 URL http://tgc.hainanu.edu.cn/
2025-11-17 23:07:37,968 - INFO - Empty teacher folder: D:\project08\MCP_AI\data\schoolTeachers\117_海南大学\中和书院 for university 海南大学 college 中和书院 URL http://zhc.hainanu.edu.cn/
2025-11-17 23:07:49,527 - INFO - Empty teacher folder: D:\project08\MCP_AI\data\schoolTeachers\117_海南大学\海德书院 for university 海南大学 college 海德书院 URL http://hdc.hainanu.edu.cn/
2025-11-17 23:08:18,124 - INFO - Empty teacher folder: D:\project08\MCP_AI\data\schoolTeachers\117_海南大学\朴诚书院 for university 海南大学 college 朴诚书院 URL http://pcc.hainanu.edu.cn/
2025-11-17 23:10:24,468 - INFO - Empty teacher folder: D:\project08\MCP_AI\data\schoolTeachers\117_海南大学\檀雅书院 for university 海南大学 college 檀雅书院 URL http://tyc.hainanu.edu.cn/
2025-11-17 23:10:32,170 - INFO - Empty teacher folder: D:\project08\MCP_AI\data\schoolTeachers\117_海南大学\晨曦书院 for university 海南大学 college 晨曦书院 URL http://cxc.hainanu.edu.cn/
2025-11-17 23:10:56,994 - INFO - Empty teacher folder: D:\project08\MCP_AI\data\schoolTeachers\117_海南大学\今朝书院 for university 海南大学 college 今朝书院 URL http://jzc.hainanu.edu.cn/
2025-11-17 23:11:50,272 - INFO - Empty teacher folder: D:\project08\MCP_AI\data\schoolTeachers\117_海南大学\丹心书院 for university 海南大学 college 丹心书院 URL http://dxc.hainanu.edu.cn/
2025-11-17 23:26:45,474 - INFO - Empty teacher folder: D:\project08\MCP_AI\data\schoolTeachers\118_广西大学\土木建筑工程学院 for university 广西大学 college 土木建筑工程学院 URL https://tmjz.gxu.edu.cn/
2025-11-17 23:33:05,625 - INFO - Empty teacher folder: D:\project08\MCP_AI\data\schoolTeachers\118_广西大学\体育学院 for university 广西大学 college 体育学院 URL https://tyxy.gxu.edu.cn/
2025-11-17 23:46:17,233 - INFO - Empty teacher folder: D:\project08\MCP_AI\data\schoolTeachers\119_西南交通大学\环境科学与工程学院 for university 西南交通大学 college 环境科学与工程学院 URL https://ese.swjtu.edu.cn/
2025-11-17 23:48:01,309 - INFO - Empty teacher folder: D:\project08\MCP_AI\data\schoolTeachers\119_西南交通大学\电气工程学院 for university 西南交通大学 college 电气工程学院 URL http://dqxy.swjtu.edu.cn/
2025-11-17 23:57:25,229 - INFO - Empty teacher folder: D:\project08\MCP_AI\data\schoolTeachers\119_西南交通大学\化学学院 for university 西南交通大学 college 化学学院 URL http://chem.swjtu.edu.cn/
2025-11-17 23:59:40,553 - INFO - Empty teacher folder: D:\project08\MCP_AI\data\schoolTeachers\119_西南交通大学\生命科学与工程学院 for university 西南交通大学 college 生命科学与工程学院 URL http://bioeng.swjtu.edu.cn/
2025-11-18 00:02:12,978 - INFO - Empty teacher folder: D:\project08\MCP_AI\data\schoolTeachers\119_西南交通大学\心理研究与咨询中心 for university 西南交通大学 college 心理研究与咨询中心 URL http://xinli.swjtu.edu.cn/
2025-11-18 00:02:53,517 - INFO - Empty teacher folder: D:\project08\MCP_AI\data\schoolTeachers\119_西南交通大学\体育学院 for university 西南交通大学 college 体育学院 URL http://sports.swjtu.edu.cn/
2025-11-18 00:03:53,240 - INFO - Empty teacher folder: D:\project08\MCP_AI\data\schoolTeachers\119_西南交通大学\继续教育学院 for university 西南交通大学 college 继续教育学院 URL https://sce.swjtu.edu.cn/
2025-11-18 00:23:25,957 - INFO - Empty teacher folder: D:\project08\MCP_AI\data\schoolTeachers\120_西南石油大学\继续教育学院 for university 西南石油大学 college 继续教育学院 URL http://www.swpu.edu.cn/c_jy/
2025-11-18 00:26:20,807 - INFO - Empty teacher folder: D:\project08\MCP_AI\data\schoolTeachers\120_西南石油大学\体育学院（体育运动委员会） for university 西南石油大学 college 体育学院（体育运动委员会） URL http://www.swpu.edu.cn/tyx/
2025-11-18 00:58:43,619 - INFO - Empty teacher folder: D:\project08\MCP_AI\data\schoolTeachers\121_成都理工大学\沉积地质研究院 for university 成都理工大学 college 沉积地质研究院 URL http://cjdzyjy.cdut.edu.cn/
2025-11-18 01:06:32,317 - INFO - Empty teacher folder: D:\project08\MCP_AI\data\schoolTeachers\122_四川农业大学\法学院 for university 四川农业大学 college 法学院 URL https://fxy.sicau.edu.cn/
2025-11-18 01:07:07,631 - INFO - Empty teacher folder: D:\project08\MCP_AI\data\schoolTeachers\122_四川农业大学\体育学院 for university 四川农业大学 college 体育学院 URL https://ytxy.sicau.edu.cn/
2025-11-18 01:12:17,115 - INFO - Empty teacher folder: D:\project08\MCP_AI\data\schoolTeachers\122_四川农业大学\艺术与传媒学院 for university 四川农业大学 college 艺术与传媒学院 URL https://yscm.sicau.edu.cn/
2025-11-18 01:22:10,168 - INFO - Empty teacher folder: D:\project08\MCP_AI\data\schoolTeachers\122_四川农业大学\管理学院 for university 四川农业大学 college 管理学院 URL https://glxy.sicau.edu.cn/
2025-11-26 14:50:33,501 - INFO - Empty teacher folder: D:\project08\MCP_AI\data\schoolTeachers\20_浙江大学\生命科学学院 for university 浙江大学 college 生命科学学院 URL http://www.cls.zju.edu.cn/
2025-11-26 14:50:33,790 - INFO - Empty teacher folder: D:\project08\MCP_AI\data\schoolTeachers\20_浙江大学\高分子科学与工程学系 for university 浙江大学 college 高分子科学与工程学系 URL http://polymer.zju.edu.cn/
2025-11-26 14:50:39,204 - INFO - Empty teacher folder: D:\project08\MCP_AI\data\schoolTeachers\20_浙江大学\药学院 for university 浙江大学 college 药学院 URL http://www.cps.zju.edu.cn/
2025-11-26 14:50:51,890 - INFO - Empty teacher folder: D:\project08\MCP_AI\data\schoolTeachers\20_浙江大学\动物科学学院 for university 浙江大学 college 动物科学学院 URL http://www.cas.zju.edu.cn/
2025-11-26 14:50:52,122 - INFO - Empty teacher folder: D:\project08\MCP_AI\data\schoolTeachers\20_浙江大学\机械工程学院 for university 浙江大学 college 机械工程学院 URL http://me.zju.edu.cn/mecn/main.htm/
2025-11-26 14:50:52,306 - INFO - Empty teacher folder: D:\project08\MCP_AI\data\schoolTeachers\20_浙江大学\外国语学院 for university 浙江大学 college 外国语学院 URL http://www.sis.zju.edu.cn/
2025-11-26 14:50:53,552 - INFO - Empty teacher folder: D:\project08\MCP_AI\data\schoolTeachers\20_浙江大学\建筑工程学院 for university 浙江大学 college 建筑工程学院 URL http://www.ccea.zju.edu.cn/main.htm/
2025-11-26 14:50:53,567 - INFO - Empty teacher folder: D:\project08\MCP_AI\data\schoolTeachers\20_浙江大学\能源工程学院 for university 浙江大学 college 能源工程学院 URL http://www.doe.zju.edu.cn/main.htm/
2025-11-26 16:19:27,660 - INFO - Empty teacher folder: D:\project08\MCP_AI\data\schoolTeachers\7_北京师范大学\中国教育与社会发展研究院 for university 北京师范大学 college 中国教育与社会发展研究院 URL http://www.esidea.bnu.edu.cn/
2025-11-26 16:19:50,019 - INFO - Empty teacher folder: D:\project08\MCP_AI\data\schoolTeachers\7_北京师范大学\艺术与传媒学院 for university 北京师范大学 college 艺术与传媒学院 URL http://www.art.bnu.edu.cn/
2025-11-26 16:20:01,863 - INFO - Empty teacher folder: D:\project08\MCP_AI\data\schoolTeachers\7_北京师范大学\继续教育与教师培训学院 for university 北京师范大学 college 继续教育与教师培训学院 URL http://www.scett.bnu.edu.cn/
2025-11-26 16:20:03,219 - INFO - Empty teacher folder: D:\project08\MCP_AI\data\schoolTeachers\7_北京师范大学\外国语言文学学院 for university 北京师范大学 college 外国语言文学学院 URL http://www.sfll.bnu.edu.cn/
2025-11-26 16:20:03,616 - INFO - Empty teacher folder: D:\project08\MCP_AI\data\schoolTeachers\7_北京师范大学\政府管理学院 for university 北京师范大学 college 政府管理学院 URL http://www.sg.bnu.edu.cn/
2025-11-26 16:50:43,315 - INFO - Empty teacher folder: D:\project08\MCP_AI\data\schoolTeachers\9_南开大学\实验动物中心 for university 南开大学 college 实验动物中心 URL http://lac.nankai.edu.cn/
2025-11-26 16:50:45,025 - INFO - Empty teacher folder: D:\project08\MCP_AI\data\schoolTeachers\9_南开大学\卓越工程师学院 for university 南开大学 college 卓越工程师学院 URL https://cee.nankai.edu.cn/
2025-11-26 16:50:49,311 - INFO - Empty teacher folder: D:\project08\MCP_AI\data\schoolTeachers\9_南开大学\视光科学研究院 for university 南开大学 college 视光科学研究院 URL https://sgkx.nankai.edu.cn/
2025-11-26 16:50:53,513 - INFO - Empty teacher folder: D:\project08\MCP_AI\data\schoolTeachers\9_南开大学\生物质资源化利用国家地方联合工程研究中心（南开大学） for university 南开大学 college 生物质资源化利用国家地方联合工程研究中心（南开大学） URL /
2025-11-26 16:50:54,073 - INFO - Empty teacher folder: D:\project08\MCP_AI\data\schoolTeachers\9_南开大学\战略环境评价研究中心 for university 南开大学 college 战略环境评价研究中心 URL /
2025-11-26 16:50:54,462 - INFO - Empty teacher folder: D:\project08\MCP_AI\data\schoolTeachers\9_南开大学\习近平新时代中国特色社会主义思想研究院 for university 南开大学 college 习近平新时代中国特色社会主义思想研究院 URL /
2025-11-26 16:50:54,508 - INFO - Empty teacher folder: D:\project08\MCP_AI\data\schoolTeachers\9_南开大学\农药国家工程研究中心（天津） for university 南开大学 college 农药国家工程研究中心（天津） URL /
2025-11-26 16:50:54,545 - INFO - Empty teacher folder: D:\project08\MCP_AI\data\schoolTeachers\9_南开大学\东欧拜占廷研究中心 for university 南开大学 college 东欧拜占廷研究中心 URL /
2025-11-26 16:50:54,595 - INFO - Empty teacher folder: D:\project08\MCP_AI\data\schoolTeachers\9_南开大学\新闻与传播学院 for university 南开大学 college 新闻与传播学院 URL https://jc.nankai.edu.cn/
2025-11-26 16:50:54,793 - INFO - Empty teacher folder: D:\project08\MCP_AI\data\schoolTeachers\9_南开大学\环境与社会发展研究中心 for university 南开大学 college 环境与社会发展研究中心 URL /
2025-11-26 16:50:55,187 - INFO - Empty teacher folder: D:\project08\MCP_AI\data\schoolTeachers\9_南开大学\社会建设与管理研究院 for university 南开大学 college 社会建设与管理研究院 URL /
2025-11-26 16:50:55,249 - INFO - Empty teacher folder: D:\project08\MCP_AI\data\schoolTeachers\9_南开大学\语言研究所 for university 南开大学 college 语言研究所 URL /
2025-11-26 16:50:55,254 - INFO - Empty teacher folder: D:\project08\MCP_AI\data\schoolTeachers\9_南开大学\海南研究院 for university 南开大学 college 海南研究院 URL /
2025-11-26 16:50:55,755 - INFO - Empty teacher folder: D:\project08\MCP_AI\data\schoolTeachers\9_南开大学\跨文化交流研究院 for university 南开大学 college 跨文化交流研究院 URL /
2025-11-26 16:50:55,814 - INFO - Empty teacher folder: D:\project08\MCP_AI\data\schoolTeachers\9_南开大学\WTO研究中心 for university 南开大学 college WTO研究中心 URL /
2025-11-26 16:50:56,101 - INFO - Empty teacher folder: D:\project08\MCP_AI\data\schoolTeachers\9_南开大学\欧洲研究中心 for university 南开大学 college 欧洲研究中心 URL /
2025-11-26 16:50:58,190 - INFO - Empty teacher folder: D:\project08\MCP_AI\data\schoolTeachers\9_南开大学\中外文明交叉科学中心 for university 南开大学 college 中外文明交叉科学中心 URL https://cgc.nankai.edu.cn/
2025-11-26 16:50:58,442 - INFO - Empty teacher folder: D:\project08\MCP_AI\data\schoolTeachers\9_南开大学\泰达应用物理研究院 for university 南开大学 college 泰达应用物理研究院 URL http://iap.nankai.edu.cn/
2025-11-26 16:50:58,996 - INFO - Empty teacher folder: D:\project08\MCP_AI\data\schoolTeachers\9_南开大学\亚洲研究中心 for university 南开大学 college 亚洲研究中心 URL http://arc.nankai.edu.cn/
2025-11-26 16:51:00,272 - INFO - Empty teacher folder: D:\project08\MCP_AI\data\schoolTeachers\9_南开大学\党内法规研究中心 for university 南开大学 college 党内法规研究中心 URL /
2025-11-26 16:54:23,043 - INFO - Empty teacher folder: D:\project08\MCP_AI\data\schoolTeachers\1_北京大学\深圳医院（共建） for university 北京大学 college 深圳医院（共建） URL https://www.pkuszh.com/
2025-11-26 16:54:26,306 - INFO - Empty teacher folder: D:\project08\MCP_AI\data\schoolTeachers\1_北京大学\医学继续教育学院 for university 北京大学 college 医学继续教育学院 URL http://scme.bjmu.edu.cn/
2025-11-26 16:54:41,685 - INFO - Empty teacher folder: D:\project08\MCP_AI\data\schoolTeachers\1_北京大学\信息科学技术学院 for university 北京大学 college 信息科学技术学院 URL https://eecs.pku.edu.cn/
2025-11-26 16:55:22,037 - INFO - Empty teacher folder: D:\project08\MCP_AI\data\schoolTeachers\1_北京大学\公共卫生学院 for university 北京大学 college 公共卫生学院 URL https://sph.pku.edu.cn/
2025-11-27 14:29:55,315 - INFO - Empty teacher folder: D:\project08\MCP_AI\data\schoolTeachers\1_北京大学\深圳医院（共建） for university 北京大学 college 深圳医院（共建） URL https://www.pkuszh.com/
2025-11-27 14:29:56,982 - INFO - Empty teacher folder: D:\project08\MCP_AI\data\schoolTeachers\1_北京大学\医学继续教育学院 for university 北京大学 college 医学继续教育学院 URL http://scme.bjmu.edu.cn/
2025-11-27 14:30:16,929 - INFO - Empty teacher folder: D:\project08\MCP_AI\data\schoolTeachers\1_北京大学\信息科学技术学院 for university 北京大学 college 信息科学技术学院 URL https://eecs.pku.edu.cn/
2025-11-27 14:30:52,616 - INFO - Empty teacher folder: D:\project08\MCP_AI\data\schoolTeachers\1_北京大学\公共卫生学院 for university 北京大学 college 公共卫生学院 URL https://sph.pku.edu.cn/
2025-11-27 14:31:11,150 - INFO - Empty teacher folder: D:\project08\MCP_AI\data\schoolTeachers\2_中国人民大学\深圳研究院 for university 中国人民大学 college 深圳研究院 URL http://sz.ruc.edu.cn/
2025-11-27 14:31:20,457 - INFO - Empty teacher folder: D:\project08\MCP_AI\data\schoolTeachers\2_中国人民大学\人口与健康学院 for university 中国人民大学 college 人口与健康学院 URL http://sph.ruc.edu.cn/index.htm/
2025-11-27 14:31:21,535 - INFO - Empty teacher folder: D:\project08\MCP_AI\data\schoolTeachers\2_中国人民大学\苏州人工智能学院（苏州人工智能实验室） for university 中国人民大学 college 苏州人工智能学院（苏州人工智能实验室） URL https://su.ruc.edu.cn/department/ssai/index.htm/
2025-11-27 14:31:21,544 - INFO - Empty teacher folder: D:\project08\MCP_AI\data\schoolTeachers\2_中国人民大学\统计学院 for university 中国人民大学 college 统计学院 URL http://stat.ruc.edu.cn/
2025-11-27 14:31:21,549 - INFO - Empty teacher folder: D:\project08\MCP_AI\data\schoolTeachers\2_中国人民大学\智慧治理学院 for university 中国人民大学 college 智慧治理学院 URL http://su.ruc.edu.cn/department/ssg/index.htm/
2025-11-27 14:31:22,149 - INFO - Empty teacher folder: D:\project08\MCP_AI\data\schoolTeachers\2_中国人民大学\中法学院（远见书院） for university 中国人民大学 college 中法学院（远见书院） URL http://su.ruc.edu.cn/department/ifc/index.htm/
2025-11-27 14:31:22,184 - INFO - Empty teacher folder: D:\project08\MCP_AI\data\schoolTeachers\2_中国人民大学\国际学院（苏州研究院） for university 中国人民大学 college 国际学院（苏州研究院） URL http://su.ruc.edu.cn/department/ic/index.htm/
2025-11-27 14:31:35,505 - INFO - Empty teacher folder: D:\project08\MCP_AI\data\schoolTeachers\4_北京航空航天大学\国际学院 for university 北京航空航天大学 college 国际学院 URL http://is.buaa.edu.cn/
2025-11-27 14:31:41,959 - INFO - Empty teacher folder: D:\project08\MCP_AI\data\schoolTeachers\4_北京航空航天大学\国际通用工程学院 for university 北京航空航天大学 college 国际通用工程学院 URL https://sge.buaa.edu.cn/
2025-11-27 14:31:53,737 - INFO - Empty teacher folder: D:\project08\MCP_AI\data\schoolTeachers\5_北京理工大学\继续教育学院 for university 北京理工大学 college 继续教育学院 URL http://sce.bit.edu.cn/
2025-11-27 14:32:02,212 - INFO - Empty teacher folder: D:\project08\MCP_AI\data\schoolTeachers\5_北京理工大学\郑州研究院 for university 北京理工大学 college 郑州研究院 URL https://zhengzhou.bit.edu.cn/
2025-11-27 14:32:08,792 - INFO - Empty teacher folder: D:\project08\MCP_AI\data\schoolTeachers\5_北京理工大学\前沿技术研究院（济南） for university 北京理工大学 college 前沿技术研究院（济南） URL /
2025-11-27 14:32:09,063 - INFO - Empty teacher folder: D:\project08\MCP_AI\data\schoolTeachers\5_北京理工大学\重庆创新中心 for university 北京理工大学 college 重庆创新中心 URL /
2025-11-27 14:32:09,312 - INFO - Empty teacher folder: D:\project08\MCP_AI\data\schoolTeachers\5_北京理工大学\唐山研究院 for university 北京理工大学 college 唐山研究院 URL /
2025-11-27 14:32:09,482 - INFO - Empty teacher folder: D:\project08\MCP_AI\data\schoolTeachers\5_北京理工大学\秦皇岛分校 for university 北京理工大学 college 秦皇岛分校 URL /
2025-11-27 14:32:09,973 - INFO - Empty teacher folder: D:\project08\MCP_AI\data\schoolTeachers\5_北京理工大学\高能物质安全审评与认证中心 for university 北京理工大学 college 高能物质安全审评与认证中心 URL /
2025-11-27 14:32:10,453 - INFO - Empty teacher folder: D:\project08\MCP_AI\data\schoolTeachers\5_北京理工大学\管理学院 for university 北京理工大学 college 管理学院 URL http://sme.bit.edu.cn/
2025-11-27 14:32:10,464 - INFO - Empty teacher folder: D:\project08\MCP_AI\data\schoolTeachers\5_北京理工大学\材料学院 for university 北京理工大学 college 材料学院 URL http://mse.bit.edu.cn/
2025-11-27 14:32:10,940 - INFO - Empty teacher folder: D:\project08\MCP_AI\data\schoolTeachers\5_北京理工大学\体育部 for university 北京理工大学 college 体育部 URL https://tyb.bit.edu.cn/index.htm/
2025-11-27 14:32:11,105 - INFO - Empty teacher folder: D:\project08\MCP_AI\data\schoolTeachers\5_北京理工大学\医学技术学院 for university 北京理工大学 college 医学技术学院 URL http://smt.bit.edu.cn/
2025-11-27 14:32:11,413 - INFO - Empty teacher folder: D:\project08\MCP_AI\data\schoolTeachers\5_北京理工大学\信息与电子学院 for university 北京理工大学 college 信息与电子学院 URL http://sie.bit.edu.cn/
2025-11-27 14:32:46,057 - INFO - Empty teacher folder: D:\project08\MCP_AI\data\schoolTeachers\6_中国农业大学\美育教学中心 for university 中国农业大学 college 美育教学中心 URL http://myjxzx.cau.edu.cn/
2025-11-27 14:32:49,373 - INFO - Empty teacher folder: D:\project08\MCP_AI\data\schoolTeachers\6_中国农业大学\信息与电气工程学院 for university 中国农业大学 college 信息与电气工程学院 URL http://ciee.cau.edu.cn/
2025-11-27 14:33:05,184 - INFO - Empty teacher folder: D:\project08\MCP_AI\data\schoolTeachers\7_北京师范大学\中国教育与社会发展研究院 for university 北京师范大学 college 中国教育与社会发展研究院 URL http://www.esidea.bnu.edu.cn/
2025-11-27 14:33:12,457 - INFO - Empty teacher folder: D:\project08\MCP_AI\data\schoolTeachers\7_北京师范大学\艺术与传媒学院 for university 北京师范大学 college 艺术与传媒学院 URL http://www.art.bnu.edu.cn/
2025-11-27 14:33:16,660 - INFO - Empty teacher folder: D:\project08\MCP_AI\data\schoolTeachers\7_北京师范大学\外国语言文学学院 for university 北京师范大学 college 外国语言文学学院 URL http://www.sfll.bnu.edu.cn/
2025-11-27 14:33:20,808 - INFO - Empty teacher folder: D:\project08\MCP_AI\data\schoolTeachers\7_北京师范大学\继续教育与教师培训学院 for university 北京师范大学 college 继续教育与教师培训学院 URL http://www.scett.bnu.edu.cn/
2025-11-27 14:34:28,035 - INFO - Empty teacher folder: D:\project08\MCP_AI\data\schoolTeachers\8_中央民族大学\继续教育学院（干部培训部） for university 中央民族大学 college 继续教育学院（干部培训部） URL https://sce.muc.edu.cn/
2025-11-27 14:39:05,283 - INFO - Empty teacher folder: D:\project08\MCP_AI\data\schoolTeachers\9_南开大学\实验动物中心 for university 南开大学 college 实验动物中心 URL http://lac.nankai.edu.cn/
2025-11-27 14:39:12,801 - INFO - Empty teacher folder: D:\project08\MCP_AI\data\schoolTeachers\9_南开大学\卓越工程师学院 for university 南开大学 college 卓越工程师学院 URL https://cee.nankai.edu.cn/
2025-11-27 14:39:18,639 - INFO - Empty teacher folder: D:\project08\MCP_AI\data\schoolTeachers\9_南开大学\视光科学研究院 for university 南开大学 college 视光科学研究院 URL https://sgkx.nankai.edu.cn/
2025-11-27 14:39:19,899 - INFO - Empty teacher folder: D:\project08\MCP_AI\data\schoolTeachers\9_南开大学\东欧拜占廷研究中心 for university 南开大学 college 东欧拜占廷研究中心 URL /
2025-11-27 14:39:20,628 - INFO - Empty teacher folder: D:\project08\MCP_AI\data\schoolTeachers\9_南开大学\生物质资源化利用国家地方联合工程研究中心（南开大学） for university 南开大学 college 生物质资源化利用国家地方联合工程研究中心（南开大学） URL /
2025-11-27 14:39:20,647 - INFO - Empty teacher folder: D:\project08\MCP_AI\data\schoolTeachers\9_南开大学\跨文化交流研究院 for university 南开大学 college 跨文化交流研究院 URL /
2025-11-27 14:39:20,809 - INFO - Empty teacher folder: D:\project08\MCP_AI\data\schoolTeachers\9_南开大学\环境与社会发展研究中心 for university 南开大学 college 环境与社会发展研究中心 URL /
2025-11-27 14:39:20,886 - INFO - Empty teacher folder: D:\project08\MCP_AI\data\schoolTeachers\9_南开大学\新闻与传播学院 for university 南开大学 college 新闻与传播学院 URL https://jc.nankai.edu.cn/
2025-11-27 14:39:20,886 - INFO - Empty teacher folder: D:\project08\MCP_AI\data\schoolTeachers\9_南开大学\WTO研究中心 for university 南开大学 college WTO研究中心 URL /
2025-11-27 14:39:20,913 - INFO - Empty teacher folder: D:\project08\MCP_AI\data\schoolTeachers\9_南开大学\习近平新时代中国特色社会主义思想研究院 for university 南开大学 college 习近平新时代中国特色社会主义思想研究院 URL /
2025-11-27 14:39:20,965 - INFO - Empty teacher folder: D:\project08\MCP_AI\data\schoolTeachers\9_南开大学\党内法规研究中心 for university 南开大学 college 党内法规研究中心 URL /
2025-11-27 14:39:21,071 - INFO - Empty teacher folder: D:\project08\MCP_AI\data\schoolTeachers\9_南开大学\欧洲研究中心 for university 南开大学 college 欧洲研究中心 URL /
2025-11-27 14:39:21,186 - INFO - Empty teacher folder: D:\project08\MCP_AI\data\schoolTeachers\9_南开大学\语言研究所 for university 南开大学 college 语言研究所 URL /
2025-11-27 14:39:21,762 - INFO - Empty teacher folder: D:\project08\MCP_AI\data\schoolTeachers\9_南开大学\社会建设与管理研究院 for university 南开大学 college 社会建设与管理研究院 URL /
2025-11-27 14:39:22,434 - INFO - Empty teacher folder: D:\project08\MCP_AI\data\schoolTeachers\9_南开大学\泰达应用物理研究院 for university 南开大学 college 泰达应用物理研究院 URL http://iap.nankai.edu.cn/
2025-11-27 14:39:22,601 - INFO - Empty teacher folder: D:\project08\MCP_AI\data\schoolTeachers\9_南开大学\海南研究院 for university 南开大学 college 海南研究院 URL /
2025-11-27 14:39:24,176 - INFO - Empty teacher folder: D:\project08\MCP_AI\data\schoolTeachers\9_南开大学\战略环境评价研究中心 for university 南开大学 college 战略环境评价研究中心 URL /
2025-11-27 14:39:25,232 - INFO - Empty teacher folder: D:\project08\MCP_AI\data\schoolTeachers\9_南开大学\农药国家工程研究中心（天津） for university 南开大学 college 农药国家工程研究中心（天津） URL /
2025-11-27 14:39:25,758 - INFO - Empty teacher folder: D:\project08\MCP_AI\data\schoolTeachers\9_南开大学\中外文明交叉科学中心 for university 南开大学 college 中外文明交叉科学中心 URL https://cgc.nankai.edu.cn/
2025-11-27 14:39:29,584 - INFO - Empty teacher folder: D:\project08\MCP_AI\data\schoolTeachers\9_南开大学\亚洲研究中心 for university 南开大学 college 亚洲研究中心 URL http://arc.nankai.edu.cn/
2025-11-27 14:41:13,308 - INFO - Empty teacher folder: D:\project08\MCP_AI\data\schoolTeachers\11_大连理工大学\大工书院 for university 大连理工大学 college 大工书院 URL http://dgc.dlut.edu.cn/
2025-11-27 14:41:15,024 - INFO - Empty teacher folder: D:\project08\MCP_AI\data\schoolTeachers\11_大连理工大学\远程与继续教育学院 for university 大连理工大学 college 远程与继续教育学院 URL http://ce.dlut.edu.cn/
2025-11-27 14:41:15,237 - INFO - Empty teacher folder: D:\project08\MCP_AI\data\schoolTeachers\11_大连理工大学\能源研究院 for university 大连理工大学 college 能源研究院 URL http://iest.dlut.edu.cn/
2025-11-27 14:41:48,858 - INFO - Empty teacher folder: D:\project08\MCP_AI\data\schoolTeachers\12_吉林大学\白求恩第二临床医学院 for university 吉林大学 college 白求恩第二临床医学院 URL https://www.jdey.com.cn/
2025-11-27 14:42:00,760 - INFO - Empty teacher folder: D:\project08\MCP_AI\data\schoolTeachers\12_吉林大学\卓越工程师学院 for university 吉林大学 college 卓越工程师学院 URL https://ees.jlu.edu.cn/
2025-11-27 14:42:01,915 - INFO - Empty teacher folder: D:\project08\MCP_AI\data\schoolTeachers\12_吉林大学\软件学院 for university 吉林大学 college 软件学院 URL https://csw.jlu.edu.cn/
2025-11-27 14:42:08,044 - INFO - Empty teacher folder: D:\project08\MCP_AI\data\schoolTeachers\12_吉林大学\基础医学院 for university 吉林大学 college 基础医学院 URL https://medicine.jlu.edu.cn/
2025-11-27 14:42:09,480 - INFO - Empty teacher folder: D:\project08\MCP_AI\data\schoolTeachers\12_吉林大学\工程训练中心 for university 吉林大学 college 工程训练中心 URL https://gcxl.jlu.edu.cn/
2025-11-27 14:42:30,762 - INFO - Empty teacher folder: D:\project08\MCP_AI\data\schoolTeachers\12_吉林大学\白求恩口腔医学院 for university 吉林大学 college 白求恩口腔医学院 URL https://jdkq.jlu.edu.cn/
2025-11-27 14:44:16,292 - INFO - Empty teacher folder: D:\project08\MCP_AI\data\schoolTeachers\13_哈尔滨工业大学\建筑与设计学院 for university 哈尔滨工业大学 college 建筑与设计学院 URL http://arch.hit.edu.cn/
2025-11-27 14:44:22,187 - INFO - Empty teacher folder: D:\project08\MCP_AI\data\schoolTeachers\13_哈尔滨工业大学\深圳国际设计学院 for university 哈尔滨工业大学 college 深圳国际设计学院 URL http://sisd.hit.edu.cn/
2025-11-27 14:44:30,096 - INFO - Empty teacher folder: D:\project08\MCP_AI\data\schoolTeachers\13_哈尔滨工业大学\航天学院 for university 哈尔滨工业大学 college 航天学院 URL http://sa.hit.edu.cn/
2025-11-27 14:44:33,930 - INFO - Empty teacher folder: D:\project08\MCP_AI\data\schoolTeachers\13_哈尔滨工业大学\机电工程学院 for university 哈尔滨工业大学 college 机电工程学院 URL http://sme.hit.edu.cn/
2025-11-27 14:44:43,142 - INFO - Empty teacher folder: D:\project08\MCP_AI\data\schoolTeachers\13_哈尔滨工业大学\未来技术学院 for university 哈尔滨工业大学 college 未来技术学院 URL http://future.hit.edu.cn/
2025-11-27 14:45:12,719 - INFO - Empty teacher folder: D:\project08\MCP_AI\data\schoolTeachers\14_复旦大学\体育教学部 for university 复旦大学 college 体育教学部 URL http://www.fdty.fudan.edu.cn/
2025-11-27 14:45:14,217 - INFO - Empty teacher folder: D:\project08\MCP_AI\data\schoolTeachers\14_复旦大学\国际文化交流学院 for university 复旦大学 college 国际文化交流学院 URL http://www.ices.fudan.edu.cn/main.htm/
2025-11-27 14:45:50,709 - INFO - Empty teacher folder: D:\project08\MCP_AI\data\schoolTeachers\14_复旦大学\经济学院 for university 复旦大学 college 经济学院 URL http://www.econ.fudan.edu.cn/
2025-11-27 14:50:56,819 - INFO - Empty teacher folder: D:\project08\MCP_AI\data\schoolTeachers\15_同济大学\中德学部 for university 同济大学 college 中德学部 URL https://cdh.tongji.edu.cn/cdhChinese/main.htm/
2025-11-27 14:50:57,169 - INFO - Empty teacher folder: D:\project08\MCP_AI\data\schoolTeachers\15_同济大学\职业技术教育学院 for university 同济大学 college 职业技术教育学院 URL https://cdibb.tongji.edu.cn/main.htm/
2025-11-27 14:50:57,839 - INFO - Empty teacher folder: D:\project08\MCP_AI\data\schoolTeachers\15_同济大学\航空航天与力学学院 for university 同济大学 college 航空航天与力学学院 URL https://aero-mech.tongji.edu.cn/main.htm/
2025-11-27 14:50:57,850 - INFO - Empty teacher folder: D:\project08\MCP_AI\data\schoolTeachers\15_同济大学\生命科学与技术学院 for university 同济大学 college 生命科学与技术学院 URL https://life.tongji.edu.cn/main.htm/
2025-11-27 14:50:57,873 - INFO - Empty teacher folder: D:\project08\MCP_AI\data\schoolTeachers\15_同济大学\中法工程和管理学院 for university 同济大学 college 中法工程和管理学院 URL http://ifcim.tongji.edu.cn/
2025-11-27 14:50:57,990 - INFO - Empty teacher folder: D:\project08\MCP_AI\data\schoolTeachers\15_同济大学\中德学院 for university 同济大学 college 中德学院 URL https://cdhk.tongji.edu.cn/main.htm/
2025-11-27 14:50:58,282 - INFO - Empty teacher folder: D:\project08\MCP_AI\data\schoolTeachers\15_同济大学\中德工程学院 for university 同济大学 college 中德工程学院 URL https://cdhaw.tongji.edu.cn/main.htm/
2025-11-27 14:50:58,726 - INFO - Empty teacher folder: D:\project08\MCP_AI\data\schoolTeachers\15_同济大学\出国培训学院、留德预备部 for university 同济大学 college 出国培训学院、留德预备部 URL https://dk.tongji.edu.cn/main.htm/
2025-11-27 14:50:59,945 - INFO - Empty teacher folder: D:\project08\MCP_AI\data\schoolTeachers\15_同济大学\联合国环境规划署-同济大学环境与可持续发展学院 for university 同济大学 college 联合国环境规划署-同济大学环境与可持续发展学院 URL https://unep-iesd.tongji.edu.cn/main.htm/
2025-11-27 14:51:00,497 - INFO - Empty teacher folder: D:\project08\MCP_AI\data\schoolTeachers\15_同济大学\中西学院 for university 同济大学 college 中西学院 URL http://ssc.tongji.edu.cn/
2025-11-27 14:51:08,981 - INFO - Empty teacher folder: D:\project08\MCP_AI\data\schoolTeachers\15_同济大学\创新创业学院 for university 同济大学 college 创新创业学院 URL http://sie.tongji.edu.cn/
2025-11-27 14:51:37,480 - INFO - Empty teacher folder: D:\project08\MCP_AI\data\schoolTeachers\16_上海交通大学\媒体与传播学院 for university 上海交通大学 college 媒体与传播学院 URL https://smcnew.sjtu.edu.cn/
2025-11-27 14:51:39,180 - INFO - Empty teacher folder: D:\project08\MCP_AI\data\schoolTeachers\16_上海交通大学\巴黎卓越工程师学院 for university 上海交通大学 college 巴黎卓越工程师学院 URL http://speit.sjtu.edu.cn/
2025-11-27 14:51:39,628 - INFO - Empty teacher folder: D:\project08\MCP_AI\data\schoolTeachers\16_上海交通大学\致远学院 for university 上海交通大学 college 致远学院 URL http://zhiyuan.sjtu.edu.cn/
2025-11-27 14:51:52,341 - INFO - Empty teacher folder: D:\project08\MCP_AI\data\schoolTeachers\17_华东师范大学\设计学院 for university 华东师范大学 college 设计学院 URL http://www.design.ecnu.edu.cn/
2025-11-27 14:52:07,615 - INFO - Empty teacher folder: D:\project08\MCP_AI\data\schoolTeachers\17_华东师范大学\大夏书院 for university 华东师范大学 college 大夏书院 URL https://dx.ecnu.edu.cn/main.htm/
2025-11-27 14:55:39,683 - INFO - Empty teacher folder: D:\project08\MCP_AI\data\schoolTeachers\19_东南大学\新生学院 for university 东南大学 college 新生学院 URL http://xsxy.seu.edu.cn/
2025-11-27 14:55:44,912 - INFO - Empty teacher folder: D:\project08\MCP_AI\data\schoolTeachers\19_东南大学\国家卓越工程师学院 for university 东南大学 college 国家卓越工程师学院 URL https://gjzygcs.seu.edu.cn/
2025-11-27 14:55:53,950 - INFO - Empty teacher folder: D:\project08\MCP_AI\data\schoolTeachers\20_浙江大学\生命科学学院 for university 浙江大学 college 生命科学学院 URL http://www.cls.zju.edu.cn/
2025-11-27 14:55:54,947 - INFO - Empty teacher folder: D:\project08\MCP_AI\data\schoolTeachers\20_浙江大学\高分子科学与工程学系 for university 浙江大学 college 高分子科学与工程学系 URL http://polymer.zju.edu.cn/
2025-11-27 14:55:57,650 - INFO - Empty teacher folder: D:\project08\MCP_AI\data\schoolTeachers\20_浙江大学\药学院 for university 浙江大学 college 药学院 URL http://www.cps.zju.edu.cn/
2025-11-27 14:56:11,708 - INFO - Empty teacher folder: D:\project08\MCP_AI\data\schoolTeachers\20_浙江大学\能源工程学院 for university 浙江大学 college 能源工程学院 URL http://www.doe.zju.edu.cn/main.htm/
2025-11-27 14:56:12,022 - INFO - Empty teacher folder: D:\project08\MCP_AI\data\schoolTeachers\20_浙江大学\动物科学学院 for university 浙江大学 college 动物科学学院 URL http://www.cas.zju.edu.cn/
2025-11-27 14:56:12,520 - INFO - Empty teacher folder: D:\project08\MCP_AI\data\schoolTeachers\20_浙江大学\机械工程学院 for university 浙江大学 college 机械工程学院 URL http://me.zju.edu.cn/mecn/main.htm/
2025-11-27 14:56:12,532 - INFO - Empty teacher folder: D:\project08\MCP_AI\data\schoolTeachers\20_浙江大学\外国语学院 for university 浙江大学 college 外国语学院 URL http://www.sis.zju.edu.cn/
2025-11-27 14:56:13,855 - INFO - Empty teacher folder: D:\project08\MCP_AI\data\schoolTeachers\20_浙江大学\建筑工程学院 for university 浙江大学 college 建筑工程学院 URL http://www.ccea.zju.edu.cn/main.htm/
2025-11-27 14:56:37,520 - INFO - Empty teacher folder: D:\project08\MCP_AI\data\schoolTeachers\21_中国科学技术大学\科学岛分院 for university 中国科学技术大学 college 科学岛分院 URL https://www.hf.cas.cn/sbpy/yjsc/
2025-11-27 14:56:38,511 - INFO - Empty teacher folder: D:\project08\MCP_AI\data\schoolTeachers\21_中国科学技术大学\语音及语言信息处理国家工程研究中心 for university 中国科学技术大学 college 语音及语言信息处理国家工程研究中心 URL https://nelslip.ustc.edu.cn/
2025-11-27 14:56:46,281 - INFO - Empty teacher folder: D:\project08\MCP_AI\data\schoolTeachers\21_中国科学技术大学\热安全技术国家地方联合工程研究中心 for university 中国科学技术大学 college 热安全技术国家地方联合工程研究中心 URL https://erctst.ustc.edu.cn/
2025-11-27 14:56:47,002 - INFO - Empty teacher folder: D:\project08\MCP_AI\data\schoolTeachers\21_中国科学技术大学\上海研究院 for university 中国科学技术大学 college 上海研究院 URL https://sias.ustc.edu.cn/
2025-11-27 14:56:48,300 - INFO - Empty teacher folder: D:\project08\MCP_AI\data\schoolTeachers\21_中国科学技术大学\中国科学院量子信息与量子科技创新研究院 for university 中国科学技术大学 college 中国科学院量子信息与量子科技创新研究院 URL http://www.quantumcas.ac.cn/
2025-11-27 14:56:48,461 - INFO - Empty teacher folder: D:\project08\MCP_AI\data\schoolTeachers\21_中国科学技术大学\卓越工程师学院 for university 中国科学技术大学 college 卓越工程师学院 URL https://see.ustc.edu.cn/
2025-11-27 14:56:53,633 - INFO - Empty teacher folder: D:\project08\MCP_AI\data\schoolTeachers\21_中国科学技术大学\光学与光学工程系 for university 中国科学技术大学 college 光学与光学工程系 URL /
2025-11-27 14:56:56,014 - INFO - Empty teacher folder: D:\project08\MCP_AI\data\schoolTeachers\21_中国科学技术大学\能源科学与技术学院（科教融合学院） for university 中国科学技术大学 college 能源科学与技术学院（科教融合学院） URL https://www.giec.ac.cn/
2025-11-27 14:56:56,901 - INFO - Empty teacher folder: D:\project08\MCP_AI\data\schoolTeachers\21_中国科学技术大学\安徽蒙城地球物理国家野外科学观测研究站 for university 中国科学技术大学 college 安徽蒙城地球物理国家野外科学观测研究站 URL https://mengo.ustc.edu.cn/
2025-11-27 14:57:07,548 - INFO - Empty teacher folder: D:\project08\MCP_AI\data\schoolTeachers\22_厦门大学\产业技术研究院 for university 厦门大学 college 产业技术研究院 URL http://itri.xmu.edu.cn/
2025-11-27 14:57:25,587 - INFO - Empty teacher folder: D:\project08\MCP_AI\data\schoolTeachers\22_厦门大学\人工智能研究院 for university 厦门大学 college 人工智能研究院 URL https://iai.xmu.edu.cn/
2025-11-27 14:57:31,335 - INFO - Empty teacher folder: D:\project08\MCP_AI\data\schoolTeachers\22_厦门大学\近海海洋环境科学国家重点实验室 for university 厦门大学 college 近海海洋环境科学国家重点实验室 URL https://mel.xmu.edu.cn/
2025-11-27 14:57:52,532 - INFO - Empty teacher folder: D:\project08\MCP_AI\data\schoolTeachers\23_山东大学\人工智能国际联合研究院 for university 山东大学 college 人工智能国际联合研究院 URL https://cfair.sdu.edu.cn/
2025-11-27 15:03:49,447 - INFO - Empty teacher folder: D:\project08\MCP_AI\data\schoolTeachers\25_武汉大学\卓越工程师学院 for university 武汉大学 college 卓越工程师学院 URL https://cee.whu.edu.cn/
2025-11-27 15:03:56,781 - INFO - Empty teacher folder: D:\project08\MCP_AI\data\schoolTeachers\25_武汉大学\电子信息学院 for university 武汉大学 college 电子信息学院 URL http://eis.whu.edu.cn/
2025-11-27 15:04:05,612 - INFO - Empty teacher folder: D:\project08\MCP_AI\data\schoolTeachers\25_武汉大学\口腔医学院 for university 武汉大学 college 口腔医学院 URL https://www.whuss.com/
2025-11-27 15:04:15,869 - INFO - Empty teacher folder: D:\project08\MCP_AI\data\schoolTeachers\26_华中科技大学\第一临床学院 for university 华中科技大学 college 第一临床学院 URL http://www.whuh.com/
2025-11-27 15:04:30,306 - INFO - Empty teacher folder: D:\project08\MCP_AI\data\schoolTeachers\26_华中科技大学\中欧清洁与可再生能源学院 for university 华中科技大学 college 中欧清洁与可再生能源学院 URL http://icare.hust.edu.cn/
2025-11-27 15:05:09,377 - INFO - Empty teacher folder: D:\project08\MCP_AI\data\schoolTeachers\28_中山大学\光华口腔医学院 for university 中山大学 college 光华口腔医学院 URL http://gh.sysu.edu.cn/
2025-11-27 15:05:27,940 - INFO - Empty teacher folder: D:\project08\MCP_AI\data\schoolTeachers\28_中山大学\继续教育学院 for university 中山大学 college 继续教育学院 URL https://sce.sysu.edu.cn/
2025-11-27 15:05:56,610 - INFO - Empty teacher folder: D:\project08\MCP_AI\data\schoolTeachers\30_四川大学\空天科学与工程学院 for university 四川大学 college 空天科学与工程学院 URL http://saa.scu.edu.cn/
2025-11-27 15:06:04,524 - INFO - Empty teacher folder: D:\project08\MCP_AI\data\schoolTeachers\30_四川大学\艺术学院 for university 四川大学 college 艺术学院 URL http://art.scu.edu.cn/
2025-11-27 15:06:15,280 - INFO - Empty teacher folder: D:\project08\MCP_AI\data\schoolTeachers\31_重庆大学\土木工程学院 for university 重庆大学 college 土木工程学院 URL http://civil.cqu.edu.cn/
2025-11-27 15:06:15,944 - INFO - Empty teacher folder: D:\project08\MCP_AI\data\schoolTeachers\31_重庆大学\智慧城市研究院 for university 重庆大学 college 智慧城市研究院 URL http://smartcity.cqu.edu.cn/
2025-11-27 15:06:16,733 - INFO - Empty teacher folder: D:\project08\MCP_AI\data\schoolTeachers\31_重庆大学\分析测试中心 for university 重庆大学 college 分析测试中心 URL http://atc.cqu.edu.cn/
2025-11-27 15:06:20,484 - INFO - Empty teacher folder: D:\project08\MCP_AI\data\schoolTeachers\31_重庆大学\弘深学院 for university 重庆大学 college 弘深学院 URL http://hshc.cqu.edu.cn/
2025-11-27 15:06:20,592 - INFO - Empty teacher folder: D:\project08\MCP_AI\data\schoolTeachers\31_重庆大学\社会科学学部 for university 重庆大学 college 社会科学学部 URL http://skxb.cqu.edu.cn/
2025-11-27 15:06:24,492 - INFO - Empty teacher folder: D:\project08\MCP_AI\data\schoolTeachers\31_重庆大学\重庆大学-辛辛那提大学联合学院 for university 重庆大学 college 重庆大学-辛辛那提大学联合学院 URL http://uc.cqu.edu.cn/
2025-11-27 15:06:25,441 - INFO - Empty teacher folder: D:\project08\MCP_AI\data\schoolTeachers\31_重庆大学\附属三峡医院 for university 重庆大学 college 附属三峡医院 URL http://sxyy.cqu.edu.cn/
2025-11-27 15:06:39,732 - INFO - Empty teacher folder: D:\project08\MCP_AI\data\schoolTeachers\31_重庆大学\高端装备机械传动全国重点实验室 for university 重庆大学 college 高端装备机械传动全国重点实验室 URL http://slmt.cqu.edu.cn/
2025-11-27 15:06:55,038 - INFO - Empty teacher folder: D:\project08\MCP_AI\data\schoolTeachers\31_重庆大学\附属江津医院 for university 重庆大学 college 附属江津医院 URL http://jjhospital.com.cn/
2025-11-27 15:07:27,835 - INFO - Empty teacher folder: D:\project08\MCP_AI\data\schoolTeachers\32_电子科技大学\继续教育学院（职业教育学院、网络教育学院） for university 电子科技大学 college 继续教育学院（职业教育学院、网络教育学院） URL https://www.uestcedu.com/
2025-11-27 15:07:41,100 - INFO - Empty teacher folder: D:\project08\MCP_AI\data\schoolTeachers\32_电子科技大学\电子科技大学广东电子信息工程研究院 for university 电子科技大学 college 电子科技大学广东电子信息工程研究院 URL http://www.dgieie.cn/
2025-11-27 15:07:44,132 - INFO - Empty teacher folder: D:\project08\MCP_AI\data\schoolTeachers\32_电子科技大学\人文社科高等研究院 for university 电子科技大学 college 人文社科高等研究院 URL https://aihss.uestc.edu.cn/index.htm/
2025-11-27 15:07:44,329 - INFO - Empty teacher folder: D:\project08\MCP_AI\data\schoolTeachers\32_电子科技大学\电子科技大学成都研究院 for university 电子科技大学 college 电子科技大学成都研究院 URL http://www.cdyjy.uestc.edu.cn/
2025-11-27 15:07:44,845 - INFO - Empty teacher folder: D:\project08\MCP_AI\data\schoolTeachers\32_电子科技大学\先进毫米波技术集成攻关研究院 for university 电子科技大学 college 先进毫米波技术集成攻关研究院 URL https://mmw.uestc.edu.cn/
2025-11-27 15:07:45,074 - INFO - Empty teacher folder: D:\project08\MCP_AI\data\schoolTeachers\32_电子科技大学\电子薄膜与集成器件全国重点实验室 for university 电子科技大学 college 电子薄膜与集成器件全国重点实验室 URL http://www.etfid.uestc.edu.cn/
2025-11-27 15:07:46,499 - INFO - Empty teacher folder: D:\project08\MCP_AI\data\schoolTeachers\32_电子科技大学\电子科技大学宜宾研究院 for university 电子科技大学 college 电子科技大学宜宾研究院 URL http://yb.uestc.edu.cn/
2025-11-27 15:08:05,817 - INFO - Empty teacher folder: D:\project08\MCP_AI\data\schoolTeachers\33_西安交通大学\人居环境与建筑工程学院 for university 西安交通大学 college 人居环境与建筑工程学院 URL https://hsce.xjtu.edu.cn/
2025-11-27 15:08:06,876 - INFO - Empty teacher folder: D:\project08\MCP_AI\data\schoolTeachers\33_西安交通大学\医学部 for university 西安交通大学 college 医学部 URL https://yxbpyc.xjtu.edu.cn/
2025-11-27 15:08:14,675 - INFO - Empty teacher folder: D:\project08\MCP_AI\data\schoolTeachers\33_西安交通大学\第二临床医学院(第二附属医院) for university 西安交通大学 college 第二临床医学院(第二附属医院) URL http://2yuan.xjtu.edu.cn/defsyy/index.htm/
2025-11-27 15:08:14,705 - INFO - Empty teacher folder: D:\project08\MCP_AI\data\schoolTeachers\33_西安交通大学\口腔医学院(口腔医院) for university 西安交通大学 college 口腔医学院(口腔医院) URL https://www.dentalxjtu.com/ygb/index.htm/
2025-11-27 15:08:21,021 - INFO - Empty teacher folder: D:\project08\MCP_AI\data\schoolTeachers\33_西安交通大学\国家卓越工程师学院 for university 西安交通大学 college 国家卓越工程师学院 URL https://nse.xjtu.edu.cn/index.htm/
2025-11-27 15:10:24,240 - INFO - Empty teacher folder: D:\project08\MCP_AI\data\schoolTeachers\34_西北工业大学\青岛研究院 for university 西北工业大学 college 青岛研究院 URL https://qingdao.nwpu.edu.cn/
2025-11-27 15:10:25,306 - INFO - Empty teacher folder: D:\project08\MCP_AI\data\schoolTeachers\34_西北工业大学\公共政策与管理学院 for university 西北工业大学 college 公共政策与管理学院 URL https://rwjj.nwpu.edu.cn/
2025-11-27 15:10:34,866 - INFO - Empty teacher folder: D:\project08\MCP_AI\data\schoolTeachers\34_西北工业大学\国家卓越工程师学院 for university 西北工业大学 college 国家卓越工程师学院 URL https://eliteengineering.nwpu.edu.cn/
2025-11-27 15:10:48,377 - INFO - Empty teacher folder: D:\project08\MCP_AI\data\schoolTeachers\35_兰州大学\网络与继续教育学院 for university 兰州大学 college 网络与继续教育学院 URL http://dec.lzu.edu.cn/
2025-11-27 15:11:03,891 - INFO - Empty teacher folder: D:\project08\MCP_AI\data\schoolTeachers\35_兰州大学\兰州大学一带一路研究中心 for university 兰州大学 college 兰州大学一带一路研究中心 URL https://ldbr.lzu.edu.cn/
2025-11-27 15:11:04,211 - INFO - Empty teacher folder: D:\project08\MCP_AI\data\schoolTeachers\35_兰州大学\第一临床医学院 for university 兰州大学 college 第一临床医学院 URL https://www.lzdxdyyy.com/web/ldyy/cover/
2025-11-27 15:11:10,093 - INFO - Empty teacher folder: D:\project08\MCP_AI\data\schoolTeachers\35_兰州大学\萃英学院 for university 兰州大学 college 萃英学院 URL http://cycollege.lzu.edu.cn/
2025-11-27 15:11:42,157 - INFO - Empty teacher folder: D:\project08\MCP_AI\data\schoolTeachers\35_兰州大学\电镜中心 for university 兰州大学 college 电镜中心 URL http://emc.lzu.edu.cn/
2025-11-27 15:13:44,175 - INFO - Empty teacher folder: D:\project08\MCP_AI\data\schoolTeachers\36_国防科技大学\理学院 for university 国防科技大学 college 理学院 URL https://www.nudt.edu.cn/yssz/lxy/index.htm/
2025-11-27 15:13:44,715 - INFO - Empty teacher folder: D:\project08\MCP_AI\data\schoolTeachers\36_国防科技大学\计算机学院 for university 国防科技大学 college 计算机学院 URL https://www.nudt.edu.cn/yssz/jsjxy/index.htm/
2025-11-27 15:13:44,751 - INFO - Empty teacher folder: D:\project08\MCP_AI\data\schoolTeachers\36_国防科技大学\系统工程学院 for university 国防科技大学 college 系统工程学院 URL https://www.nudt.edu.cn/yssz/xtgcxy/index.htm/
2025-11-27 15:13:44,759 - INFO - Empty teacher folder: D:\project08\MCP_AI\data\schoolTeachers\36_国防科技大学\气象海洋学院 for university 国防科技大学 college 气象海洋学院 URL https://www.nudt.edu.cn/yssz/qxhyxy/index.htm/
2025-11-27 15:13:44,776 - INFO - Empty teacher folder: D:\project08\MCP_AI\data\schoolTeachers\36_国防科技大学\电子对抗学院 for university 国防科技大学 college 电子对抗学院 URL https://www.nudt.edu.cn/yssz/dzdkxy/index.htm/
2025-11-27 15:13:45,054 - INFO - Empty teacher folder: D:\project08\MCP_AI\data\schoolTeachers\36_国防科技大学\信息通信学院 for university 国防科技大学 college 信息通信学院 URL https://www.nudt.edu.cn/yssz/xxtxxy/index.htm/
2025-11-27 15:13:45,172 - INFO - Empty teacher folder: D:\project08\MCP_AI\data\schoolTeachers\36_国防科技大学\空天科学学院 for university 国防科技大学 college 空天科学学院 URL https://www.nudt.edu.cn/yssz/ktkxxy/index.htm/
2025-11-27 15:13:45,178 - INFO - Empty teacher folder: D:\project08\MCP_AI\data\schoolTeachers\36_国防科技大学\外国语学院 for university 国防科技大学 college 外国语学院 URL https://www.nudt.edu.cn/yssz/gjgxxy/index.htm/
2025-11-27 15:13:45,178 - INFO - Empty teacher folder: D:\project08\MCP_AI\data\schoolTeachers\36_国防科技大学\第六十三研究所 for university 国防科技大学 college 第六十三研究所 URL https://www.nudt.edu.cn/yssz/dlssyjs/index.htm/
2025-11-27 15:13:45,183 - INFO - Empty teacher folder: D:\project08\MCP_AI\data\schoolTeachers\36_国防科技大学\前沿交叉学科学院 for university 国防科技大学 college 前沿交叉学科学院 URL https://www.nudt.edu.cn/yssz/qyjcxkxy/index.htm/
2025-11-27 15:13:45,449 - INFO - Empty teacher folder: D:\project08\MCP_AI\data\schoolTeachers\36_国防科技大学\电子科学学院 for university 国防科技大学 college 电子科学学院 URL https://www.nudt.edu.cn/yssz/dzkxxy/index.htm/
2025-11-27 15:13:46,053 - INFO - Empty teacher folder: D:\project08\MCP_AI\data\schoolTeachers\36_国防科技大学\军政基础教育学院 for university 国防科技大学 college 军政基础教育学院 URL https://www.nudt.edu.cn/yssz/jzjcjyxy/index.htm/
2025-11-27 15:13:46,187 - INFO - Empty teacher folder: D:\project08\MCP_AI\data\schoolTeachers\36_国防科技大学\智能科学学院 for university 国防科技大学 college 智能科学学院 URL https://www.nudt.edu.cn/yssz/znkxxy/index.htm/
2025-11-27 15:13:57,227 - INFO - Empty teacher folder: D:\project08\MCP_AI\data\schoolTeachers\37_东北大学\民族教育学院 for university 东北大学 college 民族教育学院 URL http://mzjyxy.neu.edu.cn/
2025-11-27 15:13:58,447 - INFO - Empty teacher folder: D:\project08\MCP_AI\data\schoolTeachers\37_东北大学\国际教育学院（留学生办公室） for university 东北大学 college 国际教育学院（留学生办公室） URL http://www.sie.neu.edu.cn/
2025-11-27 15:13:58,747 - INFO - Empty teacher folder: D:\project08\MCP_AI\data\schoolTeachers\37_东北大学\国家卓越工程师学院 for university 东北大学 college 国家卓越工程师学院 URL http://www.nsee.neu.edu.cn/
2025-11-27 15:13:59,146 - INFO - Empty teacher folder: D:\project08\MCP_AI\data\schoolTeachers\37_东北大学\继续教育学院 for university 东北大学 college 继续教育学院 URL http://sce.neu.edu.cn/
2025-11-27 15:14:02,190 - INFO - Empty teacher folder: D:\project08\MCP_AI\data\schoolTeachers\37_东北大学\秦皇岛分校 for university 东北大学 college 秦皇岛分校 URL http://www.neuq.edu.cn/
2025-11-27 15:14:08,405 - INFO - Empty teacher folder: D:\project08\MCP_AI\data\schoolTeachers\37_东北大学\未来技术学院 for university 东北大学 college 未来技术学院 URL http://sft.neu.edu.cn/
2025-11-27 15:14:14,621 - INFO - Empty teacher folder: D:\project08\MCP_AI\data\schoolTeachers\37_东北大学\悉尼智能科技学院 for university 东北大学 college 悉尼智能科技学院 URL http://sstc.neu.edu.cn/
2025-11-27 15:34:33,930 - INFO - Empty teacher folder: D:\project08\MCP_AI\data\schoolTeachers\38_郑州大学\第一附属医院 for university 郑州大学 college 第一附属医院 URL https://www.zdyfy.com/
2025-11-27 15:34:34,948 - INFO - Empty teacher folder: D:\project08\MCP_AI\data\schoolTeachers\38_郑州大学\网络空间安全学院 for university 郑州大学 college 网络空间安全学院 URL http://softschool.zzu.edu.cn/
2025-11-27 15:34:38,457 - INFO - Empty teacher folder: D:\project08\MCP_AI\data\schoolTeachers\38_郑州大学\美术学院 for university 郑州大学 college 美术学院 URL http://www5.zzu.edu.cn/art/
2025-11-27 15:34:43,127 - INFO - Empty teacher folder: D:\project08\MCP_AI\data\schoolTeachers\38_郑州大学\临床技能中心 for university 郑州大学 college 临床技能中心 URL http://www7.zzu.edu.cn/jnzx/
2025-11-27 15:34:48,707 - INFO - Empty teacher folder: D:\project08\MCP_AI\data\schoolTeachers\38_郑州大学\附属胸科医院 for university 郑州大学 college 附属胸科医院 URL /
2025-11-27 15:34:50,719 - INFO - Empty teacher folder: D:\project08\MCP_AI\data\schoolTeachers\38_郑州大学\基础医学院 for university 郑州大学 college 基础医学院 URL http://www5.zzu.edu.cn/jcyxy/
2025-11-27 15:34:51,402 - INFO - Empty teacher folder: D:\project08\MCP_AI\data\schoolTeachers\38_郑州大学\第三临床医学院（儿科医学院） for university 郑州大学 college 第三临床医学院（儿科医学院） URL /
2025-11-27 15:34:51,884 - INFO - Empty teacher folder: D:\project08\MCP_AI\data\schoolTeachers\38_郑州大学\附属传染病医院 for university 郑州大学 college 附属传染病医院 URL /
2025-11-27 15:34:53,054 - INFO - Empty teacher folder: D:\project08\MCP_AI\data\schoolTeachers\38_郑州大学\实验动物中心 for university 郑州大学 college 实验动物中心 URL /
2025-11-27 15:34:59,664 - INFO - Empty teacher folder: D:\project08\MCP_AI\data\schoolTeachers\38_郑州大学\体育学院（校本部） for university 郑州大学 college 体育学院（校本部） URL http://www5.zzu.edu.cn/tyx/
2025-11-27 15:35:04,609 - INFO - Empty teacher folder: D:\project08\MCP_AI\data\schoolTeachers\38_郑州大学\附属郑州中心医院 for university 郑州大学 college 附属郑州中心医院 URL http://www.zzszxyy.com/
2025-11-27 15:35:05,960 - INFO - Empty teacher folder: D:\project08\MCP_AI\data\schoolTeachers\38_郑州大学\省医临床医学院 for university 郑州大学 college 省医临床医学院 URL https://www7.zzu.edu.cn/sylcyxy/
2025-11-27 15:35:18,117 - INFO - Empty teacher folder: D:\project08\MCP_AI\data\schoolTeachers\38_郑州大学\马克思主义学院 for university 郑州大学 college 马克思主义学院 URL http://www5.zzu.edu.cn/mkszy/
2025-11-27 15:42:42,197 - INFO - Empty teacher folder: D:\project08\MCP_AI\data\schoolTeachers\40_云南大学\艺术与设计学院 for university 云南大学 college 艺术与设计学院 URL http://www.art.ynu.edu.cn/
2025-11-27 15:42:49,352 - INFO - Empty teacher folder: D:\project08\MCP_AI\data\schoolTeachers\40_云南大学\工商管理与旅游管理学院 for university 云南大学 college 工商管理与旅游管理学院 URL http://www.bts.ynu.edu.cn/
2025-11-27 15:42:51,572 - INFO - Empty teacher folder: D:\project08\MCP_AI\data\schoolTeachers\40_云南大学\生态与环境学院 for university 云南大学 college 生态与环境学院 URL http://www.see.ynu.edu.cn/index.html/
2025-11-27 15:43:04,510 - INFO - Empty teacher folder: D:\project08\MCP_AI\data\schoolTeachers\42_新疆大学\软件学院 for university 新疆大学 college 软件学院 URL http://ss.xju.edu.cn/
2025-11-27 15:43:06,473 - INFO - Empty teacher folder: D:\project08\MCP_AI\data\schoolTeachers\42_新疆大学\政治与公共管理学院（国家安全学院） for university 新疆大学 college 政治与公共管理学院（国家安全学院） URL http://sppa.xju.edu.cn/
2025-11-27 15:43:06,803 - INFO - Empty teacher folder: D:\project08\MCP_AI\data\schoolTeachers\42_新疆大学\继续教育学院 for university 新疆大学 college 继续教育学院 URL https://cee.xju.edu.cn/
2025-11-27 15:43:09,690 - INFO - Empty teacher folder: D:\project08\MCP_AI\data\schoolTeachers\42_新疆大学\国际文化交流学院 for university 新疆大学 college 国际文化交流学院 URL http://gjjl.xju.edu.cn/
2025-11-27 15:43:12,722 - INFO - Empty teacher folder: D:\project08\MCP_AI\data\schoolTeachers\42_新疆大学\体育教学研究部 for university 新疆大学 college 体育教学研究部 URL http://tyb.xju.edu.cn/
2025-11-27 15:43:13,685 - INFO - Empty teacher folder: D:\project08\MCP_AI\data\schoolTeachers\42_新疆大学\商学院 for university 新疆大学 college 商学院 URL http://business.xju.edu.cn/
2025-11-27 15:43:19,421 - INFO - Empty teacher folder: D:\project08\MCP_AI\data\schoolTeachers\42_新疆大学\外国语学院 for university 新疆大学 college 外国语学院 URL http://wgy.xju.edu.cn/
2025-11-27 15:43:29,729 - INFO - Empty teacher folder: D:\project08\MCP_AI\data\schoolTeachers\42_新疆大学\马克思主义学院（铸牢中华民族共同体意识研究基地、哲学研究所） for university 新疆大学 college 马克思主义学院（铸牢中华民族共同体意识研究基地、哲学研究所） URL http://mks.xju.edu.cn/
2025-11-27 15:43:36,477 - INFO - Empty teacher folder: D:\project08\MCP_AI\data\schoolTeachers\42_新疆大学\旅游学院 for university 新疆大学 college 旅游学院 URL http://lvxy.xju.edu.cn/
2025-11-27 15:43:42,084 - INFO - Empty teacher folder: D:\project08\MCP_AI\data\schoolTeachers\42_新疆大学\法学院（新疆党内法规研究中心） for university 新疆大学 college 法学院（新疆党内法规研究中心） URL http://fxy.xju.edu.cn/
2025-11-27 15:43:52,467 - INFO - Empty teacher folder: D:\project08\MCP_AI\data\schoolTeachers\43_北京交通大学\国家卓越工程师学院 for university 北京交通大学 college 国家卓越工程师学院 URL https://nse.bjtu.edu.cn/
2025-11-27 15:43:56,442 - INFO - Empty teacher folder: D:\project08\MCP_AI\data\schoolTeachers\43_北京交通大学\计算机科学与技术学院 for university 北京交通大学 college 计算机科学与技术学院 URL http://cs.bjtu.edu.cn/
2025-11-27 15:43:56,776 - INFO - Empty teacher folder: D:\project08\MCP_AI\data\schoolTeachers\43_北京交通大学\自动化与智能学院 for university 北京交通大学 college 自动化与智能学院 URL http://ai.bjtu.edu.cn/
2025-11-27 15:43:56,837 - INFO - Empty teacher folder: D:\project08\MCP_AI\data\schoolTeachers\43_北京交通大学\詹天佑学院（智慧交通未来技术学院） for university 北京交通大学 college 詹天佑学院（智慧交通未来技术学院） URL http://zhantianyou.bjtu.edu.cn/
2025-11-27 15:44:09,564 - INFO - Empty teacher folder: D:\project08\MCP_AI\data\schoolTeachers\43_北京交通大学\机械与电子控制工程学院 for university 北京交通大学 college 机械与电子控制工程学院 URL https://mece.bjtu.edu.cn/
2025-11-27 15:44:10,471 - INFO - Empty teacher folder: D:\project08\MCP_AI\data\schoolTeachers\43_北京交通大学\国际教育学院 for university 北京交通大学 college 国际教育学院 URL http://cie.bjtu.edu.cn/
2025-11-27 15:44:21,041 - INFO - Empty teacher folder: D:\project08\MCP_AI\data\schoolTeachers\44_北京工业大学\继续教育学院 for university 北京工业大学 college 继续教育学院 URL https://jxjy.bjut.edu.cn/
2025-11-27 15:44:21,803 - INFO - Empty teacher folder: D:\project08\MCP_AI\data\schoolTeachers\44_北京工业大学\体育部 for university 北京工业大学 college 体育部 URL https://tyb.bjut.edu.cn/
2025-11-27 15:44:22,303 - INFO - Empty teacher folder: D:\project08\MCP_AI\data\schoolTeachers\44_北京工业大学\创新创业学院 for university 北京工业大学 college 创新创业学院 URL https://cie.bjut.edu.cn/
2025-11-27 15:44:50,218 - INFO - Empty teacher folder: D:\project08\MCP_AI\data\schoolTeachers\45_北京科技大学\高等工程师学院（卓越工程师学院） for university 北京科技大学 college 高等工程师学院（卓越工程师学院） URL https://gcsxy.ustb.edu.cn/
2025-11-27 15:45:08,553 - INFO - Empty teacher folder: D:\project08\MCP_AI\data\schoolTeachers\46_北京化工大学\巴黎居里工程师学院 for university 北京化工大学 college 巴黎居里工程师学院 URL https://engineer.buct.edu.cn/
2025-11-27 15:45:10,826 - INFO - Empty teacher folder: D:\project08\MCP_AI\data\schoolTeachers\46_北京化工大学\侯德榜工程师学院 for university 北京化工大学 college 侯德榜工程师学院 URL https://gcsxy.buct.edu.cn/
2025-11-27 15:45:39,139 - INFO - Empty teacher folder: D:\project08\MCP_AI\data\schoolTeachers\47_北京邮电大学\国际学院 for university 北京邮电大学 college 国际学院 URL http://is.bupt.edu.cn/
2025-11-27 15:45:39,485 - INFO - Empty teacher folder: D:\project08\MCP_AI\data\schoolTeachers\47_北京邮电大学\国际教育中心 for university 北京邮电大学 college 国际教育中心 URL https://io.bupt.edu.cn/
2025-11-27 15:45:40,843 - INFO - Empty teacher folder: D:\project08\MCP_AI\data\schoolTeachers\47_北京邮电大学\网络教育学院 for university 北京邮电大学 college 网络教育学院 URL http://www.buptnu.com.cn/
2025-11-27 15:45:52,545 - INFO - Empty teacher folder: D:\project08\MCP_AI\data\schoolTeachers\49_北京协和医学院\肿瘤医院 for university 北京协和医学院 college 肿瘤医院 URL http://www.cicams.ac.cn/
2025-11-27 15:46:05,892 - INFO - Empty teacher folder: D:\project08\MCP_AI\data\schoolTeachers\49_北京协和医学院\微循环研究所 for university 北京协和医学院 college 微循环研究所 URL http://imc.pumc.edu.cn/
2025-11-27 15:46:09,696 - INFO - Empty teacher folder: D:\project08\MCP_AI\data\schoolTeachers\49_北京协和医学院\国家心血管病中心 for university 北京协和医学院 college 国家心血管病中心 URL https://www.fuwaihospital.org/Hospitals/Main/
2025-11-27 15:46:09,851 - INFO - Empty teacher folder: D:\project08\MCP_AI\data\schoolTeachers\49_北京协和医学院\护理学院 for university 北京协和医学院 college 护理学院 URL https://nursing.pumc.edu.cn/
2025-11-27 15:46:48,019 - INFO - Empty teacher folder: D:\project08\MCP_AI\data\schoolTeachers\49_北京协和医学院\继续教育学院 for university 北京协和医学院 college 继续教育学院 URL http://jxjyxy.pumc.edu.cn/
2025-11-27 15:46:49,193 - INFO - Empty teacher folder: D:\project08\MCP_AI\data\schoolTeachers\49_北京协和医学院\医学生物学研究所 for university 北京协和医学院 college 医学生物学研究所 URL http://www.imbcams.ac.cn/
2025-11-27 15:47:31,662 - INFO - Empty teacher folder: D:\project08\MCP_AI\data\schoolTeachers\51_首都师范大学\继续教育学院 for university 首都师范大学 college 继续教育学院 URL http://jxjyxy.cnu.edu.cn/
2025-11-27 15:47:34,451 - INFO - Empty teacher folder: D:\project08\MCP_AI\data\schoolTeachers\51_首都师范大学\京疆学院 for university 首都师范大学 college 京疆学院 URL http://jjxy.cnu.edu.cn/
2025-11-27 15:47:35,609 - INFO - Empty teacher folder: D:\project08\MCP_AI\data\schoolTeachers\51_首都师范大学\良乡校区基础学部 for university 首都师范大学 college 良乡校区基础学部 URL http://lxxqjcxb.cnu.edu.cn/
2025-11-27 15:47:38,922 - INFO - Empty teacher folder: D:\project08\MCP_AI\data\schoolTeachers\51_首都师范大学\文学院 for university 首都师范大学 college 文学院 URL http://chinese.cnu.edu.cn/
2025-11-27 15:47:50,958 - INFO - Empty teacher folder: D:\project08\MCP_AI\data\schoolTeachers\51_首都师范大学\国别区域研究院 for university 首都师范大学 college 国别区域研究院 URL https://igas.cnu.edu.cn/index.htm/
2025-11-27 15:47:53,219 - INFO - Empty teacher folder: D:\project08\MCP_AI\data\schoolTeachers\51_首都师范大学\燕都学院 for university 首都师范大学 college 燕都学院 URL http://ydxy.cnu.edu.cn/
2025-11-27 15:48:03,534 - INFO - Empty teacher folder: D:\project08\MCP_AI\data\schoolTeachers\52_北京外国语大学\国家翻译能力研究中心 for university 北京外国语大学 college 国家翻译能力研究中心 URL https://rectic.bfsu.edu.cn/
2025-11-27 15:48:07,885 - INFO - Empty teacher folder: D:\project08\MCP_AI\data\schoolTeachers\52_北京外国语大学\阿拉伯学院 for university 北京外国语大学 college 阿拉伯学院 URL http://arab.bfsu.edu.cn/
2025-11-27 15:48:08,084 - INFO - Empty teacher folder: D:\project08\MCP_AI\data\schoolTeachers\52_北京外国语大学\王佐良外国文学高等研究院 for university 北京外国语大学 college 王佐良外国文学高等研究院 URL https://wzlgyy.bfsu.edu.cn/
2025-11-27 15:48:09,750 - INFO - Empty teacher folder: D:\project08\MCP_AI\data\schoolTeachers\52_北京外国语大学\体育教研部 for university 北京外国语大学 college 体育教研部 URL https://pe.bfsu.edu.cn/
2025-11-27 15:48:11,093 - INFO - Empty teacher folder: D:\project08\MCP_AI\data\schoolTeachers\52_北京外国语大学\世界亚洲研究信息中心 for university 北京外国语大学 college 世界亚洲研究信息中心 URL http://icwar.bfsu.edu.cn/
2025-11-27 15:48:18,379 - INFO - Empty teacher folder: D:\project08\MCP_AI\data\schoolTeachers\52_北京外国语大学\全国青少年法治教育中心 for university 北京外国语大学 college 全国青少年法治教育中心 URL https://qsfz.bfsu.edu.cn/
2025-11-27 15:48:20,860 - INFO - Empty teacher folder: D:\project08\MCP_AI\data\schoolTeachers\52_北京外国语大学\国际教育研究院 for university 北京外国语大学 college 国际教育研究院 URL https://aies.bfsu.edu.cn/
2025-11-27 15:48:24,489 - INFO - Empty teacher folder: D:\project08\MCP_AI\data\schoolTeachers\52_北京外国语大学\中国外语教材研究中心 for university 北京外国语大学 college 中国外语教材研究中心 URL http://www.bfsutextbook.cn/
2025-11-27 15:48:40,397 - INFO - Empty teacher folder: D:\project08\MCP_AI\data\schoolTeachers\53_中国传媒大学\体育部 for university 中国传媒大学 college 体育部 URL https://tiyu.cuc.edu.cn/
2025-11-27 15:48:53,237 - INFO - Empty teacher folder: D:\project08\MCP_AI\data\schoolTeachers\53_中国传媒大学\海南国际学院 for university 中国传媒大学 college 海南国际学院 URL https://hainan.cuc.edu.cn/
2025-11-27 15:49:19,551 - INFO - Empty teacher folder: D:\project08\MCP_AI\data\schoolTeachers\54_中央财经大学\网络教育学院 for university 中央财经大学 college 网络教育学院 URL http://os.cufe.edu.cn/
2025-11-27 15:49:20,203 - INFO - Empty teacher folder: D:\project08\MCP_AI\data\schoolTeachers\54_中央财经大学\粤港澳大湾区（黄埔）研究院 for university 中央财经大学 college 粤港澳大湾区（黄埔）研究院 URL http://gbari.cufe.edu.cn/
2025-11-27 15:49:23,604 - INFO - Empty teacher folder: D:\project08\MCP_AI\data\schoolTeachers\54_中央财经大学\马克思主义学院 for university 中央财经大学 college 马克思主义学院 URL http://marxism.cufe.edu.cn/
2025-11-27 15:49:33,822 - INFO - Empty teacher folder: D:\project08\MCP_AI\data\schoolTeachers\55_对外经济贸易大学\国际学院 for university 对外经济贸易大学 college 国际学院 URL http://sie.uibe.edu.cn/
2025-11-27 15:49:35,437 - INFO - Empty teacher folder: D:\project08\MCP_AI\data\schoolTeachers\55_对外经济贸易大学\深圳研究院 for university 对外经济贸易大学 college 深圳研究院 URL http://szyjy.uibe.edu.cn/
2025-11-27 15:49:35,555 - INFO - Empty teacher folder: D:\project08\MCP_AI\data\schoolTeachers\55_对外经济贸易大学\涉外法治研究院 for university 对外经济贸易大学 college 涉外法治研究院 URL http://law.uibe.edu.cn/swfzyjy/
2025-11-27 15:49:36,276 - INFO - Empty teacher folder: D:\project08\MCP_AI\data\schoolTeachers\55_对外经济贸易大学\继续教育学院（高级研修学院） for university 对外经济贸易大学 college 继续教育学院（高级研修学院） URL http://www.sce.com.cn/
2025-11-27 15:49:45,323 - INFO - Empty teacher folder: D:\project08\MCP_AI\data\schoolTeachers\55_对外经济贸易大学\贵州研究院 for university 对外经济贸易大学 college 贵州研究院 URL http://gzyjy.uibe.edu.cn/
2025-11-27 15:49:45,716 - INFO - Empty teacher folder: D:\project08\MCP_AI\data\schoolTeachers\55_对外经济贸易大学\国际中文教育（商务）实践与研究基地 for university 对外经济贸易大学 college 国际中文教育（商务）实践与研究基地 URL http://bizchinese.uibe.edu.cn/
2025-11-27 15:49:51,348 - INFO - Empty teacher folder: D:\project08\MCP_AI\data\schoolTeachers\55_对外经济贸易大学\国际商学院 for university 对外经济贸易大学 college 国际商学院 URL http://bs.uibe.edu.cn/
2025-11-27 15:50:17,362 - INFO - Empty teacher folder: D:\project08\MCP_AI\data\schoolTeachers\56_外交学院\国际教育学院 for university 外交学院 college 国际教育学院 URL https://www.cfau.edu.cn\col3837/index.htm/
2025-11-27 15:50:44,561 - INFO - Empty teacher folder: D:\project08\MCP_AI\data\schoolTeachers\57_中国人民公安大学\侦查学院 for university 中国人民公安大学 college 侦查学院 URL https://www.ppsuc.edu.cn\../info/1151/6156.htm/
2025-11-27 15:50:44,561 - INFO - Empty teacher folder: D:\project08\MCP_AI\data\schoolTeachers\57_中国人民公安大学\涉外警务学院 for university 中国人民公安大学 college 涉外警务学院 URL https://www.ppsuc.edu.cn\../info/1151/6154.htm/
2025-11-27 15:50:44,628 - INFO - Empty teacher folder: D:\project08\MCP_AI\data\schoolTeachers\57_中国人民公安大学\警体战训学院 for university 中国人民公安大学 college 警体战训学院 URL https://www.ppsuc.edu.cn\../info/1151/6155.htm/
2025-11-27 15:50:45,199 - INFO - Empty teacher folder: D:\project08\MCP_AI\data\schoolTeachers\57_中国人民公安大学\犯罪学学院 for university 中国人民公安大学 college 犯罪学学院 URL https://www.ppsuc.edu.cn\../info/1151/9583.htm/
2025-11-27 15:50:45,377 - INFO - Empty teacher folder: D:\project08\MCP_AI\data\schoolTeachers\57_中国人民公安大学\交通管理学院 for university 中国人民公安大学 college 交通管理学院 URL https://www.ppsuc.edu.cn\../info/1151/6158.htm/
2025-11-27 15:50:45,453 - INFO - Empty teacher folder: D:\project08\MCP_AI\data\schoolTeachers\57_中国人民公安大学\国家安全学院 for university 中国人民公安大学 college 国家安全学院 URL https://www.ppsuc.edu.cn\../info/1151/6151.htm/
2025-11-27 15:50:45,574 - INFO - Empty teacher folder: D:\project08\MCP_AI\data\schoolTeachers\57_中国人民公安大学\法学院 for university 中国人民公安大学 college 法学院 URL https://www.ppsuc.edu.cn\../info/1151/6149.htm/
2025-11-27 15:50:45,782 - INFO - Empty teacher folder: D:\project08\MCP_AI\data\schoolTeachers\57_中国人民公安大学\公安管理学院 for university 中国人民公安大学 college 公安管理学院 URL https://www.ppsuc.edu.cn\../info/1151/6153.htm/
2025-11-27 15:50:46,224 - INFO - Empty teacher folder: D:\project08\MCP_AI\data\schoolTeachers\57_中国人民公安大学\治安学院 for university 中国人民公安大学 college 治安学院 URL https://www.ppsuc.edu.cn\../info/1151/19196.htm/
2025-11-27 15:50:46,416 - INFO - Empty teacher folder: D:\project08\MCP_AI\data\schoolTeachers\57_中国人民公安大学\马克思主义学院 for university 中国人民公安大学 college 马克思主义学院 URL https://www.ppsuc.edu.cn\../info/1151/6148.htm/
2025-11-27 15:50:46,427 - INFO - Empty teacher folder: D:\project08\MCP_AI\data\schoolTeachers\57_中国人民公安大学\信息网络安全学院 for university 中国人民公安大学 college 信息网络安全学院 URL https://www.ppsuc.edu.cn\../info/1151/6157.htm/
2025-11-27 15:51:04,126 - INFO - Empty teacher folder: D:\project08\MCP_AI\data\schoolTeachers\58_北京体育大学\国际教育与交流学院 for university 北京体育大学 college 国际教育与交流学院 URL http://fld.bsu.edu.cn/
2025-11-27 15:51:04,475 - INFO - Empty teacher folder: D:\project08\MCP_AI\data\schoolTeachers\58_北京体育大学\新闻与传播学院 for university 北京体育大学 college 新闻与传播学院 URL http://cm.bsu.edu.cn/
2025-11-27 15:51:11,574 - INFO - Empty teacher folder: D:\project08\MCP_AI\data\schoolTeachers\58_北京体育大学\竞技体育学院 for university 北京体育大学 college 竞技体育学院 URL http://jjty.bsu.edu.cn/
2025-11-27 15:51:14,552 - INFO - Empty teacher folder: D:\project08\MCP_AI\data\schoolTeachers\58_北京体育大学\阿尔伯塔国际休闲体育与旅游学院 for university 北京体育大学 college 阿尔伯塔国际休闲体育与旅游学院 URL https://ais.bsu.edu.cn/
2025-11-27 15:51:15,037 - INFO - Empty teacher folder: D:\project08\MCP_AI\data\schoolTeachers\58_北京体育大学\中国篮球运动学院 for university 北京体育大学 college 中国篮球运动学院 URL https://cbc.bsu.edu.cn/
2025-11-27 15:51:30,285 - INFO - Empty teacher folder: D:\project08\MCP_AI\data\schoolTeachers\58_北京体育大学\艺术学院 for university 北京体育大学 college 艺术学院 URL http://ysx.bsu.edu.cn/
2025-11-27 15:51:57,254 - INFO - Empty teacher folder: D:\project08\MCP_AI\data\schoolTeachers\59_中央音乐学院\音乐教育学院 for university 中央音乐学院 college 音乐教育学院 URL https://www.ccom.edu.cn\../jgk/jxdw/yljyxy.htm/
2025-11-27 15:51:57,540 - INFO - Empty teacher folder: D:\project08\MCP_AI\data\schoolTeachers\59_中央音乐学院\音乐学系 for university 中央音乐学院 college 音乐学系 URL https://www.ccom.edu.cn\../jgk/jxdw/ylxx.htm/
2025-11-27 15:51:57,541 - INFO - Empty teacher folder: D:\project08\MCP_AI\data\schoolTeachers\59_中央音乐学院\钢琴系 for university 中央音乐学院 college 钢琴系 URL https://www.ccom.edu.cn\../jgk/jxdw/gqx.htm/
2025-11-27 15:51:57,561 - INFO - Empty teacher folder: D:\project08\MCP_AI\data\schoolTeachers\59_中央音乐学院\思想政治理论课教学科研部 for university 中央音乐学院 college 思想政治理论课教学科研部 URL https://www.ccom.edu.cn\../jgk/jxdw/sxzzllkjxkyb.htm/
2025-11-27 15:51:57,614 - INFO - Empty teacher folder: D:\project08\MCP_AI\data\schoolTeachers\59_中央音乐学院\管弦系 for university 中央音乐学院 college 管弦系 URL https://www.ccom.edu.cn\../jgk/jxdw/gxx.htm/
2025-11-27 15:51:57,671 - INFO - Empty teacher folder: D:\project08\MCP_AI\data\schoolTeachers\59_中央音乐学院\附属中等音乐学校 for university 中央音乐学院 college 附属中等音乐学校 URL https://www.ccom.edu.cn\../jgk/jxdw/fszdylxx.htm/
2025-11-27 15:51:57,978 - INFO - Empty teacher folder: D:\project08\MCP_AI\data\schoolTeachers\59_中央音乐学院\学校直属教研室 for university 中央音乐学院 college 学校直属教研室 URL https://www.ccom.edu.cn\../jgk/jxdw/xxzsjys/ylzhlljys.htm/
2025-11-27 15:51:58,288 - INFO - Empty teacher folder: D:\project08\MCP_AI\data\schoolTeachers\59_中央音乐学院\民乐系 for university 中央音乐学院 college 民乐系 URL https://www.ccom.edu.cn\../jgk/jxdw/mlx.htm/
2025-11-27 15:51:58,462 - INFO - Empty teacher folder: D:\project08\MCP_AI\data\schoolTeachers\59_中央音乐学院\声乐歌剧系 for university 中央音乐学院 college 声乐歌剧系 URL https://www.ccom.edu.cn\../jgk/jxdw/slgjx.htm/
2025-11-27 15:51:58,583 - INFO - Empty teacher folder: D:\project08\MCP_AI\data\schoolTeachers\59_中央音乐学院\作曲系 for university 中央音乐学院 college 作曲系 URL https://www.ccom.edu.cn\../jgk/jxdw/zqx.htm/
2025-11-27 15:51:58,630 - INFO - Empty teacher folder: D:\project08\MCP_AI\data\schoolTeachers\59_中央音乐学院\人文学部 for university 中央音乐学院 college 人文学部 URL https://www.ccom.edu.cn\../jgk/jxdw/rwxb.htm/
2025-11-27 15:51:58,654 - INFO - Empty teacher folder: D:\project08\MCP_AI\data\schoolTeachers\59_中央音乐学院\指挥系 for university 中央音乐学院 college 指挥系 URL https://www.ccom.edu.cn\../jgk/jxdw/zhx.htm/
2025-11-27 15:51:59,273 - INFO - Empty teacher folder: D:\project08\MCP_AI\data\schoolTeachers\59_中央音乐学院\提琴制作研究中心 for university 中央音乐学院 college 提琴制作研究中心 URL https://www.ccom.edu.cn\../jgk/jxdw/tqzzyjzx.htm/
2025-11-27 15:52:00,193 - INFO - Empty teacher folder: D:\project08\MCP_AI\data\schoolTeachers\59_中央音乐学院\音乐人工智能与音乐信息科技系 for university 中央音乐学院 college 音乐人工智能与音乐信息科技系 URL https://www.ccom.edu.cn\../jgk/jxdw/ylrgznyylxxkjx.htm/
2025-11-27 15:52:27,710 - INFO - Empty teacher folder: D:\project08\MCP_AI\data\schoolTeachers\61_中央美术学院\修复学院 for university 中央美术学院 college 修复学院 URL https://www.cafa.edu.cn/sp/nljg/?j=175/
2025-11-27 15:52:27,796 - INFO - Empty teacher folder: D:\project08\MCP_AI\data\schoolTeachers\61_中央美术学院\城市设计与创新研究院（CADI） for university 中央美术学院 college 城市设计与创新研究院（CADI） URL https://www.cafa.edu.cn/sp/nljg/?j=316/
2025-11-27 15:52:28,278 - INFO - Empty teacher folder: D:\project08\MCP_AI\data\schoolTeachers\61_中央美术学院\视觉艺术高精尖创新中心 for university 中央美术学院 college 视觉艺术高精尖创新中心 URL https://www.cafa.edu.cn/sp/nljg/?j=305/
2025-11-27 15:52:28,566 - INFO - Empty teacher folder: D:\project08\MCP_AI\data\schoolTeachers\61_中央美术学院\美育研究院 for university 中央美术学院 college 美育研究院 URL https://www.cafa.edu.cn/sp/nljg/?j=314/
2025-11-27 15:52:28,620 - INFO - Empty teacher folder: D:\project08\MCP_AI\data\schoolTeachers\61_中央美术学院\油画系 for university 中央美术学院 college 油画系 URL https://www.cafa.edu.cn/sp/nljg/?j=111/
2025-11-27 15:52:29,305 - INFO - Empty teacher folder: D:\project08\MCP_AI\data\schoolTeachers\61_中央美术学院\国家主题性美术创作研究中心 for university 中央美术学院 college 国家主题性美术创作研究中心 URL https://www.cafa.edu.cn/sp/nljg/?j=310/
2025-11-27 15:52:29,352 - INFO - Empty teacher folder: D:\project08\MCP_AI\data\schoolTeachers\61_中央美术学院\中国公共艺术研究中心 for university 中央美术学院 college 中国公共艺术研究中心 URL https://www.cafa.edu.cn/sp/nljg/?j=315/
2025-11-27 15:52:29,448 - INFO - Empty teacher folder: D:\project08\MCP_AI\data\schoolTeachers\61_中央美术学院\中法艺术与设计管理学院 for university 中央美术学院 college 中法艺术与设计管理学院 URL https://www.cafa.edu.cn/sp/nljg/?j=172/
2025-11-27 15:52:29,524 - INFO - Empty teacher folder: D:\project08\MCP_AI\data\schoolTeachers\61_中央美术学院\中国画学院 for university 中央美术学院 college 中国画学院 URL https://www.cafa.edu.cn/sp/nljg/?j=101/
2025-11-27 15:52:30,695 - INFO - Empty teacher folder: D:\project08\MCP_AI\data\schoolTeachers\61_中央美术学院\人文学院 for university 中央美术学院 college 人文学院 URL https://www.cafa.edu.cn/sp/nljg/?j=151/
2025-11-27 15:52:40,829 - INFO - Empty teacher folder: D:\project08\MCP_AI\data\schoolTeachers\63_中国政法大学\外国语学院 for university 中国政法大学 college 外国语学院 URL https://wgyxy.cupl.edu.cn/
2025-11-27 15:52:44,877 - INFO - Empty teacher folder: D:\project08\MCP_AI\data\schoolTeachers\63_中国政法大学\继续教育学院 for university 中国政法大学 college 继续教育学院 URL https://fdjxjy.cupl.edu.cn/
2025-11-27 15:52:53,200 - INFO - Empty teacher folder: D:\project08\MCP_AI\data\schoolTeachers\63_中国政法大学\纪检监察学院 for university 中国政法大学 college 纪检监察学院 URL https://jjjcxy.cupl.edu.cn/
2025-11-27 15:53:03,206 - INFO - Empty teacher folder: D:\project08\MCP_AI\data\schoolTeachers\64_天津工业大学\博雅书院 for university 天津工业大学 college 博雅书院 URL https://boya.tiangong.edu.cn/
2025-11-27 15:53:07,192 - INFO - Empty teacher folder: D:\project08\MCP_AI\data\schoolTeachers\64_天津工业大学\继续教育学院 for university 天津工业大学 college 继续教育学院 URL https://jxjy.tiangong.edu.cn/
2025-11-27 15:53:20,712 - INFO - Empty teacher folder: D:\project08\MCP_AI\data\schoolTeachers\64_天津工业大学\天工创新学院 for university 天津工业大学 college 天工创新学院 URL https://innovation.tiangong.edu.cn/
2025-11-27 15:53:31,455 - INFO - Empty teacher folder: D:\project08\MCP_AI\data\schoolTeachers\65_天津医科大学\基础医学实验教学中心 for university 天津医科大学 college 基础医学实验教学中心 URL http://www.tmu.edu.cn/jcsfzx/
2025-11-27 15:53:31,538 - INFO - Empty teacher folder: D:\project08\MCP_AI\data\schoolTeachers\65_天津医科大学\第一临床医学院 for university 天津医科大学 college 第一临床医学院 URL http://www.tjmugh.com.cn/
2025-11-27 15:53:31,870 - INFO - Empty teacher folder: D:\project08\MCP_AI\data\schoolTeachers\65_天津医科大学\实验动物科学部 for university 天津医科大学 college 实验动物科学部 URL http://www.tmu.edu.cn/sydwkxb/
2025-11-27 15:53:32,090 - INFO - Empty teacher folder: D:\project08\MCP_AI\data\schoolTeachers\65_天津医科大学\继续教育学院 for university 天津医科大学 college 继续教育学院 URL http://www.tmu.edu.cn/jxjyxy/
2025-11-27 15:53:33,410 - INFO - Empty teacher folder: D:\project08\MCP_AI\data\schoolTeachers\65_天津医科大学\护理学实验教学中心 for university 天津医科大学 college 护理学实验教学中心 URL http://www.tmu.edu.cn/hlsfzx/
2025-11-27 15:53:35,455 - INFO - Empty teacher folder: D:\project08\MCP_AI\data\schoolTeachers\65_天津医科大学\基础医学院 for university 天津医科大学 college 基础医学院 URL http://bms.tmu.edu.cn/
2025-11-27 15:53:45,055 - INFO - Empty teacher folder: D:\project08\MCP_AI\data\schoolTeachers\65_天津医科大学\第二临床医学院 for university 天津医科大学 college 第二临床医学院 URL http://www.tjmush.com.cn/
2025-11-27 15:53:50,533 - INFO - Empty teacher folder: D:\project08\MCP_AI\data\schoolTeachers\65_天津医科大学\临床医学院 for university 天津医科大学 college 临床医学院 URL http://www.tmucmc.edu.cn/
2025-11-27 15:53:50,917 - INFO - Empty teacher folder: D:\project08\MCP_AI\data\schoolTeachers\65_天津医科大学\护理学院 for university 天津医科大学 college 护理学院 URL http://www.tmu.edu.cn/hlxy/
2025-11-27 15:54:17,528 - INFO - Empty teacher folder: D:\project08\MCP_AI\data\schoolTeachers\66_天津中医药大学\护理学院 for university 天津中医药大学 college 护理学院 URL http://huli.tjutcm.edu.cn/
2025-11-27 15:54:18,245 - INFO - Empty teacher folder: D:\project08\MCP_AI\data\schoolTeachers\66_天津中医药大学\国际教育学院（国际交流与合作处） for university 天津中医药大学 college 国际教育学院（国际交流与合作处） URL http://iec.tjutcm.edu.cn/?wbtreeid=1001&citycode=54527&citysign=0/
2025-11-27 15:54:18,278 - INFO - Empty teacher folder: D:\project08\MCP_AI\data\schoolTeachers\66_天津中医药大学\文化与健康传播学院 for university 天津中医药大学 college 文化与健康传播学院 URL http://yuyanwenhua.tjutcm.edu.cn/
2025-11-27 15:54:18,720 - INFO - Empty teacher folder: D:\project08\MCP_AI\data\schoolTeachers\66_天津中医药大学\继续教育学院 for university 天津中医药大学 college 继续教育学院 URL http://jixu.tjutcm.edu.cn/
2025-11-27 15:54:18,741 - INFO - Empty teacher folder: D:\project08\MCP_AI\data\schoolTeachers\66_天津中医药大学\管理学院 for university 天津中医药大学 college 管理学院 URL http://guanli.tjutcm.edu.cn/
2025-11-27 15:55:10,782 - INFO - Empty teacher folder: D:\project08\MCP_AI\data\schoolTeachers\67_华北电力大学\国际教育学院 for university 华北电力大学 college 国际教育学院 URL https://iei.ncepu.edu.cn/
2025-11-27 15:55:18,361 - INFO - Empty teacher folder: D:\project08\MCP_AI\data\schoolTeachers\67_华北电力大学\怀柔实验室学院 for university 华北电力大学 college 怀柔实验室学院 URL https://www.ncepu.edu.cn/zzjg/xyb/hrsysxy/
2025-11-27 15:55:36,153 - INFO - Empty teacher folder: D:\project08\MCP_AI\data\schoolTeachers\68_河北工业大学\建筑与艺术设计学院 for university 河北工业大学 college 建筑与艺术设计学院 URL http://jzyyssjxy.hebut.edu.cn/
2025-11-27 15:55:47,014 - INFO - Empty teacher folder: D:\project08\MCP_AI\data\schoolTeachers\69_太原理工大学\继续教育学院 for university 太原理工大学 college 继续教育学院 URL http://jxjyxy.tyut.edu.cn/
2025-11-27 15:55:58,112 - INFO - Empty teacher folder: D:\project08\MCP_AI\data\schoolTeachers\70_内蒙古大学\求真学院（创新创业学院） for university 内蒙古大学 college 求真学院（创新创业学院） URL https://qiuzhen.imu.edu.cn/
2025-11-27 15:55:58,585 - INFO - Empty teacher folder: D:\project08\MCP_AI\data\schoolTeachers\70_内蒙古大学\继续教育学院 for university 内蒙古大学 college 继续教育学院 URL http://jxjy.imu.edu.cn/
2025-11-27 15:56:07,058 - INFO - Empty teacher folder: D:\project08\MCP_AI\data\schoolTeachers\70_内蒙古大学\国际教育学院 for university 内蒙古大学 college 国际教育学院 URL http://iec.imu.edu.cn/
2025-11-27 15:56:15,824 - INFO - Empty teacher folder: D:\project08\MCP_AI\data\schoolTeachers\70_内蒙古大学\纪检监察学院（监察官培训学院） for university 内蒙古大学 college 纪检监察学院（监察官培训学院） URL https://jcgpxxy.imu.edu.cn/
2025-11-27 15:56:19,538 - INFO - Empty teacher folder: D:\project08\MCP_AI\data\schoolTeachers\70_内蒙古大学\交通学院 for university 内蒙古大学 college 交通学院 URL http://www.jt.imu.edu.cn/
2025-11-27 15:57:29,450 - INFO - Empty teacher folder: D:\project08\MCP_AI\data\schoolTeachers\71_辽宁大学\国际教育学院 for university 辽宁大学 college 国际教育学院 URL http://ie.lnu.edu.cn/
2025-11-27 15:57:40,234 - INFO - Empty teacher folder: D:\project08\MCP_AI\data\schoolTeachers\72_大连海事大学\国际海事学院（留学生教育中心） for university 大连海事大学 college 国际海事学院（留学生教育中心） URL http://iec.dlmu.edu.cn/
2025-11-27 15:57:40,624 - INFO - Empty teacher folder: D:\project08\MCP_AI\data\schoolTeachers\72_大连海事大学\继续教育学院 for university 大连海事大学 college 继续教育学院 URL http://dlmucec.dlmu.edu.cn/
2025-11-27 15:57:57,277 - INFO - Empty teacher folder: D:\project08\MCP_AI\data\schoolTeachers\72_大连海事大学\理学院 for university 大连海事大学 college 理学院 URL http://science.dlmu.edu.cn/
2025-11-27 15:57:58,595 - INFO - Empty teacher folder: D:\project08\MCP_AI\data\schoolTeachers\72_大连海事大学\水路交通控制全国重点实验室 for university 大连海事大学 college 水路交通控制全国重点实验室 URL https://sklmts.dlmu.edu.cn/
2025-11-27 15:58:13,524 - INFO - Empty teacher folder: D:\project08\MCP_AI\data\schoolTeachers\73_延边大学\美术学院 for university 延边大学 college 美术学院 URL https://ydarts.ybu.edu.cn/
2025-11-27 15:58:24,200 - INFO - Empty teacher folder: D:\project08\MCP_AI\data\schoolTeachers\75_哈尔滨工程大学\体育部 for university 哈尔滨工程大学 college 体育部 URL http://pt.hrbeu.edu.cn/
2025-11-27 15:58:31,501 - INFO - Empty teacher folder: D:\project08\MCP_AI\data\schoolTeachers\75_哈尔滨工程大学\南海研究院 for university 哈尔滨工程大学 college 南海研究院 URL http://nanhai.hrbeu.edu.cn/
2025-11-27 15:58:33,581 - INFO - Empty teacher folder: D:\project08\MCP_AI\data\schoolTeachers\75_哈尔滨工程大学\未来技术学院 for university 哈尔滨工程大学 college 未来技术学院 URL http://wljs.hrbeu.edu.cn/
2025-11-27 15:58:35,567 - INFO - Empty teacher folder: D:\project08\MCP_AI\data\schoolTeachers\75_哈尔滨工程大学\外国语学院 for university 哈尔滨工程大学 college 外国语学院 URL http://fld.hrbeu.edu.cn/
2025-11-27 15:58:36,023 - INFO - Empty teacher folder: D:\project08\MCP_AI\data\schoolTeachers\75_哈尔滨工程大学\马克思主义学院 for university 哈尔滨工程大学 college 马克思主义学院 URL http://sizhengbu.hrbeu.edu.cn/
2025-11-27 15:58:43,249 - INFO - Empty teacher folder: D:\project08\MCP_AI\data\schoolTeachers\75_哈尔滨工程大学\电子政务建模仿真国家工程实验室 for university 哈尔滨工程大学 college 电子政务建模仿真国家工程实验室 URL https://egovlab.hrbeu.edu.cn/
2025-11-27 15:58:57,390 - INFO - Empty teacher folder: D:\project08\MCP_AI\data\schoolTeachers\76_东北农业大学\体育教研部 for university 东北农业大学 college 体育教研部 URL https://tyb.neau.edu.cn/
2025-11-27 16:02:14,186 - INFO - Empty teacher folder: D:\project08\MCP_AI\data\schoolTeachers\77_东北林业大学\野生动物与自然保护地学院 for university 东北林业大学 college 野生动物与自然保护地学院 URL https://wildlife.nefu.edu.cn/
2025-11-27 16:02:25,588 - INFO - Empty teacher folder: D:\project08\MCP_AI\data\schoolTeachers\77_东北林业大学\奥林学院 for university 东北林业大学 college 奥林学院 URL https://aulin.nefu.edu.cn/
2025-11-27 16:02:38,389 - INFO - Empty teacher folder: D:\project08\MCP_AI\data\schoolTeachers\78_华东理工大学\商学院 for university 华东理工大学 college 商学院 URL http://bs.ecust.edu.cn/
2025-11-27 16:02:49,303 - INFO - Empty teacher folder: D:\project08\MCP_AI\data\schoolTeachers\80_上海海洋大学\继续教育学院 for university 上海海洋大学 college 继续教育学院 URL http://cjxy.shou.edu.cn/
2025-11-27 16:04:08,816 - INFO - Empty teacher folder: D:\project08\MCP_AI\data\schoolTeachers\80_上海海洋大学\爱恩学院 for university 上海海洋大学 college 爱恩学院 URL http://ien.shou.edu.cn/
2025-11-27 16:04:20,679 - INFO - Empty teacher folder: D:\project08\MCP_AI\data\schoolTeachers\81_上海中医药大学\继续教育学院 for university 上海中医药大学 college 继续教育学院 URL https://jxjy.shutcm.edu.cn/
2025-11-27 16:04:36,645 - INFO - Empty teacher folder: D:\project08\MCP_AI\data\schoolTeachers\81_上海中医药大学\中医药人工智能学院 for university 上海中医药大学 college 中医药人工智能学院 URL /
2025-11-27 16:05:11,648 - INFO - Empty teacher folder: D:\project08\MCP_AI\data\schoolTeachers\82_上海外国语大学\网络教育 for university 上海外国语大学 college 网络教育 URL http://www.sde.shisu.edu.cn/
2025-11-27 16:06:02,149 - INFO - Empty teacher folder: D:\project08\MCP_AI\data\schoolTeachers\82_上海外国语大学\法学院 for university 上海外国语大学 college 法学院 URL http://www.law.shisu.edu.cn/
2025-11-27 16:07:09,520 - INFO - Empty teacher folder: D:\project08\MCP_AI\data\schoolTeachers\83_上海财经大学\上海国际银行金融学院 for university 上海财经大学 college 上海国际银行金融学院 URL http://www.sibfi.com/
2025-11-27 16:07:53,010 - INFO - Empty teacher folder: D:\project08\MCP_AI\data\schoolTeachers\84_上海体育学院\心理学院 for university 上海体育学院 college 心理学院 URL http://xlxy.sus.edu.cn/
2025-11-27 16:07:53,422 - INFO - Empty teacher folder: D:\project08\MCP_AI\data\schoolTeachers\84_上海体育学院\运动健康学院 for university 上海体育学院 college 运动健康学院 URL http://yk.sus.edu.cn/
2025-11-27 16:09:06,763 - INFO - Empty teacher folder: D:\project08\MCP_AI\data\schoolTeachers\85_上海音乐学院\上海乐队学院 for university 上海音乐学院 college 上海乐队学院 URL https://soa.shsymphony.com/cn/index.aspx/
2025-11-27 16:09:16,844 - INFO - Empty teacher folder: D:\project08\MCP_AI\data\schoolTeachers\85_上海音乐学院\国际教育学院 for university 上海音乐学院 college 国际教育学院 URL https://www.shcmusic.edu.cn/1659/list.htm/
2025-11-27 16:09:28,619 - INFO - Empty teacher folder: D:\project08\MCP_AI\data\schoolTeachers\86_上海大学\继续教育学院 for university 上海大学 college 继续教育学院 URL https://cce.shu.edu.cn/
2025-11-27 16:09:34,914 - INFO - Empty teacher folder: D:\project08\MCP_AI\data\schoolTeachers\86_上海大学\翔英学院 for university 上海大学 college 翔英学院 URL https://xiangying.shu.edu.cn/
2025-11-27 16:09:42,039 - INFO - Empty teacher folder: D:\project08\MCP_AI\data\schoolTeachers\86_上海大学\新闻传播学院 for university 上海大学 college 新闻传播学院 URL https://sjc.shu.edu.cn/
2025-11-27 16:09:52,282 - INFO - Empty teacher folder: D:\project08\MCP_AI\data\schoolTeachers\87_苏州大学\老挝苏州大学 for university 苏州大学 college 老挝苏州大学 URL http://laowo.suda.edu.cn/
2025-11-27 16:09:52,569 - INFO - Empty teacher folder: D:\project08\MCP_AI\data\schoolTeachers\87_苏州大学\紫卿书院 for university 苏州大学 college 紫卿书院 URL http://zqsy.suda.edu.cn/
2025-11-27 16:09:52,626 - INFO - Empty teacher folder: D:\project08\MCP_AI\data\schoolTeachers\87_苏州大学\海外教育学院 for university 苏州大学 college 海外教育学院 URL http://oversea.suda.edu.cn/
2025-11-27 16:09:53,697 - INFO - Empty teacher folder: D:\project08\MCP_AI\data\schoolTeachers\87_苏州大学\第二临床医学院 for university 苏州大学 college 第二临床医学院 URL http://www.sdfey.com/
2025-11-27 16:10:09,720 - INFO - Empty teacher folder: D:\project08\MCP_AI\data\schoolTeachers\87_苏州大学\继续教育学院 for university 苏州大学 college 继续教育学院 URL http://jxjy.suda.edu.cn/
2025-11-27 16:10:21,147 - INFO - Empty teacher folder: D:\project08\MCP_AI\data\schoolTeachers\87_苏州大学\师范学院 for university 苏州大学 college 师范学院 URL http://sfxy.suda.edu.cn/
2025-11-27 16:10:32,802 - INFO - Empty teacher folder: D:\project08\MCP_AI\data\schoolTeachers\88_南京航空航天大学\国家卓越工程师学院 for university 南京航空航天大学 college 国家卓越工程师学院 URL https://ngcee.nuaa.edu.cn/
2025-11-27 16:10:34,233 - INFO - Empty teacher folder: D:\project08\MCP_AI\data\schoolTeachers\88_南京航空航天大学\牧星学院 for university 南京航空航天大学 college 牧星学院 URL https://mxxy.nuaa.edu.cn/
2025-11-27 16:10:41,414 - INFO - Empty teacher folder: D:\project08\MCP_AI\data\schoolTeachers\88_南京航空航天大学\国际教育学院 for university 南京航空航天大学 college 国际教育学院 URL https://cie.nuaa.edu.cn/
2025-11-27 16:10:48,842 - INFO - Empty teacher folder: D:\project08\MCP_AI\data\schoolTeachers\88_南京航空航天大学\继续教育（高等职业技术）学院 for university 南京航空航天大学 college 继续教育（高等职业技术）学院 URL http://jxjy.nuaa.edu.cn/
2025-11-27 16:10:49,369 - INFO - Empty teacher folder: D:\project08\MCP_AI\data\schoolTeachers\88_南京航空航天大学\金城学院 for university 南京航空航天大学 college 金城学院 URL http://nhjcxy.edu.cn/
2025-11-27 16:11:05,331 - INFO - Empty teacher folder: D:\project08\MCP_AI\data\schoolTeachers\89_南京理工大学\紫金学院 for university 南京理工大学 college 紫金学院 URL http://zj.njust.edu.cn/
2025-11-27 16:11:11,754 - INFO - Empty teacher folder: D:\project08\MCP_AI\data\schoolTeachers\89_南京理工大学\泰州科技学院 for university 南京理工大学 college 泰州科技学院 URL https://www.nustti.edu.cn/
2025-11-27 16:11:15,830 - INFO - Empty teacher folder: D:\project08\MCP_AI\data\schoolTeachers\89_南京理工大学\工程训练中心 for university 南京理工大学 college 工程训练中心 URL https://etc.njust.edu.cn/
2025-11-27 16:11:16,741 - INFO - Empty teacher folder: D:\project08\MCP_AI\data\schoolTeachers\89_南京理工大学\国际教育学院 for university 南京理工大学 college 国际教育学院 URL https://sie.njust.edu.cn/
2025-11-27 16:11:29,022 - INFO - Empty teacher folder: D:\project08\MCP_AI\data\schoolTeachers\90_中国矿业大学（徐州）\继续教育学院 for university 中国矿业大学（徐州） college 继续教育学院 URL http://sce.cumt.edu.cn/
2025-11-27 16:14:59,969 - INFO - Empty teacher folder: D:\project08\MCP_AI\data\schoolTeachers\90_中国矿业大学（徐州）\体育学院 for university 中国矿业大学（徐州） college 体育学院 URL http://sport.cumt.edu.cn/
2025-11-27 16:15:09,957 - INFO - Empty teacher folder: D:\project08\MCP_AI\data\schoolTeachers\91_中国矿业大学（北京）\继续教育学院 for university 中国矿业大学（北京） college 继续教育学院 URL http://jxjy.cumtb.edu.cn/
2025-11-27 16:15:21,269 - INFO - Empty teacher folder: D:\project08\MCP_AI\data\schoolTeachers\92_南京邮电大学\应用技术学院 for university 南京邮电大学 college 应用技术学院 URL http://yyjsxy.njupt.edu.cn/
2025-11-27 16:15:22,639 - INFO - Empty teacher folder: D:\project08\MCP_AI\data\schoolTeachers\92_南京邮电大学\海外教育学院 for university 南京邮电大学 college 海外教育学院 URL http://overseas.njupt.edu.cn/
2025-11-27 16:15:23,449 - INFO - Empty teacher folder: D:\project08\MCP_AI\data\schoolTeachers\92_南京邮电大学\继续教育学院、自学考试办公室 for university 南京邮电大学 college 继续教育学院、自学考试办公室 URL http://jjy.njupt.edu.cn/
2025-11-27 16:15:24,773 - INFO - Empty teacher folder: D:\project08\MCP_AI\data\schoolTeachers\92_南京邮电大学\工程实验教学部 for university 南京邮电大学 college 工程实验教学部 URL https://deei.njupt.edu.cn/
2025-11-27 16:15:37,108 - INFO - Empty teacher folder: D:\project08\MCP_AI\data\schoolTeachers\92_南京邮电大学\创新创业教育学院 for university 南京邮电大学 college 创新创业教育学院 URL http://cxcy.njupt.edu.cn/
2025-11-27 16:15:54,507 - INFO - Empty teacher folder: D:\project08\MCP_AI\data\schoolTeachers\93_河海大学\外国语学院 for university 河海大学 college 外国语学院 URL http://wgyxy.hhu.edu.cn/
2025-11-27 16:15:58,693 - INFO - Empty teacher folder: D:\project08\MCP_AI\data\schoolTeachers\93_河海大学\体育系 for university 河海大学 college 体育系 URL http://tyx.hhu.edu.cn/
2025-11-27 16:16:00,329 - INFO - Empty teacher folder: D:\project08\MCP_AI\data\schoolTeachers\93_河海大学\河海里尔学院 for university 河海大学 college 河海里尔学院 URL https://hlc.hhu.edu.cn/
2025-11-27 16:16:14,061 - INFO - Empty teacher folder: D:\project08\MCP_AI\data\schoolTeachers\93_河海大学\卓越工程师学院 for university 河海大学 college 卓越工程师学院 URL https://zygcsxy.hhu.edu.cn/
2025-11-27 16:16:35,935 - INFO - Empty teacher folder: D:\project08\MCP_AI\data\schoolTeachers\94_江南大学\卓越工程师学院 for university 江南大学 college 卓越工程师学院 URL https://giee.jiangnan.edu.cn/
2025-11-27 16:16:52,530 - INFO - Empty teacher folder: D:\project08\MCP_AI\data\schoolTeachers\95_南京林业大学\继续教育学院、应用技术学院 for university 南京林业大学 college 继续教育学院、应用技术学院 URL http://nljj.njfu.edu.cn/
2025-11-27 16:17:13,384 - INFO - Empty teacher folder: D:\project08\MCP_AI\data\schoolTeachers\95_南京林业大学\国际教育学院 for university 南京林业大学 college 国际教育学院 URL https://iec.njfu.edu.cn/
2025-11-27 16:17:35,712 - INFO - Empty teacher folder: D:\project08\MCP_AI\data\schoolTeachers\96_南京信息工程大学\电子与信息工程学院 for university 南京信息工程大学 college 电子与信息工程学院 URL http://dxy.nuist.edu.cn/
2025-11-27 16:17:39,815 - INFO - Empty teacher folder: D:\project08\MCP_AI\data\schoolTeachers\96_南京信息工程大学\马克思主义学院 for university 南京信息工程大学 college 马克思主义学院 URL http://marx.nuist.edu.cn/
2025-11-27 16:17:41,962 - INFO - Empty teacher folder: D:\project08\MCP_AI\data\schoolTeachers\96_南京信息工程大学\雷丁学院 for university 南京信息工程大学 college 雷丁学院 URL http://reading.nuist.edu.cn/
2025-11-27 16:17:42,812 - INFO - Empty teacher folder: D:\project08\MCP_AI\data\schoolTeachers\96_南京信息工程大学\遥感与测绘工程学院 for university 南京信息工程大学 college 遥感与测绘工程学院 URL https://ycxy.nuist.edu.cn/
2025-11-27 16:17:44,170 - INFO - Empty teacher folder: D:\project08\MCP_AI\data\schoolTeachers\96_南京信息工程大学\地理科学学院 for university 南京信息工程大学 college 地理科学学院 URL http://geography.nuist.edu.cn/
2025-11-27 16:17:45,282 - INFO - Empty teacher folder: D:\project08\MCP_AI\data\schoolTeachers\96_南京信息工程大学\人工智能学院（未来技术学院、人工智能产业学院） for university 南京信息工程大学 college 人工智能学院（未来技术学院、人工智能产业学院） URL https://rgzn.nuist.edu.cn/
2025-11-27 16:17:51,617 - INFO - Empty teacher folder: D:\project08\MCP_AI\data\schoolTeachers\96_南京信息工程大学\物理与光电工程学院 for university 南京信息工程大学 college 物理与光电工程学院 URL http://wdy.nuist.edu.cn/
2025-11-27 16:18:09,242 - INFO - Empty teacher folder: D:\project08\MCP_AI\data\schoolTeachers\96_南京信息工程大学\生态与应用气象学院 for university 南京信息工程大学 college 生态与应用气象学院 URL https://yqy.nuist.edu.cn/
2025-11-27 16:32:07,960 - INFO - Empty teacher folder: D:\project08\MCP_AI\data\schoolTeachers\97_南京农业大学\前沿交叉研究院 for university 南京农业大学 college 前沿交叉研究院 URL http://aais.njau.edu.cn/
2025-11-27 16:32:14,607 - INFO - Empty teacher folder: D:\project08\MCP_AI\data\schoolTeachers\97_南京农业大学\外国语学院 for university 南京农业大学 college 外国语学院 URL http://foreign.njau.edu.cn/
2025-11-27 16:32:16,545 - INFO - Empty teacher folder: D:\project08\MCP_AI\data\schoolTeachers\97_南京农业大学\无锡渔业学院 for university 南京农业大学 college 无锡渔业学院 URL http://wxfc.ffrc.cn/
2025-11-27 16:32:19,654 - INFO - Empty teacher folder: D:\project08\MCP_AI\data\schoolTeachers\97_南京农业大学\金融学院 for university 南京农业大学 college 金融学院 URL http://finance.njau.edu.cn/
2025-11-27 16:32:31,535 - INFO - Empty teacher folder: D:\project08\MCP_AI\data\schoolTeachers\98_南京中医药大学\淡安书院 for university 南京中医药大学 college 淡安书院 URL http://dac.njucm.edu.cn/
2025-11-27 16:32:32,488 - INFO - Empty teacher folder: D:\project08\MCP_AI\data\schoolTeachers\98_南京中医药大学\继续教育学院 for university 南京中医药大学 college 继续教育学院 URL https://cjy.njucm.edu.cn/
2025-11-27 16:32:38,709 - INFO - Empty teacher folder: D:\project08\MCP_AI\data\schoolTeachers\98_南京中医药大学\第一临床医学院 for university 南京中医药大学 college 第一临床医学院 URL https://ylc.njucm.edu.cn/
2025-11-27 16:32:42,166 - INFO - Empty teacher folder: D:\project08\MCP_AI\data\schoolTeachers\98_南京中医药大学\护理学院 for university 南京中医药大学 college 护理学院 URL https://huli.njucm.edu.cn/
2025-11-27 16:32:44,926 - INFO - Empty teacher folder: D:\project08\MCP_AI\data\schoolTeachers\98_南京中医药大学\药学院 for university 南京中医药大学 college 药学院 URL https://yxy.njucm.edu.cn/
2025-11-27 16:32:55,619 - INFO - Empty teacher folder: D:\project08\MCP_AI\data\schoolTeachers\99_中国药科大学\继续教育学院 for university 中国药科大学 college 继续教育学院 URL https://jjy.cpu.edu.cn/
2025-11-27 16:32:56,138 - INFO - Empty teacher folder: D:\project08\MCP_AI\data\schoolTeachers\99_中国药科大学\马克思主义学院 for university 中国药科大学 college 马克思主义学院 URL http://marxism.cpu.edu.cn/
2025-11-27 16:33:02,105 - INFO - Empty teacher folder: D:\project08\MCP_AI\data\schoolTeachers\99_中国药科大学\体育部 for university 中国药科大学 college 体育部 URL http://tyb.cpu.edu.cn/
2025-11-27 16:33:07,248 - INFO - Empty teacher folder: D:\project08\MCP_AI\data\schoolTeachers\99_中国药科大学\孟目的学院 for university 中国药科大学 college 孟目的学院 URL http://mhc.cpu.edu.cn/
2025-11-27 16:33:10,199 - INFO - Empty teacher folder: D:\project08\MCP_AI\data\schoolTeachers\99_中国药科大学\现代制药产业学院 for university 中国药科大学 college 现代制药产业学院 URL https://cyxy.cpu.edu.cn/
2025-11-27 16:33:10,330 - INFO - Empty teacher folder: D:\project08\MCP_AI\data\schoolTeachers\99_中国药科大学\外国语学院 for university 中国药科大学 college 外国语学院 URL http://wywy.cpu.edu.cn/
2025-11-27 16:33:11,636 - INFO - Empty teacher folder: D:\project08\MCP_AI\data\schoolTeachers\99_中国药科大学\中药学院 for university 中国药科大学 college 中药学院 URL http://zyxy.cpu.edu.cn/
2025-11-27 16:33:37,684 - INFO - Empty teacher folder: D:\project08\MCP_AI\data\schoolTeachers\100_南京师范大学\强化培养学院 for university 南京师范大学 college 强化培养学院 URL http://honors.njnu.edu.cn/
2025-11-27 16:33:38,582 - INFO - Empty teacher folder: D:\project08\MCP_AI\data\schoolTeachers\100_南京师范大学\美术学院 for university 南京师范大学 college 美术学院 URL http://msxy.njnu.edu.cn/
2025-11-27 16:33:38,922 - INFO - Empty teacher folder: D:\project08\MCP_AI\data\schoolTeachers\100_南京师范大学\环境学院 for university 南京师范大学 college 环境学院 URL http://env.njnu.edu.cn/
2025-11-27 16:34:05,859 - INFO - Empty teacher folder: D:\project08\MCP_AI\data\schoolTeachers\102_安徽大学\中法工程师学院 for university 安徽大学 college 中法工程师学院 URL http://eisf.ahu.edu.cn/
2025-11-27 16:34:06,237 - INFO - Empty teacher folder: D:\project08\MCP_AI\data\schoolTeachers\102_安徽大学\大学数学教学中心 for university 安徽大学 college 大学数学教学中心 URL https://dszx.ahu.edu.cn/main.htm/
2025-11-27 16:34:06,497 - INFO - Empty teacher folder: D:\project08\MCP_AI\data\schoolTeachers\102_安徽大学\继续教育学院 for university 安徽大学 college 继续教育学院 URL https://jxjy.ahu.edu.cn/
2025-11-27 16:34:08,163 - INFO - Empty teacher folder: D:\project08\MCP_AI\data\schoolTeachers\102_安徽大学\文典学院 for university 安徽大学 college 文典学院 URL http://wendian.ahu.edu.cn/
2025-11-27 16:34:18,955 - INFO - Empty teacher folder: D:\project08\MCP_AI\data\schoolTeachers\104_福州大学\体育教学研究部 for university 福州大学 college 体育教学研究部 URL https://sports.fzu.edu.cn/
2025-11-27 16:34:20,570 - INFO - Empty teacher folder: D:\project08\MCP_AI\data\schoolTeachers\104_福州大学\继续教育学院 for university 福州大学 college 继续教育学院 URL https://cjy.fzu.edu.cn/
2025-11-27 16:34:36,555 - INFO - Empty teacher folder: D:\project08\MCP_AI\data\schoolTeachers\104_福州大学\材料科学与工程学院 for university 福州大学 college 材料科学与工程学院 URL https://www.fzu.edu.cn/system/resource/link.jsp?bmmc=cl&type=w/
2025-11-27 16:34:37,518 - INFO - Empty teacher folder: D:\project08\MCP_AI\data\schoolTeachers\104_福州大学\紫金地质与矿业学院 for university 福州大学 college 紫金地质与矿业学院 URL https://www.fzu.edu.cn/system/resource/link.jsp?bmmc=zjxy&type=w/
2025-11-27 16:34:37,916 - INFO - Empty teacher folder: D:\project08\MCP_AI\data\schoolTeachers\104_福州大学\梅努斯国际工程学院 for university 福州大学 college 梅努斯国际工程学院 URL https://www.fzu.edu.cn/system/resource/link.jsp?bmmc=miec&type=w/
2025-11-27 16:34:38,137 - INFO - Empty teacher folder: D:\project08\MCP_AI\data\schoolTeachers\104_福州大学\环境与安全工程学院 for university 福州大学 college 环境与安全工程学院 URL https://www.fzu.edu.cn/system/resource/link.jsp?bmmc=es&type=w/
2025-11-27 16:34:38,446 - INFO - Empty teacher folder: D:\project08\MCP_AI\data\schoolTeachers\104_福州大学\化学学院 for university 福州大学 college 化学学院 URL https://www.fzu.edu.cn/system/resource/link.jsp?bmmc=chem&type=w/
2025-11-27 16:34:48,303 - INFO - Empty teacher folder: D:\project08\MCP_AI\data\schoolTeachers\105_南昌大学\军事教研部（人民武装部） for university 南昌大学 college 军事教研部（人民武装部） URL https://rwb.ncu.edu.cn/
2025-11-27 16:34:48,744 - INFO - Empty teacher folder: D:\project08\MCP_AI\data\schoolTeachers\105_南昌大学\玛丽女王学院 for university 南昌大学 college 玛丽女王学院 URL http://qmul.ncu.edu.cn/
2025-11-27 16:34:48,859 - INFO - Empty teacher folder: D:\project08\MCP_AI\data\schoolTeachers\105_南昌大学\第二临床医学院 for university 南昌大学 college 第二临床医学院 URL https://www.jxndefy.cn/
2025-11-27 16:34:49,961 - INFO - Empty teacher folder: D:\project08\MCP_AI\data\schoolTeachers\105_南昌大学\第一临床医学院 for university 南昌大学 college 第一临床医学院 URL https://www.cdyfy.com/
2025-11-27 16:35:00,636 - INFO - Empty teacher folder: D:\project08\MCP_AI\data\schoolTeachers\105_南昌大学\卓越工程师学院 for university 南昌大学 college 卓越工程师学院 URL https://ygb.ncu.edu.cn/
2025-11-27 16:35:01,545 - INFO - Empty teacher folder: D:\project08\MCP_AI\data\schoolTeachers\105_南昌大学\南昌大学江西医学院 for university 南昌大学 college 南昌大学江西医学院 URL https://jxmu.ncu.edu.cn/
2025-11-27 16:35:06,068 - INFO - Empty teacher folder: D:\project08\MCP_AI\data\schoolTeachers\105_南昌大学\焕奎书院 for university 南昌大学 college 焕奎书院 URL http://hka.ncu.edu.cn/
2025-11-27 16:35:07,682 - INFO - Empty teacher folder: D:\project08\MCP_AI\data\schoolTeachers\105_南昌大学\法学院 for university 南昌大学 college 法学院 URL http://law.ncu.edu.cn/
2025-11-27 16:35:25,354 - INFO - Empty teacher folder: D:\project08\MCP_AI\data\schoolTeachers\106_河南大学\纪检监察学院 for university 河南大学 college 纪检监察学院 URL http://jjjcxy.henu.edu.cn/
2025-11-27 16:35:30,579 - INFO - Empty teacher folder: D:\project08\MCP_AI\data\schoolTeachers\106_河南大学\软件学院 for university 河南大学 college 软件学院 URL https://software.henu.edu.cn/
2025-11-27 16:35:44,018 - INFO - Empty teacher folder: D:\project08\MCP_AI\data\schoolTeachers\107_中国地质大学（武汉）\国际教育学院 for university 中国地质大学（武汉） college 国际教育学院 URL http://iec.cug.edu.cn/
2025-11-27 16:35:45,397 - INFO - Empty teacher folder: D:\project08\MCP_AI\data\schoolTeachers\107_中国地质大学（武汉）\安哈尔特智能工程与可持续发展学院 for university 中国地质大学（武汉） college 安哈尔特智能工程与可持续发展学院 URL https://cug-anhalt.cug.edu.cn/
2025-11-27 16:35:46,551 - INFO - Empty teacher folder: D:\project08\MCP_AI\data\schoolTeachers\107_中国地质大学（武汉）\李四光学院 for university 中国地质大学（武汉） college 李四光学院 URL http://lsgxy.cug.edu.cn/
2025-11-27 16:37:02,623 - INFO - Empty teacher folder: D:\project08\MCP_AI\data\schoolTeachers\109_武汉理工大学\国家卓越工程师学院 for university 武汉理工大学 college 国家卓越工程师学院 URL http://wyy.whut.edu.cn/
2025-11-27 16:37:03,888 - INFO - Empty teacher folder: D:\project08\MCP_AI\data\schoolTeachers\109_武汉理工大学\材料科学与工程国际化示范学院（材料与微电子学院） for university 武汉理工大学 college 材料科学与工程国际化示范学院（材料与微电子学院） URL http://ismse.whut.edu.cn/
2025-11-27 16:37:05,081 - INFO - Empty teacher folder: D:\project08\MCP_AI\data\schoolTeachers\109_武汉理工大学\艺术与设计学院 for university 武汉理工大学 college 艺术与设计学院 URL http://a-d.whut.edu.cn/
2025-11-27 16:37:06,664 - INFO - Empty teacher folder: D:\project08\MCP_AI\data\schoolTeachers\109_武汉理工大学\数学与统计学院 for university 武汉理工大学 college 数学与统计学院 URL http://maths.whut.edu.cn/
2025-11-27 16:37:06,928 - INFO - Empty teacher folder: D:\project08\MCP_AI\data\schoolTeachers\109_武汉理工大学\法学与人文社会学院 for university 武汉理工大学 college 法学与人文社会学院 URL http://wenfa.whut.edu.cn/
2025-11-27 16:37:07,050 - INFO - Empty teacher folder: D:\project08\MCP_AI\data\schoolTeachers\109_武汉理工大学\物理与力学学院 for university 武汉理工大学 college 物理与力学学院 URL http://phymech.whut.edu.cn/
2025-11-27 16:37:07,683 - INFO - Empty teacher folder: D:\project08\MCP_AI\data\schoolTeachers\109_武汉理工大学\机电工程学院 for university 武汉理工大学 college 机电工程学院 URL http://smee.whut.edu.cn/
2025-11-27 16:48:49,176 - INFO - Empty teacher folder: D:\project08\MCP_AI\data\schoolTeachers\111_华中师范大学\中国近代史研究所 for university 华中师范大学 college 中国近代史研究所 URL http://zgjds.ccnu.edu.cn/
2025-11-27 16:49:02,743 - INFO - Empty teacher folder: D:\project08\MCP_AI\data\schoolTeachers\113_湖南师范大学\继续教育学院 for university 湖南师范大学 college 继续教育学院 URL http://jxjyxy.hunnu.edu.cn/
2025-11-27 16:49:18,858 - INFO - Empty teacher folder: D:\project08\MCP_AI\data\schoolTeachers\114_暨南大学\日本学院 for university 暨南大学 college 日本学院 URL https://jnu.jp/
2025-11-27 16:49:22,920 - INFO - Empty teacher folder: D:\project08\MCP_AI\data\schoolTeachers\114_暨南大学\口腔医学院 for university 暨南大学 college 口腔医学院 URL http://kqyxy.jnu.edu.cn/
2025-11-27 16:49:37,404 - INFO - Empty teacher folder: D:\project08\MCP_AI\data\schoolTeachers\115_广州中医药大学\第四临床医学院 for university 广州中医药大学 college 第四临床医学院 URL https://dslcyxy.gzucm.edu.cn/
2025-11-27 16:49:37,820 - INFO - Empty teacher folder: D:\project08\MCP_AI\data\schoolTeachers\115_广州中医药大学\深圳特色学院 for university 广州中医药大学 college 深圳特色学院 URL https://gri.gzucm.edu.cn/
2025-11-27 16:49:38,864 - INFO - Empty teacher folder: D:\project08\MCP_AI\data\schoolTeachers\115_广州中医药大学\继续教育学院（广东省中医药职业学院） for university 广州中医药大学 college 继续教育学院（广东省中医药职业学院） URL https://jxjyxy.gzucm.edu.cn/
2025-11-27 16:49:42,833 - INFO - Empty teacher folder: D:\project08\MCP_AI\data\schoolTeachers\115_广州中医药大学\体育健康学院 for university 广州中医药大学 college 体育健康学院 URL https://tyjk.gzucm.edu.cn/
2025-11-27 16:49:43,408 - INFO - Empty teacher folder: D:\project08\MCP_AI\data\schoolTeachers\115_广州中医药大学\第一临床医学院 for university 广州中医药大学 college 第一临床医学院 URL https://dylc.gzucm.edu.cn/
2025-11-27 16:49:43,474 - INFO - Empty teacher folder: D:\project08\MCP_AI\data\schoolTeachers\115_广州中医药大学\第三临床医学院 for university 广州中医药大学 college 第三临床医学院 URL https://dslc.gzucm.edu.cn/
2025-11-27 16:49:43,475 - INFO - Empty teacher folder: D:\project08\MCP_AI\data\schoolTeachers\115_广州中医药大学\深圳临床医学院 for university 广州中医药大学 college 深圳临床医学院 URL https://szlcyxy.gzucm.edu.cn/
2025-11-27 16:50:04,695 - INFO - Empty teacher folder: D:\project08\MCP_AI\data\schoolTeachers\115_广州中医药大学\护理学院 for university 广州中医药大学 college 护理学院 URL https://hlxy.gzucm.edu.cn/index.htm/
2025-11-27 16:50:06,752 - INFO - Empty teacher folder: D:\project08\MCP_AI\data\schoolTeachers\115_广州中医药大学\国学院 for university 广州中医药大学 college 国学院 URL https://guoxue.gzucm.edu.cn/
2025-11-27 16:50:11,783 - INFO - Empty teacher folder: D:\project08\MCP_AI\data\schoolTeachers\115_广州中医药大学\第二临床医学院 for university 广州中医药大学 college 第二临床医学院 URL https://delc.gzucm.edu.cn/
2025-11-27 16:50:31,282 - INFO - Empty teacher folder: D:\project08\MCP_AI\data\schoolTeachers\115_广州中医药大学\医学信息工程学院 for university 广州中医药大学 college 医学信息工程学院 URL https://ygxy.gzucm.edu.cn/
2025-11-27 16:50:57,167 - INFO - Empty teacher folder: D:\project08\MCP_AI\data\schoolTeachers\116_华南师范大学\北斗研究院 for university 华南师范大学 college 北斗研究院 URL http://bd.scnu.edu.cn/
2025-11-27 16:50:57,322 - INFO - Empty teacher folder: D:\project08\MCP_AI\data\schoolTeachers\116_华南师范大学\汕尾校区公共课教学部 for university 华南师范大学 college 汕尾校区公共课教学部 URL https://swc.scnu.edu.cn/
2025-11-27 16:51:00,496 - INFO - Empty teacher folder: D:\project08\MCP_AI\data\schoolTeachers\116_华南师范大学\继续教育学院 for university 华南师范大学 college 继续教育学院 URL http://cce.scnu.edu.cn/
2025-11-27 16:51:01,190 - INFO - Empty teacher folder: D:\project08\MCP_AI\data\schoolTeachers\116_华南师范大学\化学学院 for university 华南师范大学 college 化学学院 URL http://sce.scnu.edu.cn/
2025-11-27 16:51:01,691 - INFO - Empty teacher folder: D:\project08\MCP_AI\data\schoolTeachers\116_华南师范大学\马克思主义学院 for university 华南师范大学 college 马克思主义学院 URL http://mks.scnu.edu.cn/
2025-11-27 16:51:01,746 - INFO - Empty teacher folder: D:\project08\MCP_AI\data\schoolTeachers\116_华南师范大学\国际商学院 for university 华南师范大学 college 国际商学院 URL http://ibc.scnu.edu.cn/
2025-11-27 16:51:04,437 - INFO - Empty teacher folder: D:\project08\MCP_AI\data\schoolTeachers\116_华南师范大学\计算机学院 for university 华南师范大学 college 计算机学院 URL http://cs.scnu.edu.cn/
2025-11-27 16:51:07,586 - INFO - Empty teacher folder: D:\project08\MCP_AI\data\schoolTeachers\116_华南师范大学\旅游管理学院 for university 华南师范大学 college 旅游管理学院 URL http://stm.scnu.edu.cn/
2025-11-27 17:06:16,397 - INFO - Empty teacher folder: D:\project08\MCP_AI\data\schoolTeachers\117_海南大学\晨曦书院 for university 海南大学 college 晨曦书院 URL http://cxc.hainanu.edu.cn/
2025-11-27 17:06:17,645 - INFO - Empty teacher folder: D:\project08\MCP_AI\data\schoolTeachers\117_海南大学\中和书院 for university 海南大学 college 中和书院 URL http://zhc.hainanu.edu.cn/
2025-11-27 17:06:17,878 - INFO - Empty teacher folder: D:\project08\MCP_AI\data\schoolTeachers\117_海南大学\天工书院 for university 海南大学 college 天工书院 URL http://tgc.hainanu.edu.cn/
2025-11-27 17:06:24,889 - INFO - Empty teacher folder: D:\project08\MCP_AI\data\schoolTeachers\117_海南大学\檀雅书院 for university 海南大学 college 檀雅书院 URL http://tyc.hainanu.edu.cn/
2025-11-27 17:06:27,152 - INFO - Empty teacher folder: D:\project08\MCP_AI\data\schoolTeachers\117_海南大学\丹心书院 for university 海南大学 college 丹心书院 URL http://dxc.hainanu.edu.cn/
2025-11-27 17:06:31,817 - INFO - Empty teacher folder: D:\project08\MCP_AI\data\schoolTeachers\117_海南大学\今朝书院 for university 海南大学 college 今朝书院 URL http://jzc.hainanu.edu.cn/
2025-11-27 17:06:32,399 - INFO - Empty teacher folder: D:\project08\MCP_AI\data\schoolTeachers\117_海南大学\乘风书院 for university 海南大学 college 乘风书院 URL http://cfc.hainanu.edu.cn/
2025-11-27 17:06:35,387 - INFO - Empty teacher folder: D:\project08\MCP_AI\data\schoolTeachers\117_海南大学\椰风书院 for university 海南大学 college 椰风书院 URL http://yfc.hainanu.edu.cn/
2025-11-27 17:07:02,268 - INFO - Empty teacher folder: D:\project08\MCP_AI\data\schoolTeachers\118_广西大学\土木建筑工程学院 for university 广西大学 college 土木建筑工程学院 URL https://tmjz.gxu.edu.cn/
2025-11-27 17:07:12,952 - INFO - Empty teacher folder: D:\project08\MCP_AI\data\schoolTeachers\119_西南交通大学\继续教育学院 for university 西南交通大学 college 继续教育学院 URL https://sce.swjtu.edu.cn/
2025-11-27 17:07:13,639 - INFO - Empty teacher folder: D:\project08\MCP_AI\data\schoolTeachers\119_西南交通大学\天佑铁道学院 for university 西南交通大学 college 天佑铁道学院 URL https://tyri.swjtu.edu.cn/
2025-11-27 17:07:17,565 - INFO - Empty teacher folder: D:\project08\MCP_AI\data\schoolTeachers\119_西南交通大学\体育学院 for university 西南交通大学 college 体育学院 URL http://sports.swjtu.edu.cn/
2025-11-27 17:07:17,664 - INFO - Empty teacher folder: D:\project08\MCP_AI\data\schoolTeachers\119_西南交通大学\化学学院 for university 西南交通大学 college 化学学院 URL http://chem.swjtu.edu.cn/
2025-11-27 17:07:18,553 - INFO - Empty teacher folder: D:\project08\MCP_AI\data\schoolTeachers\119_西南交通大学\创新创业学院（工程训练中心） for university 西南交通大学 college 创新创业学院（工程训练中心） URL https://sieetc.swjtu.edu.cn/
2025-11-27 17:07:18,592 - INFO - Empty teacher folder: D:\project08\MCP_AI\data\schoolTeachers\119_西南交通大学\环境科学与工程学院 for university 西南交通大学 college 环境科学与工程学院 URL https://ese.swjtu.edu.cn/
2025-11-27 17:07:22,932 - INFO - Empty teacher folder: D:\project08\MCP_AI\data\schoolTeachers\119_西南交通大学\茅以升学院 for university 西南交通大学 college 茅以升学院 URL http://mys.swjtu.edu.cn/
2025-11-27 17:07:23,348 - INFO - Empty teacher folder: D:\project08\MCP_AI\data\schoolTeachers\119_西南交通大学\人工智能研究院 for university 西南交通大学 college 人工智能研究院 URL https://ai.swjtu.edu.cn/
2025-11-27 17:07:27,862 - INFO - Empty teacher folder: D:\project08\MCP_AI\data\schoolTeachers\119_西南交通大学\生命科学与工程学院 for university 西南交通大学 college 生命科学与工程学院 URL http://bioeng.swjtu.edu.cn/
2025-11-27 17:07:28,109 - INFO - Empty teacher folder: D:\project08\MCP_AI\data\schoolTeachers\119_西南交通大学\轨道交通国家实验室（超高速真空管道磁浮交通研究中心） for university 西南交通大学 college 轨道交通国家实验室（超高速真空管道磁浮交通研究中心） URL http://rtnl.swjtu.edu.cn/
2025-11-27 17:07:30,790 - INFO - Empty teacher folder: D:\project08\MCP_AI\data\schoolTeachers\119_西南交通大学\计算机与人工智能学院 for university 西南交通大学 college 计算机与人工智能学院 URL https://scai.swjtu.edu.cn/
2025-11-27 17:07:31,411 - INFO - Empty teacher folder: D:\project08\MCP_AI\data\schoolTeachers\119_西南交通大学\国家卓越工程师学院 for university 西南交通大学 college 国家卓越工程师学院 URL https://ees.swjtu.edu.cn/index.htm/
2025-11-27 17:07:36,189 - INFO - Empty teacher folder: D:\project08\MCP_AI\data\schoolTeachers\119_西南交通大学\智慧城市与交通学院（城市轨道交通学院） for university 西南交通大学 college 智慧城市与交通学院（城市轨道交通学院） URL https://iscit.swjtu.edu.cn/
2025-11-27 17:16:11,594 - INFO - Empty teacher folder: D:\project08\MCP_AI\data\schoolTeachers\119_西南交通大学\电气工程学院 for university 西南交通大学 college 电气工程学院 URL http://dqxy.swjtu.edu.cn/
2025-11-27 17:16:22,149 - INFO - Empty teacher folder: D:\project08\MCP_AI\data\schoolTeachers\120_西南石油大学\继续教育学院 for university 西南石油大学 college 继续教育学院 URL http://www.swpu.edu.cn/c_jy/
2025-11-27 17:16:50,902 - INFO - Empty teacher folder: D:\project08\MCP_AI\data\schoolTeachers\122_四川农业大学\艺术与传媒学院 for university 四川农业大学 college 艺术与传媒学院 URL https://yscm.sicau.edu.cn/
2025-11-27 17:17:43,151 - INFO - Empty teacher folder: D:\project08\MCP_AI\data\schoolTeachers\123_成都中医药大学\临床医学院 for university 成都中医药大学 college 临床医学院 URL http://lcyxy.cdutcm.edu.cn/
2025-11-27 17:17:46,366 - INFO - Empty teacher folder: D:\project08\MCP_AI\data\schoolTeachers\123_成都中医药大学\现代中药产业学院 for university 成都中医药大学 college 现代中药产业学院 URL https://www.cdutcm.edu.cn/xdzycyxy/
2025-11-27 17:17:52,631 - INFO - Empty teacher folder: D:\project08\MCP_AI\data\schoolTeachers\123_成都中医药大学\马克思主义学院 for university 成都中医药大学 college 马克思主义学院 URL https://zyd.cdutcm.edu.cn/mkszyxyrwskxy/
2025-11-27 17:18:04,799 - INFO - Empty teacher folder: D:\project08\MCP_AI\data\schoolTeachers\124_西南大学\中希文明互鉴中心 for university 西南大学 college 中希文明互鉴中心 URL https://chinesekelkip.swu.edu.cn/
2025-11-27 17:18:32,918 - INFO - Empty teacher folder: D:\project08\MCP_AI\data\schoolTeachers\125_西南财经大学\出国留学预备学院 for university 西南财经大学 college 出国留学预备学院 URL https://liuxue.swufe.edu.cn/
2025-11-27 17:18:45,180 - INFO - Empty teacher folder: D:\project08\MCP_AI\data\schoolTeachers\126_贵州大学\继续教育学院 for university 贵州大学 college 继续教育学院 URL http://cce.gzu.edu.cn/
2025-11-27 17:18:47,977 - INFO - Empty teacher folder: D:\project08\MCP_AI\data\schoolTeachers\126_贵州大学\美术学院 for university 贵州大学 college 美术学院 URL http://cfa.gzu.edu.cn/
2025-11-27 17:18:52,431 - INFO - Empty teacher folder: D:\project08\MCP_AI\data\schoolTeachers\126_贵州大学\医学院 for university 贵州大学 college 医学院 URL http://med.gzu.edu.cn/
2025-11-27 17:18:59,473 - INFO - Empty teacher folder: D:\project08\MCP_AI\data\schoolTeachers\126_贵州大学\国际教育学院 for university 贵州大学 college 国际教育学院 URL http://cie.gzu.edu.cn/
2025-11-27 17:19:14,168 - INFO - Empty teacher folder: D:\project08\MCP_AI\data\schoolTeachers\127_西藏大学\马克思主义学院 for university 西藏大学 college 马克思主义学院 URL https://szb.utibet.edu.cn/
2025-11-27 17:19:14,539 - INFO - Empty teacher folder: D:\project08\MCP_AI\data\schoolTeachers\127_西藏大学\医学院 for university 西藏大学 college 医学院 URL https://yxy.utibet.edu.cn/
2025-11-27 17:20:04,814 - INFO - Empty teacher folder: D:\project08\MCP_AI\data\schoolTeachers\127_西藏大学\理学院 for university 西藏大学 college 理学院 URL https://lxy.utibet.edu.cn/
2025-11-27 17:20:18,216 - INFO - Empty teacher folder: D:\project08\MCP_AI\data\schoolTeachers\128_西北大学\继续教育学院 for university 西北大学 college 继续教育学院 URL http://zjxy.nwu.edu.cn/
2025-11-27 17:20:28,741 - INFO - Empty teacher folder: D:\project08\MCP_AI\data\schoolTeachers\129_西安电子科技大学\信息感知技术协同创新中心 for university 西安电子科技大学 college 信息感知技术协同创新中心 URL http://leixieyuan.xidian.edu.cn/
2025-11-27 17:20:37,247 - INFO - Empty teacher folder: D:\project08\MCP_AI\data\schoolTeachers\129_西安电子科技大学\空天地一体化综合业务网全国重点实验室 for university 西安电子科技大学 college 空天地一体化综合业务网全国重点实验室 URL https://isn.xidian.edu.cn/
2025-11-27 17:20:44,395 - INFO - Empty teacher folder: D:\project08\MCP_AI\data\schoolTeachers\129_西安电子科技大学\网络与信息安全学院 for university 西安电子科技大学 college 网络与信息安全学院 URL http://ce.xidian.edu.cn/
2025-11-27 17:21:24,684 - INFO - Empty teacher folder: D:\project08\MCP_AI\data\schoolTeachers\129_西安电子科技大学\生命科学技术学院 for university 西安电子科技大学 college 生命科学技术学院 URL http://life.xidian.edu.cn/
2025-11-27 17:21:43,950 - INFO - Empty teacher folder: D:\project08\MCP_AI\data\schoolTeachers\130_长安大学\信息工程学院 for university 长安大学 college 信息工程学院 URL https://it.chd.edu.cn/
2025-11-27 17:21:48,172 - INFO - Empty teacher folder: D:\project08\MCP_AI\data\schoolTeachers\130_长安大学\国际教育学院、国际学生工作处 for university 长安大学 college 国际教育学院、国际学生工作处 URL https://ies.chd.edu.cn/
2025-11-27 17:22:07,805 - INFO - Empty teacher folder: D:\project08\MCP_AI\data\schoolTeachers\131_陕西师范大学\教师干部培训学院 for university 陕西师范大学 college 教师干部培训学院 URL http://xbsp.snnu.edu.cn/
2025-11-27 17:22:19,741 - INFO - Empty teacher folder: D:\project08\MCP_AI\data\schoolTeachers\131_陕西师范大学\国际汉语文化学院 for university 陕西师范大学 college 国际汉语文化学院 URL http://iscs.snnu.edu.cn/
2025-11-27 17:22:22,475 - INFO - Empty teacher folder: D:\project08\MCP_AI\data\schoolTeachers\131_陕西师范大学\区域国别研究院 for university 陕西师范大学 college 区域国别研究院 URL https://qygb.snnu.edu.cn/
2025-11-27 17:22:37,361 - INFO - Empty teacher folder: D:\project08\MCP_AI\data\schoolTeachers\132_青海大学\财经学院 for university 青海大学 college 财经学院 URL http://cjxy.qhu.edu.cn/
2025-11-27 17:22:37,581 - INFO - Empty teacher folder: D:\project08\MCP_AI\data\schoolTeachers\132_青海大学\体育部 for university 青海大学 college 体育部 URL http://tyb.qhu.edu.cn/
2025-11-27 17:22:41,140 - INFO - Empty teacher folder: D:\project08\MCP_AI\data\schoolTeachers\132_青海大学\数理学院 for university 青海大学 college 数理学院 URL https://slxy.qhu.edu.cn/
2025-11-27 17:22:41,449 - INFO - Empty teacher folder: D:\project08\MCP_AI\data\schoolTeachers\132_青海大学\化工学院 for university 青海大学 college 化工学院 URL http://hgxy.qhu.edu.cn/
2025-11-27 17:24:50,311 - INFO - Empty teacher folder: D:\project08\MCP_AI\data\schoolTeachers\132_青海大学\医学院 for university 青海大学 college 医学院 URL http://yxy.qhu.edu.cn/
2025-11-27 17:25:01,332 - INFO - Empty teacher folder: D:\project08\MCP_AI\data\schoolTeachers\133_宁夏大学\继续教育学院 for university 宁夏大学 college 继续教育学院 URL https://cjxy.nxu.edu.cn/
2025-11-27 17:25:06,143 - INFO - Empty teacher folder: D:\project08\MCP_AI\data\schoolTeachers\133_宁夏大学\新华学院 for university 宁夏大学 college 新华学院 URL https://www.nxxhxy.com/
2025-11-27 17:25:12,458 - INFO - Empty teacher folder: D:\project08\MCP_AI\data\schoolTeachers\133_宁夏大学\国际教育学院 for university 宁夏大学 college 国际教育学院 URL http://hzjl.nxu.edu.cn/
2025-11-27 17:25:15,072 - INFO - Empty teacher folder: D:\project08\MCP_AI\data\schoolTeachers\133_宁夏大学\前沿交叉学院 for university 宁夏大学 college 前沿交叉学院 URL https://qyjcxy.nxu.edu.cn/
2025-11-27 17:29:57,822 - INFO - Empty teacher folder: D:\project08\MCP_AI\data\schoolTeachers\134_石河子大学\继续教育学院 for university 石河子大学 college 继续教育学院 URL http://sce.shzu.edu.cn/
2025-11-27 17:29:57,835 - INFO - Empty teacher folder: D:\project08\MCP_AI\data\schoolTeachers\134_石河子大学\孔子学院 for university 石河子大学 college 孔子学院 URL https://ci.cn/site/1231003000/jj/
2025-11-27 17:30:14,861 - INFO - Empty teacher folder: D:\project08\MCP_AI\data\schoolTeachers\134_石河子大学\法学院 for university 石河子大学 college 法学院 URL http://zfxy.shzu.edu.cn/
2025-11-27 17:30:25,246 - INFO - Empty teacher folder: D:\project08\MCP_AI\data\schoolTeachers\134_石河子大学\外国语学院 for university 石河子大学 college 外国语学院 URL http://wyxy.shzu.edu.cn/
2025-11-27 17:30:43,727 - INFO - Empty teacher folder: D:\project08\MCP_AI\data\schoolTeachers\135_中国石油大学(北京)\油气资源与工程全国重点实验室 for university 中国石油大学(北京) college 油气资源与工程全国重点实验室 URL http://www.cup.edu.cn/prplab/
2025-11-27 17:30:51,918 - INFO - Empty teacher folder: D:\project08\MCP_AI\data\schoolTeachers\135_中国石油大学(北京)\公共英语教学部 for university 中国石油大学(北京) college 公共英语教学部 URL https://www.cup.edu.cn/dfl/xygk/jgsz/jxxb/fa6f1d983d644ba3a6078c84e4a20f40.htm/
2025-11-27 17:30:52,218 - INFO - Empty teacher folder: D:\project08\MCP_AI\data\schoolTeachers\135_中国石油大学(北京)\工程力学系 for university 中国石油大学(北京) college 工程力学系 URL /
2025-11-27 17:30:52,287 - INFO - Empty teacher folder: D:\project08\MCP_AI\data\schoolTeachers\135_中国石油大学(北京)\物理系 for university 中国石油大学(北京) college 物理系 URL https://www.cup.edu.cn/science/szdw/wlx1/index.htm/
2025-11-27 17:30:52,353 - INFO - Empty teacher folder: D:\project08\MCP_AI\data\schoolTeachers\135_中国石油大学(北京)\电子信息工程系 for university 中国石油大学(北京) college 电子信息工程系 URL https://www.cup.edu.cn/cupai/xygk/jgsz/dzxxgcx/index.htm/
2025-11-27 17:30:52,643 - INFO - Empty teacher folder: D:\project08\MCP_AI\data\schoolTeachers\135_中国石油大学(北京)\化学工程系 for university 中国石油大学(北京) college 化学工程系 URL https://www.cup.edu.cn/chem/xygk/jgsz/hxgcx2/index.htm/
2025-11-27 17:30:52,727 - INFO - Empty teacher folder: D:\project08\MCP_AI\data\schoolTeachers\135_中国石油大学(北京)\物探系 for university 中国石油大学(北京) college 物探系 URL https://www.cup.edu.cn/geophysics/xygk/jgsz/wtx/index.htm/
2025-11-27 17:30:52,731 - INFO - Empty teacher folder: D:\project08\MCP_AI\data\schoolTeachers\135_中国石油大学(北京)\机电工程系 for university 中国石油大学(北京) college 机电工程系 URL https://www.cup.edu.cn/mte/xygk/xszx/8dc4d4a80c9f4758a70a6f7c9bec40a4.htm/
2025-11-27 17:30:52,826 - INFO - Empty teacher folder: D:\project08\MCP_AI\data\schoolTeachers\135_中国石油大学(北京)\公共教学中心 for university 中国石油大学(北京) college 公共教学中心 URL https://www.cup.edu.cn/cupai/xygk/jgsz/jxsyzx/index.htm/
2025-11-27 17:30:53,186 - INFO - Empty teacher folder: D:\project08\MCP_AI\data\schoolTeachers\135_中国石油大学(北京)\化学工艺系 for university 中国石油大学(北京) college 化学工艺系 URL https://www.cup.edu.cn/chem/xygk/jgsz/hxgyx2/index.htm/
2025-11-27 17:30:53,240 - INFO - Empty teacher folder: D:\project08\MCP_AI\data\schoolTeachers\135_中国石油大学(北京)\能源与催化工程系 for university 中国石油大学(北京) college 能源与催化工程系 URL https://www.cup.edu.cn/chem/xygk/jgsz/nyychgcx2/index.htm/
2025-11-27 17:30:53,240 - INFO - Empty teacher folder: D:\project08\MCP_AI\data\schoolTeachers\135_中国石油大学(北京)\环境科学与工程系 for university 中国石油大学(北京) college 环境科学与工程系 URL https://www.cup.edu.cn/chem/xygk/jgsz/hjkxygcx2/index.htm/
2025-11-27 17:30:53,244 - INFO - Empty teacher folder: D:\project08\MCP_AI\data\schoolTeachers\135_中国石油大学(北京)\亚欧语教学部 for university 中国石油大学(北京) college 亚欧语教学部 URL https://www.cup.edu.cn/dfl/xygk/jgsz/jxxb/92edff847e2a436991d2e09f6b661a43.htm/
2025-11-27 17:30:53,505 - INFO - Empty teacher folder: D:\project08\MCP_AI\data\schoolTeachers\135_中国石油大学(北京)\材料科学与工程系 for university 中国石油大学(北京) college 材料科学与工程系 URL https://www.cup.edu.cn/cnem/gzzd/f11702fa5adc4ad48a4e49ec2288aa4b.htm/
2025-11-27 17:30:53,564 - INFO - Empty teacher folder: D:\project08\MCP_AI\data\schoolTeachers\135_中国石油大学(北京)\MTI教育中心 for university 中国石油大学(北京) college MTI教育中心 URL https://www.cup.edu.cn/dfl/xygk/jgsz/yjzx/026a1b1859c34b548bb0f5e65a2ba43a.htm/
2025-11-27 17:30:53,564 - INFO - Empty teacher folder: D:\project08\MCP_AI\data\schoolTeachers\135_中国石油大学(北京)\智能科学与技术系 for university 中国石油大学(北京) college 智能科学与技术系 URL https://www.cup.edu.cn/cupai/xygk/jgsz/rjgcx/index.htm/
2025-11-27 17:30:53,977 - INFO - Empty teacher folder: D:\project08\MCP_AI\data\schoolTeachers\135_中国石油大学(北京)\计算机科学与技术系 for university 中国石油大学(北京) college 计算机科学与技术系 URL https://www.cup.edu.cn/cupai/xygk/jgsz/jsjx/index.htm/
2025-11-27 17:30:54,196 - INFO - Empty teacher folder: D:\project08\MCP_AI\data\schoolTeachers\135_中国石油大学(北京)\中国国际能源舆情研究中心 for university 中国石油大学(北京) college 中国国际能源舆情研究中心 URL https://www.cup.edu.cn/dfl/xygk/jgsz/yjzx/1c9381e34e814440ac1187b841b6c619.htm/
2025-11-27 17:31:30,738 - INFO - Empty teacher folder: D:\project08\MCP_AI\data\schoolTeachers\135_中国石油大学(北京)\应用化学系 for university 中国石油大学(北京) college 应用化学系 URL https://career.cup.edu.cn/faculty/view/id/113002/
2025-11-27 17:31:51,054 - INFO - Empty teacher folder: D:\project08\MCP_AI\data\schoolTeachers\136_中国石油大学(华东)\海洋物探及勘探开发装备国家工程研究中心 for university 中国石油大学(华东) college 海洋物探及勘探开发装备国家工程研究中心 URL https://nercmgede.upc.edu.cn/
2025-11-27 17:31:51,593 - INFO - Empty teacher folder: D:\project08\MCP_AI\data\schoolTeachers\136_中国石油大学(华东)\荟萃学院 for university 中国石油大学(华东) college 荟萃学院 URL https://huicui.upc.edu.cn/
2025-11-27 17:31:59,578 - INFO - Empty teacher folder: D:\project08\MCP_AI\data\schoolTeachers\136_中国石油大学(华东)\高端化工与能源材料研究中心 for university 中国石油大学(华东) college 高端化工与能源材料研究中心 URL https://aec.upc.edu.cn/
2025-11-27 17:32:23,980 - INFO - Empty teacher folder: D:\project08\MCP_AI\data\schoolTeachers\137_宁波大学\国际交流学院 for university 宁波大学 college 国际交流学院 URL http://icnbu.nbu.edu.cn/
2025-11-27 17:32:35,934 - INFO - Empty teacher folder: D:\project08\MCP_AI\data\schoolTeachers\138_中国科学院大学\广州地球化学研究所 for university 中国科学院大学 college 广州地球化学研究所 URL http://www.gig.cas.cn/
2025-11-27 17:32:36,052 - INFO - Empty teacher folder: D:\project08\MCP_AI\data\schoolTeachers\138_中国科学院大学\中国科学院大学药学院 for university 中国科学院大学 college 中国科学院大学药学院 URL https://simm.cas.cn/web/yjsjy/lhbx/zgkxydxyxy/
2025-11-27 17:32:36,208 - INFO - Empty teacher folder: D:\project08\MCP_AI\data\schoolTeachers\138_中国科学院大学\体育部 for university 中国科学院大学 college 体育部 URL https://sports.ucas.ac.cn/
2025-11-27 17:32:36,928 - INFO - Empty teacher folder: D:\project08\MCP_AI\data\schoolTeachers\138_中国科学院大学\国家天文台 for university 中国科学院大学 college 国家天文台 URL http://www.nao.cas.cn/
2025-11-27 17:32:37,061 - INFO - Empty teacher folder: D:\project08\MCP_AI\data\schoolTeachers\138_中国科学院大学\兰州化学物理研究所 for university 中国科学院大学 college 兰州化学物理研究所 URL http://www.licp.cas.cn/
2025-11-27 17:32:38,665 - INFO - Empty teacher folder: D:\project08\MCP_AI\data\schoolTeachers\138_中国科学院大学\生态环境研究中心 for university 中国科学院大学 college 生态环境研究中心 URL http://www.rcees.cas.cn/
2025-11-27 17:32:42,193 - INFO - Empty teacher folder: D:\project08\MCP_AI\data\schoolTeachers\138_中国科学院大学\亚热带农业生态研究所 for university 中国科学院大学 college 亚热带农业生态研究所 URL http://www.isa.cas.cn/
2025-11-27 17:32:48,862 - INFO - Empty teacher folder: D:\project08\MCP_AI\data\schoolTeachers\138_中国科学院大学\信息工程研究所 for university 中国科学院大学 college 信息工程研究所 URL http://www.iie.cas.cn/
2025-11-27 17:32:49,708 - INFO - Empty teacher folder: D:\project08\MCP_AI\data\schoolTeachers\138_中国科学院大学\生物物理研究所 for university 中国科学院大学 college 生物物理研究所 URL ttp://hwww.ibp.cas.cn/
2025-11-27 17:32:50,843 - INFO - Empty teacher folder: D:\project08\MCP_AI\data\schoolTeachers\138_中国科学院大学\基础教育研究院 for university 中国科学院大学 college 基础教育研究院 URL /publish/zgkxydx/jcjyyjyjj/d0282eb99f8545b39b3b1f4b9c1cccd3.htm/
2025-11-27 17:32:51,028 - INFO - Empty teacher folder: D:\project08\MCP_AI\data\schoolTeachers\138_中国科学院大学\华南植物园 for university 中国科学院大学 college 华南植物园 URL http://www.scib.cas.cn/index_31980.html/
2025-11-27 17:32:51,673 - INFO - Empty teacher folder: D:\project08\MCP_AI\data\schoolTeachers\138_中国科学院大学\古脊椎动物与古人类研究所 for university 中国科学院大学 college 古脊椎动物与古人类研究所 URL http://www.ivpp.cas.cn/
2025-11-27 17:32:51,723 - INFO - Empty teacher folder: D:\project08\MCP_AI\data\schoolTeachers\138_中国科学院大学\中国科学院系统生物学重点实验室 for university 中国科学院大学 college 中国科学院系统生物学重点实验室 URL https://sysbio.sibcb.ac.cn/sysbio/index.html/
2025-11-27 17:32:52,193 - INFO - Empty teacher folder: D:\project08\MCP_AI\data\schoolTeachers\138_中国科学院大学\沈阳计算技术研究所 for university 中国科学院大学 college 沈阳计算技术研究所 URL http://yjs.sict.ac.cn/
2025-11-27 17:32:52,430 - INFO - Empty teacher folder: D:\project08\MCP_AI\data\schoolTeachers\138_中国科学院大学\中国科学院大学昆明生命科学学院 for university 中国科学院大学 college 中国科学院大学昆明生命科学学院 URL https://www.ucas.ac.cn/zzjg/yxzx/jxkydw/75093bce51604740891e69932d70a882.htm/
2025-11-27 17:32:52,545 - INFO - Empty teacher folder: D:\project08\MCP_AI\data\schoolTeachers\138_中国科学院大学\应急管理科学与工程学院 for university 中国科学院大学 college 应急管理科学与工程学院 URL https://emse.ucas.ac.cn/index.php/zh/
2025-11-27 17:32:52,746 - INFO - Empty teacher folder: D:\project08\MCP_AI\data\schoolTeachers\138_中国科学院大学\中国科学院大学成都学院 for university 中国科学院大学 college 中国科学院大学成都学院 URL https://cqucas.ac.cn/
2025-11-27 17:32:52,841 - INFO - Empty teacher folder: D:\project08\MCP_AI\data\schoolTeachers\138_中国科学院大学\基础教育研究院 for university 中国科学院大学 college 基础教育研究院 URL https://www.ucas.ac.cn/jcjyyjyjj/d0282eb99f8545b39b3b1f4b9c1cccd3.htm/
2025-11-27 17:32:54,179 - INFO - Empty teacher folder: D:\project08\MCP_AI\data\schoolTeachers\138_中国科学院大学\渗流流体力学研究所 for university 中国科学院大学 college 渗流流体力学研究所 URL http://riped.cnpc.com.cn/shenliuedu/
2025-11-27 17:38:49,371 - INFO - Empty teacher folder: D:\project08\MCP_AI\data\schoolTeachers\140_第四军医大学\唐都医院 for university 第四军医大学 college 唐都医院 URL https://www.fmmu.edu.cn/info/1377/1261.htm/
2025-11-27 17:38:49,513 - INFO - Empty teacher folder: D:\project08\MCP_AI\data\schoolTeachers\140_第四军医大学\口腔医院 for university 第四军医大学 college 口腔医院 URL https://www.fmmu.edu.cn/info/1378/1262.htm/
2025-11-27 17:38:50,303 - INFO - Empty teacher folder: D:\project08\MCP_AI\data\schoolTeachers\140_第四军医大学\空军第九八六医院 for university 第四军医大学 college 空军第九八六医院 URL https://www.fmmu.edu.cn/info/1379/1263.htm/
2025-11-27 17:38:50,770 - INFO - Empty teacher folder: D:\project08\MCP_AI\data\schoolTeachers\140_第四军医大学\西京医院 for university 第四军医大学 college 西京医院 URL https://www.fmmu.edu.cn/info/1376/1260.htm/
2025-11-27 17:39:17,621 - INFO - Empty teacher folder: D:\project08\MCP_AI\data\schoolTeachers\141_山西大学\初民学院 for university 山西大学 college 初民学院 URL http://cmxy.sxu.edu.cn/
2025-11-27 17:48:22,484 - INFO - Empty teacher folder: D:\project08\MCP_AI\data\schoolTeachers\142_南京医科大学\继续教育学院、全科医学院 for university 南京医科大学 college 继续教育学院、全科医学院 URL http://sce.njmu.edu.cn/
2025-11-27 17:48:22,845 - INFO - Empty teacher folder: D:\project08\MCP_AI\data\schoolTeachers\142_南京医科大学\儿科学院 for university 南京医科大学 college 儿科学院 URL http://ekxy.njmu.edu.cn/
2025-11-27 17:48:25,793 - INFO - Empty teacher folder: D:\project08\MCP_AI\data\schoolTeachers\142_南京医科大学\国际教育学院 for university 南京医科大学 college 国际教育学院 URL http://sie.njmu.edu.cn/
2025-11-27 17:48:33,233 - INFO - Empty teacher folder: D:\project08\MCP_AI\data\schoolTeachers\142_南京医科大学\姑苏学院 for university 南京医科大学 college 姑苏学院 URL http://gsxy.njmu.edu.cn/
2025-11-27 17:48:34,157 - INFO - Empty teacher folder: D:\project08\MCP_AI\data\schoolTeachers\142_南京医科大学\常州医学中心 for university 南京医科大学 college 常州医学中心 URL https://www.czey.com/zh/
2025-11-27 17:48:52,917 - INFO - Empty teacher folder: D:\project08\MCP_AI\data\schoolTeachers\142_南京医科大学\外国语学院 for university 南京医科大学 college 外国语学院 URL http://wgy.njmu.edu.cn/
2025-11-27 17:49:19,915 - INFO - Empty teacher folder: D:\project08\MCP_AI\data\schoolTeachers\142_南京医科大学\泰州临床医学院 for university 南京医科大学 college 泰州临床医学院 URL http://www.jstzhospital.com/
2025-11-27 17:50:17,113 - INFO - Empty teacher folder: D:\project08\MCP_AI\data\schoolTeachers\143_湘潭大学\继续教育学院 for university 湘潭大学 college 继续教育学院 URL http://jxjyxy.xtu.edu.cn/
2025-11-27 17:50:17,722 - INFO - Empty teacher folder: D:\project08\MCP_AI\data\schoolTeachers\143_湘潭大学\艺术学院 for university 湘潭大学 college 艺术学院 URL http://art.xtu.edu.cn/
2025-11-27 17:50:28,993 - INFO - Empty teacher folder: D:\project08\MCP_AI\data\schoolTeachers\144_华南农业大学\继续教育学院 for university 华南农业大学 college 继续教育学院 URL https://jxjy.scau.edu.cn/
2025-11-27 17:50:31,464 - INFO - Empty teacher folder: D:\project08\MCP_AI\data\schoolTeachers\144_华南农业大学\体育教学研究部 for university 华南农业大学 college 体育教学研究部 URL https://tyb.scau.edu.cn/
2025-11-27 17:50:49,188 - INFO - Empty teacher folder: D:\project08\MCP_AI\data\schoolTeachers\144_华南农业大学\国际教育学院 for university 华南农业大学 college 国际教育学院 URL https://cie.scau.edu.cn/
2025-11-27 17:51:05,111 - INFO - Empty teacher folder: D:\project08\MCP_AI\data\schoolTeachers\144_华南农业大学\兽医学院 for university 华南农业大学 college 兽医学院 URL http://vet.scau.edu.cn/
2025-11-27 17:51:15,123 - INFO - Empty teacher folder: D:\project08\MCP_AI\data\schoolTeachers\145_广州医科大学\国际教育学院 for university 广州医科大学 college 国际教育学院 URL https://fao.gzhmu.edu.cn/
2025-11-27 17:51:16,390 - INFO - Empty teacher folder: D:\project08\MCP_AI\data\schoolTeachers\145_广州医科大学\全科医学与继续教育学院 for university 广州医科大学 college 全科医学与继续教育学院 URL http://jxjy.gzhmu.edu.cn/
2025-11-27 17:51:31,546 - INFO - Empty teacher folder: D:\project08\MCP_AI\data\schoolTeachers\145_广州医科大学\第六临床学院 for university 广州医科大学 college 第六临床学院 URL http://www.qyry.com/
2025-11-27 17:51:37,579 - INFO - Empty teacher folder: D:\project08\MCP_AI\data\schoolTeachers\145_广州医科大学\第二临床学院 for university 广州医科大学 college 第二临床学院 URL http://www.gyey.com/
2025-11-27 17:52:12,086 - INFO - Empty teacher folder: D:\project08\MCP_AI\data\schoolTeachers\145_广州医科大学\第一临床学院 for university 广州医科大学 college 第一临床学院 URL http://www.gyfyy.com/
2025-11-27 17:52:33,263 - INFO - Empty teacher folder: D:\project08\MCP_AI\data\schoolTeachers\146_南方科技大学\社会科学中心暨社会科学高等研究院 for university 南方科技大学 college 社会科学中心暨社会科学高等研究院 URL https://ias.sustech.edu.cn/?lang=zh/
2025-11-27 17:52:43,892 - INFO - Empty teacher folder: D:\project08\MCP_AI\data\schoolTeachers\146_南方科技大学\工学院 for university 南方科技大学 college 工学院 URL https://coe.sustech.edu.cn/
2025-11-27 17:52:46,644 - INFO - Empty teacher folder: D:\project08\MCP_AI\data\schoolTeachers\146_南方科技大学\半导体学院（国家卓越工程师学院） for university 南方科技大学 college 半导体学院（国家卓越工程师学院） URL https://ngce.sustech.edu.cn/#/site/
2025-11-27 17:52:54,205 - INFO - Empty teacher folder: D:\project08\MCP_AI\data\schoolTeachers\146_南方科技大学\人文科学中心 for university 南方科技大学 college 人文科学中心 URL https://rw.sustech.edu.cn/
2025-11-27 17:53:36,709 - INFO - Empty teacher folder: D:\project08\MCP_AI\data\schoolTeachers\147_上海科技大学\SHINE项目 for university 上海科技大学 college SHINE项目 URL https://shine.shanghaitech.edu.cn/
2025-11-27 17:53:44,170 - INFO - Empty teacher folder: D:\project08\MCP_AI\data\schoolTeachers\147_上海科技大学\2060研究院 for university 上海科技大学 college 2060研究院 URL https://icn.shanghaitech.edu.cn/
2025-11-27 17:53:46,720 - INFO - Empty teacher folder: D:\project08\MCP_AI\data\schoolTeachers\147_上海科技大学\上海临床研究中心 for university 上海科技大学 college 上海临床研究中心 URL https://clinic.shanghaitech.edu.cn/
2025-11-27 17:53:57,767 - INFO - Empty teacher folder: D:\project08\MCP_AI\data\schoolTeachers\147_上海科技大学\材料器件中心 for university 上海科技大学 college 材料器件中心 URL https://smdl.shanghaitech.edu.cn/
2025-11-27 21:45:14,957 - INFO - Empty teacher folder: D:\project08\MCP_AI\data\schoolTeachers\2_中国人民大学\中法学院（远见书院） for university 中国人民大学 college 中法学院（远见书院） URL http://su.ruc.edu.cn/department/ifc/index.htm/
2025-11-27 21:48:31,711 - INFO - Empty teacher folder: D:\project08\MCP_AI\data\schoolTeachers\2_中国人民大学\中法学院（远见书院） for university 中国人民大学 college 中法学院（远见书院） URL http://su.ruc.edu.cn/department/ifc/index.htm
2025-11-27 21:50:26,247 - INFO - Empty teacher folder: D:\project08\MCP_AI\data\schoolTeachers\2_中国人民大学\中法学院（远见书院） for university 中国人民大学 college 中法学院（远见书院） URL http://su.ruc.edu.cn/department/ifc/index.htm
2025-11-27 21:52:07,615 - INFO - Empty teacher folder: D:\project08\MCP_AI\data\schoolTeachers\2_中国人民大学\中法学院（远见书院） for university 中国人民大学 college 中法学院（远见书院） URL http://su.ruc.edu.cn/department/ifc/index.htm
2025-11-27 22:19:09,246 - INFO - Empty teacher folder: D:\project08\MCP_AI\data\schoolTeachers\2_中国人民大学\中法学院（远见书院） for university 中国人民大学 college 中法学院（远见书院） URL http://su.ruc.edu.cn/department/ifc/index.htm
2025-11-27 22:20:18,366 - INFO - Empty teacher folder: D:\project08\MCP_AI\data\schoolTeachers\2_中国人民大学\中法学院（远见书院） for university 中国人民大学 college 中法学院（远见书院） URL http://su.ruc.edu.cn/department/ifc/index.htm
2025-11-27 22:24:03,470 - INFO - Empty teacher folder: D:\project08\MCP_AI\data\schoolTeachers\2_中国人民大学\人口与健康学院 for university 中国人民大学 college 人口与健康学院 URL http://sph.ruc.edu.cn/index.htm
2025-11-27 22:27:21,761 - INFO - Empty teacher folder: D:\project08\MCP_AI\data\schoolTeachers\2_中国人民大学\人口与健康学院 for university 中国人民大学 college 人口与健康学院 URL http://sph.ruc.edu.cn/index.htm
2025-11-27 22:28:41,944 - INFO - Empty teacher folder: D:\project08\MCP_AI\data\schoolTeachers\2_中国人民大学\人口与健康学院 for university 中国人民大学 college 人口与健康学院 URL http://sph.ruc.edu.cn/index.htm
2025-11-27 22:34:58,548 - INFO - Empty teacher folder: D:\project08\MCP_AI\data\schoolTeachers\38_郑州大学\马克思主义学院 for university 郑州大学 college 马克思主义学院 URL http://www5.zzu.edu.cn/mkszy/
2025-11-27 22:35:50,387 - INFO - Empty teacher folder: D:\project08\MCP_AI\data\schoolTeachers\38_郑州大学\美术学院 for university 郑州大学 college 美术学院 URL http://www5.zzu.edu.cn/art/
2025-11-27 22:37:31,049 - INFO - Empty teacher folder: D:\project08\MCP_AI\data\schoolTeachers\38_郑州大学\网络空间安全学院 for university 郑州大学 college 网络空间安全学院 URL http://softschool.zzu.edu.cn/
2025-11-27 22:38:28,265 - INFO - Empty teacher folder: D:\project08\MCP_AI\data\schoolTeachers\38_郑州大学\基础医学院 for university 郑州大学 college 基础医学院 URL http://www5.zzu.edu.cn/jcyxy/
2025-11-27 22:39:33,864 - INFO - Empty teacher folder: D:\project08\MCP_AI\data\schoolTeachers\38_郑州大学\第一附属医院 for university 郑州大学 college 第一附属医院 URL https://www.zdyfy.com/
2025-11-27 22:43:40,692 - INFO - Empty teacher folder: D:\project08\MCP_AI\data\schoolTeachers\38_郑州大学\网络空间安全学院 for university 郑州大学 college 网络空间安全学院 URL http://softschool.zzu.edu.cn/
2025-11-27 22:44:07,908 - INFO - Empty teacher folder: D:\project08\MCP_AI\data\schoolTeachers\38_郑州大学\基础医学院 for university 郑州大学 college 基础医学院 URL http://www5.zzu.edu.cn/jcyxy/
2025-11-27 22:44:30,536 - INFO - Empty teacher folder: D:\project08\MCP_AI\data\schoolTeachers\38_郑州大学\临床技能中心 for university 郑州大学 college 临床技能中心 URL http://www7.zzu.edu.cn/jnzx/
2025-11-27 22:45:33,890 - INFO - Empty teacher folder: D:\project08\MCP_AI\data\schoolTeachers\38_郑州大学\第一附属医院 for university 郑州大学 college 第一附属医院 URL https://www.zdyfy.com/home/
2025-11-27 22:45:59,272 - INFO - Empty teacher folder: D:\project08\MCP_AI\data\schoolTeachers\38_郑州大学\第三临床医学院（儿科医学院） for university 郑州大学 college 第三临床医学院（儿科医学院） URL /
2025-11-27 22:47:06,709 - INFO - Empty teacher folder: D:\project08\MCP_AI\data\schoolTeachers\38_郑州大学\省医临床医学院 for university 郑州大学 college 省医临床医学院 URL https://www7.zzu.edu.cn/sylcyxy/
2025-11-27 22:48:37,796 - INFO - Empty teacher folder: D:\project08\MCP_AI\data\schoolTeachers\38_郑州大学\附属郑州中心医院 for university 郑州大学 college 附属郑州中心医院 URL http://www.zzszxyy.com/
2025-11-27 22:49:05,262 - INFO - Empty teacher folder: D:\project08\MCP_AI\data\schoolTeachers\38_郑州大学\附属胸科医院 for university 郑州大学 college 附属胸科医院 URL /
2025-11-27 22:49:32,245 - INFO - Empty teacher folder: D:\project08\MCP_AI\data\schoolTeachers\38_郑州大学\附属传染病医院 for university 郑州大学 college 附属传染病医院 URL /
2025-11-27 22:49:59,717 - INFO - Empty teacher folder: D:\project08\MCP_AI\data\schoolTeachers\38_郑州大学\实验动物中心 for university 郑州大学 college 实验动物中心 URL /
2025-11-27 22:50:47,345 - INFO - Empty teacher folder: D:\project08\MCP_AI\data\schoolTeachers\38_郑州大学\马克思主义学院 for university 郑州大学 college 马克思主义学院 URL http://www5.zzu.edu.cn/mkszy/
2025-11-27 22:52:21,444 - INFO - Empty teacher folder: D:\project08\MCP_AI\data\schoolTeachers\38_郑州大学\美术学院 for university 郑州大学 college 美术学院 URL http://www5.zzu.edu.cn/art/
2025-11-27 23:02:35,012 - INFO - Empty teacher folder: D:\project08\MCP_AI\data\schoolTeachers\7_北京师范大学\心理学部 for university 北京师范大学 college 心理学部 URL http://psych.bnu.edu.cn/
2025-11-27 23:02:45,534 - INFO - Empty teacher folder: D:\project08\MCP_AI\data\schoolTeachers\7_北京师范大学\哲学学院 for university 北京师范大学 college 哲学学院 URL http://phil.bnu.edu.cn/
2025-11-27 23:07:12,676 - INFO - Empty teacher folder: D:\project08\MCP_AI\data\schoolTeachers\7_北京师范大学\心理学部 for university 北京师范大学 college 心理学部 URL http://psych.bnu.edu.cn/
2025-11-27 23:28:36,982 - INFO - Empty teacher folder: D:\project08\MCP_AI\data\schoolTeachers\7_北京师范大学\哲学学院 for university 北京师范大学 college 哲学学院 URL https://phil.bnu.edu.cn/
2025-11-27 23:33:19,333 - INFO - Empty teacher folder: D:\project08\MCP_AI\data\schoolTeachers\7_北京师范大学\哲学学院 for university 北京师范大学 college 哲学学院 URL https://phil.bnu.edu.cn/
2025-11-27 23:33:19,585 - INFO - Empty teacher folder: D:\project08\MCP_AI\data\schoolTeachers\7_北京师范大学\新闻传播学院 for university 北京师范大学 college 新闻传播学院 URL https://sjc.bnu.edu.cn/
2025-11-27 23:33:19,603 - INFO - Empty teacher folder: D:\project08\MCP_AI\data\schoolTeachers\7_北京师范大学\统计学院 for university 北京师范大学 college 统计学院 URL https://stat.bnu.edu.cn/
2025-11-27 23:33:20,564 - INFO - Empty teacher folder: D:\project08\MCP_AI\data\schoolTeachers\7_北京师范大学\人工智能学院 for university 北京师范大学 college 人工智能学院 URL https://ai.bnu.edu.cn/
2025-11-27 23:33:34,294 - INFO - Empty teacher folder: D:\project08\MCP_AI\data\schoolTeachers\7_北京师范大学\瀚德学院 for university 北京师范大学 college 瀚德学院 URL /
2025-11-27 23:33:36,848 - INFO - Empty teacher folder: D:\project08\MCP_AI\data\schoolTeachers\7_北京师范大学\自然科学高等研究院 for university 北京师范大学 college 自然科学高等研究院 URL https://zkgyy.bnu.edu.cn/
2025-11-27 23:33:49,997 - INFO - Empty teacher folder: D:\project08\MCP_AI\data\schoolTeachers\7_北京师范大学\人文和社会科学高等研究院 for university 北京师范大学 college 人文和社会科学高等研究院 URL https://rsgyy.bnu.edu.cn/
2025-11-27 23:41:22,197 - INFO - Empty teacher folder: D:\project08\MCP_AI\data\schoolTeachers\7_北京师范大学\哲学学院 for university 北京师范大学 college 哲学学院 URL https://phil.bnu.edu.cn/
2025-11-27 23:41:31,057 - INFO - Empty teacher folder: D:\project08\MCP_AI\data\schoolTeachers\7_北京师范大学\新闻传播学院 for university 北京师范大学 college 新闻传播学院 URL https://sjc.bnu.edu.cn/
2025-11-27 23:50:48,715 - INFO - Empty teacher folder: D:\project08\MCP_AI\data\schoolTeachers\7_北京师范大学\哲学学院 for university 北京师范大学 college 哲学学院 URL https://phil.bnu.edu.cn/
2025-11-27 23:50:58,307 - INFO - Empty teacher folder: D:\project08\MCP_AI\data\schoolTeachers\7_北京师范大学\新闻传播学院 for university 北京师范大学 college 新闻传播学院 URL https://sjc.bnu.edu.cn/
2025-11-27 23:51:09,276 - INFO - Empty teacher folder: D:\project08\MCP_AI\data\schoolTeachers\7_北京师范大学\统计学院 for university 北京师范大学 college 统计学院 URL https://stat.bnu.edu.cn/
2025-11-27 23:51:19,866 - INFO - Empty teacher folder: D:\project08\MCP_AI\data\schoolTeachers\7_北京师范大学\人工智能学院 for university 北京师范大学 college 人工智能学院 URL https://ai.bnu.edu.cn/
2025-11-27 23:52:36,418 - INFO - Empty teacher folder: D:\project08\MCP_AI\data\schoolTeachers\7_北京师范大学\人文和社会科学高等研究院 for university 北京师范大学 college 人文和社会科学高等研究院 URL https://rsgyy.bnu.edu.cn/
2025-11-27 23:52:57,545 - INFO - Empty teacher folder: D:\project08\MCP_AI\data\schoolTeachers\7_北京师范大学\自然科学高等研究院 for university 北京师范大学 college 自然科学高等研究院 URL https://zkgyy.bnu.edu.cn/
2025-11-27 23:57:54,929 - INFO - Empty teacher folder: D:\project08\MCP_AI\data\schoolTeachers\7_北京师范大学\哲学学院 for university 北京师范大学 college 哲学学院 URL https://phil.bnu.edu.cn/
2025-11-27 23:58:05,758 - INFO - Empty teacher folder: D:\project08\MCP_AI\data\schoolTeachers\7_北京师范大学\新闻传播学院 for university 北京师范大学 college 新闻传播学院 URL https://sjc.bnu.edu.cn/
2025-11-27 23:58:16,143 - INFO - Empty teacher folder: D:\project08\MCP_AI\data\schoolTeachers\7_北京师范大学\统计学院 for university 北京师范大学 college 统计学院 URL https://stat.bnu.edu.cn/
2025-11-28 16:30:41,989 - INFO - Empty teacher folder: D:\project08\MCP_AI\data\schoolTeachers\1_北京大学\公共卫生学院 for university 北京大学 college 公共卫生学院 URL https://sph.pku.edu.cn/
2025-11-28 17:52:31,074 - INFO - Empty teacher folder: D:\project08\MCP_AI\data\schoolTeachers\1_北京大学\深圳医院（共建） for university 北京大学 college 深圳医院（共建） URL https://www.pkuszh.com/gzb/
2025-11-28 19:43:12,037 - INFO - Empty teacher folder: D:\project08\MCP_AI\data\schoolTeachers\2_中国人民大学\人口与健康学院 for university 中国人民大学 college 人口与健康学院 URL http://sph.ruc.edu.cn/index.htm
2025-11-28 19:44:55,261 - INFO - Empty teacher folder: D:\project08\MCP_AI\data\schoolTeachers\2_中国人民大学\智慧治理学院 for university 中国人民大学 college 智慧治理学院 URL http://su.ruc.edu.cn/department/ssg/index.htm
2025-11-28 19:46:13,602 - INFO - Empty teacher folder: D:\project08\MCP_AI\data\schoolTeachers\2_中国人民大学\深圳研究院 for university 中国人民大学 college 深圳研究院 URL http://sz.ruc.edu.cn/
2025-11-28 19:47:34,144 - INFO - Empty teacher folder: D:\project08\MCP_AI\data\schoolTeachers\2_中国人民大学\统计学院 for university 中国人民大学 college 统计学院 URL http://stat.ruc.edu.cn/
2025-11-28 19:49:06,910 - INFO - Empty teacher folder: D:\project08\MCP_AI\data\schoolTeachers\2_中国人民大学\苏州人工智能学院（苏州人工智能实验室） for university 中国人民大学 college 苏州人工智能学院（苏州人工智能实验室） URL https://su.ruc.edu.cn/department/ssai/index.htm
2025-11-28 20:22:31,573 - INFO - Empty teacher folder: D:\project08\MCP_AI\data\schoolTeachers\4_北京航空航天大学\国际学院 for university 北京航空航天大学 college 国际学院 URL http://is.buaa.edu.cn/
2025-11-28 20:24:14,684 - INFO - Empty teacher folder: D:\project08\MCP_AI\data\schoolTeachers\4_北京航空航天大学\国际通用工程学院 for university 北京航空航天大学 college 国际通用工程学院 URL https://sge.buaa.edu.cn/
2025-11-28 20:28:22,820 - INFO - Empty teacher folder: D:\project08\MCP_AI\data\schoolTeachers\4_北京航空航天大学\沈元学院 for university 北京航空航天大学 college 沈元学院 URL https://hc.buaa.edu.cn/
2025-11-28 20:32:05,684 - INFO - Empty teacher folder: D:\project08\MCP_AI\data\schoolTeachers\5_北京理工大学\唐山研究院 for university 北京理工大学 college 唐山研究院 URL /
2025-11-28 20:32:05,820 - INFO - Empty teacher folder: D:\project08\MCP_AI\data\schoolTeachers\5_北京理工大学\重庆创新中心 for university 北京理工大学 college 重庆创新中心 URL /
2025-11-28 20:32:05,858 - INFO - Empty teacher folder: D:\project08\MCP_AI\data\schoolTeachers\5_北京理工大学\秦皇岛分校 for university 北京理工大学 college 秦皇岛分校 URL /
2025-11-28 20:32:06,292 - INFO - Empty teacher folder: D:\project08\MCP_AI\data\schoolTeachers\5_北京理工大学\前沿技术研究院（济南） for university 北京理工大学 college 前沿技术研究院（济南） URL /
2025-11-28 20:32:07,045 - INFO - Empty teacher folder: D:\project08\MCP_AI\data\schoolTeachers\5_北京理工大学\北京理工大学（嘉兴） for university 北京理工大学 college 北京理工大学（嘉兴） URL /
2025-11-28 20:32:07,087 - INFO - Empty teacher folder: D:\project08\MCP_AI\data\schoolTeachers\5_北京理工大学\高能物质安全审评与认证中心 for university 北京理工大学 college 高能物质安全审评与认证中心 URL /
2025-11-28 20:32:07,609 - INFO - Empty teacher folder: D:\project08\MCP_AI\data\schoolTeachers\5_北京理工大学\管理学院 for university 北京理工大学 college 管理学院 URL http://sme.bit.edu.cn/
2025-11-28 20:32:08,376 - INFO - Empty teacher folder: D:\project08\MCP_AI\data\schoolTeachers\5_北京理工大学\信息与电子学院 for university 北京理工大学 college 信息与电子学院 URL http://sie.bit.edu.cn/
2025-11-28 20:32:08,777 - INFO - Empty teacher folder: D:\project08\MCP_AI\data\schoolTeachers\5_北京理工大学\医学技术学院 for university 北京理工大学 college 医学技术学院 URL http://smt.bit.edu.cn/
2025-11-28 20:32:09,164 - INFO - Empty teacher folder: D:\project08\MCP_AI\data\schoolTeachers\5_北京理工大学\继续教育学院 for university 北京理工大学 college 继续教育学院 URL http://sce.bit.edu.cn/
2025-11-28 20:32:12,614 - INFO - Empty teacher folder: D:\project08\MCP_AI\data\schoolTeachers\5_北京理工大学\体育部 for university 北京理工大学 college 体育部 URL https://tyb.bit.edu.cn/index.htm
2025-11-28 20:32:16,897 - INFO - Empty teacher folder: D:\project08\MCP_AI\data\schoolTeachers\5_北京理工大学\郑州研究院 for university 北京理工大学 college 郑州研究院 URL https://zhengzhou.bit.edu.cn/
2025-12-01 19:45:51,212 - INFO - Empty teacher folder: D:\project08\MCP_AI\data\schoolTeachers\5_北京理工大学\管理学院 for university 北京理工大学 college 管理学院 URL http://sme.bit.edu.cn/
2025-12-01 19:46:59,835 - INFO - Empty teacher folder: D:\project08\MCP_AI\data\schoolTeachers\5_北京理工大学\管理学院 for university 北京理工大学 college 管理学院 URL http://sme.bit.edu.cn/
2025-12-01 19:59:06,518 - INFO - Empty teacher folder: D:\project08\MCP_AI\data\schoolTeachers\5_北京理工大学\经济学院 for university 北京理工大学 college 经济学院 URL https://soe.bit.edu.cn/
2025-12-04 09:42:29,925 - INFO - Empty teacher folder: D:\project08\MCP_AI\data\schoolTeachers\2_中国人民大学\国际学院（苏州研究院） for university 中国人民大学 college 国际学院（苏州研究院） URL https://su.ruc.edu.cn/department/ic/ic_users/index.htm
2025-12-04 14:44:17,172 - INFO - Empty teacher folder: D:\project08\MCP_AI\data\schoolTeachers\12_吉林大学\白求恩第二临床医学院 for university 吉林大学 college 白求恩第二临床医学院 URL https://www.jdey.com.cn/Html/Hospitals/Doctors/Overview0.html
2025-12-04 14:57:20,689 - INFO - Empty teacher folder: D:\project08\MCP_AI\data\schoolTeachers\16_上海交通大学\媒体与传播学院 for university 上海交通大学 college 媒体与传播学院 URL https://smcnew.sjtu.edu.cn/teacher_teacher
2025-12-04 14:57:35,727 - INFO - Empty teacher folder: D:\project08\MCP_AI\data\schoolTeachers\16_上海交通大学\致远学院 for university 上海交通大学 college 致远学院 URL https://zhiyuan.sjtu.edu.cn/html/zhiyuan/faculty_list.php?bg=szdw
2025-12-04 15:07:09,949 - INFO - Empty teacher folder: D:\project08\MCP_AI\data\schoolTeachers\16_上海交通大学\巴黎卓越工程师学院 for university 上海交通大学 college 巴黎卓越工程师学院 URL https://speit.sjtu.edu.cn/faculty/speit_professors
2025-12-04 15:15:57,899 - INFO - Empty teacher folder: D:\project08\MCP_AI\data\schoolTeachers\20_浙江大学\建筑工程学院 for university 浙江大学 college 建筑工程学院 URL http://www.ccea.zju.edu.cn/szdwn/list.htm
2025-12-04 15:24:39,389 - INFO - Empty teacher folder: D:\project08\MCP_AI\data\schoolTeachers\21_中国科学技术大学\科学岛分院 for university 中国科学技术大学 college 科学岛分院 URL http://tutor.hfcas.ac.cn/tutor/index
2025-12-04 15:53:33,069 - INFO - Empty teacher folder: D:\project08\MCP_AI\data\schoolTeachers\30_四川大学\空天科学与工程学院 for university 四川大学 college 空天科学与工程学院 URL https://saa.scu.edu.cn/teamlist.htm
2025-12-04 15:59:51,575 - INFO - Empty teacher folder: D:\project08\MCP_AI\data\schoolTeachers\31_重庆大学\重庆大学-辛辛那提大学联合学院 for university 重庆大学 college 重庆大学-辛辛那提大学联合学院 URL https://uc.cqu.edu.cn/xygk/zfsz.htm
2025-12-04 16:29:26,667 - INFO - Empty teacher folder: D:\project08\MCP_AI\data\schoolTeachers\34_西北工业大学\青岛研究院 for university 西北工业大学 college 青岛研究院 URL https://qingdao.nwpu.edu.cn/
2025-12-04 16:36:39,207 - INFO - Empty teacher folder: D:\project08\MCP_AI\data\schoolTeachers\36_国防科技大学\计算机学院 for university 国防科技大学 college 计算机学院 URL https://www.nudt.edu.cn/yssz/jsjxy/index.htm
2025-12-04 16:41:07,120 - INFO - Empty teacher folder: D:\project08\MCP_AI\data\schoolTeachers\38_郑州大学\网络空间安全学院 for university 郑州大学 college 网络空间安全学院 URL https://softschool.zzu.edu.cn/front/singleArticleDetail?id=4a453ec893ae1d7a01951dfaa7c00249
2025-12-04 17:54:42,876 - INFO - Empty teacher folder: D:\project08\MCP_AI\data\schoolTeachers\43_北京交通大学\计算机科学与技术学院 for university 北京交通大学 college 计算机科学与技术学院 URL https://cs.bjtu.edu.cn/szll/index.htm
2025-12-04 17:54:49,156 - INFO - Empty teacher folder: D:\project08\MCP_AI\data\schoolTeachers\43_北京交通大学\詹天佑学院（智慧交通未来技术学院） for university 北京交通大学 college 詹天佑学院（智慧交通未来技术学院） URL https://zhantianyou.bjtu.edu.cn/szdw/jsml/index.htm
2025-12-04 17:54:54,360 - INFO - Empty teacher folder: D:\project08\MCP_AI\data\schoolTeachers\43_北京交通大学\自动化与智能学院 for university 北京交通大学 college 自动化与智能学院 URL https://ai.bjtu.edu.cn/szdw/zzjs/index.htm
2025-12-04 17:58:54,067 - INFO - Empty teacher folder: D:\project08\MCP_AI\data\schoolTeachers\49_北京协和医学院\国家心血管病中心 for university 北京协和医学院 college 国家心血管病中心 URL https://www.fuwaihospital.org/Hospitals/Doctors/Overview
2025-12-04 18:16:09,302 - INFO - Empty teacher folder: D:\project08\MCP_AI\data\schoolTeachers\49_北京协和医学院\肿瘤医院 for university 北京协和医学院 college 肿瘤医院 URL https://www.cicams.ac.cn/dzb/doctors.html
2025-12-04 18:16:19,262 - INFO - Empty teacher folder: D:\project08\MCP_AI\data\schoolTeachers\51_首都师范大学\文学院 for university 首都师范大学 college 文学院 URL https://chinese.cnu.edu.cn/xygk/szdw/index.htm
2025-12-04 18:27:11,786 - INFO - Empty teacher folder: D:\project08\MCP_AI\data\schoolTeachers\57_中国人民公安大学\侦查学院 for university 中国人民公安大学 college 侦查学院 URL https://www.ppsuc.edu.cn/szdw/yjsds.htm
2025-12-04 18:27:13,459 - INFO - Empty teacher folder: D:\project08\MCP_AI\data\schoolTeachers\57_中国人民公安大学\公安管理学院 for university 中国人民公安大学 college 公安管理学院 URL https://www.ppsuc.edu.cn/szdw/yjsds.htm
2025-12-04 18:27:14,776 - INFO - Empty teacher folder: D:\project08\MCP_AI\data\schoolTeachers\57_中国人民公安大学\交通管理学院 for university 中国人民公安大学 college 交通管理学院 URL https://www.ppsuc.edu.cn/szdw/yjsds.htm
2025-12-04 18:35:55,013 - INFO - Empty teacher folder: D:\project08\MCP_AI\data\schoolTeachers\57_中国人民公安大学\马克思主义学院 for university 中国人民公安大学 college 马克思主义学院 URL https://www.ppsuc.edu.cn/szdw/yjsds.htm
2025-12-04 18:35:56,118 - INFO - Empty teacher folder: D:\project08\MCP_AI\data\schoolTeachers\57_中国人民公安大学\国家安全学院 for university 中国人民公安大学 college 国家安全学院 URL https://www.ppsuc.edu.cn/szdw/yjsds.htm
2025-12-04 18:36:08,188 - INFO - Empty teacher folder: D:\project08\MCP_AI\data\schoolTeachers\57_中国人民公安大学\涉外警务学院 for university 中国人民公安大学 college 涉外警务学院 URL https://www.ppsuc.edu.cn/szdw/yjsds.htm
2025-12-04 18:36:13,709 - INFO - Empty teacher folder: D:\project08\MCP_AI\data\schoolTeachers\57_中国人民公安大学\信息网络安全学院 for university 中国人民公安大学 college 信息网络安全学院 URL https://www.ppsuc.edu.cn/szdw/yjsds.htm
2025-12-04 18:38:19,627 - INFO - Empty teacher folder: D:\project08\MCP_AI\data\schoolTeachers\61_中央美术学院\国家主题性美术创作研究中心 for university 中央美术学院 college 国家主题性美术创作研究中心 URL https://www.cafa.edu.cn/sp/nljg/?j=310
2025-12-04 18:38:20,007 - INFO - Empty teacher folder: D:\project08\MCP_AI\data\schoolTeachers\61_中央美术学院\油画系 for university 中央美术学院 college 油画系 URL https://www.cafa.edu.cn/sp/nljg/?j=111
2025-12-04 18:38:20,034 - INFO - Empty teacher folder: D:\project08\MCP_AI\data\schoolTeachers\61_中央美术学院\城市设计与创新研究院（CADI） for university 中央美术学院 college 城市设计与创新研究院（CADI） URL https://www.cafa.edu.cn/sp/nljg/?j=316
2025-12-04 18:38:20,048 - INFO - Empty teacher folder: D:\project08\MCP_AI\data\schoolTeachers\61_中央美术学院\修复学院 for university 中央美术学院 college 修复学院 URL https://www.cafa.edu.cn/sp/nljg/?j=175
2025-12-04 18:38:20,048 - INFO - Empty teacher folder: D:\project08\MCP_AI\data\schoolTeachers\61_中央美术学院\中国画学院 for university 中央美术学院 college 中国画学院 URL https://www.cafa.edu.cn/sp/nljg/?j=101
2025-12-04 18:38:20,088 - INFO - Empty teacher folder: D:\project08\MCP_AI\data\schoolTeachers\61_中央美术学院\人文学院 for university 中央美术学院 college 人文学院 URL https://www.cafa.edu.cn/sp/nljg/?j=151
2025-12-04 18:38:20,171 - INFO - Empty teacher folder: D:\project08\MCP_AI\data\schoolTeachers\61_中央美术学院\中国公共艺术研究中心 for university 中央美术学院 college 中国公共艺术研究中心 URL https://www.cafa.edu.cn/sp/nljg/?j=315
2025-12-04 18:54:06,954 - INFO - Empty teacher folder: D:\project08\MCP_AI\data\schoolTeachers\65_天津医科大学\护理学院 for university 天津医科大学 college 护理学院 URL https://www.tmu.edu.cn/hlxy/zrjs/list.htm
2025-12-04 19:27:16,785 - INFO - Empty teacher folder: D:\project08\MCP_AI\data\schoolTeachers\78_华东理工大学\商学院 for university 华东理工大学 college 商学院 URL https://bs.ecust.edu.cn/cms/ecust/szyky/szdw/jsml.html
2025-12-04 19:29:20,842 - INFO - Empty teacher folder: D:\project08\MCP_AI\data\schoolTeachers\84_上海体育学院\心理学院 for university 上海体育学院 college 心理学院 URL https://xlxy.sus.edu.cn/szdw/xlxktd/tyyydxlx.htm
2025-12-04 19:29:23,830 - INFO - Empty teacher folder: D:\project08\MCP_AI\data\schoolTeachers\84_上海体育学院\运动健康学院 for university 上海体育学院 college 运动健康学院 URL https://yk.sus.edu.cn/szdw/zrjs.htm
2025-12-04 19:29:31,229 - INFO - Empty teacher folder: D:\project08\MCP_AI\data\schoolTeachers\87_苏州大学\第二临床医学院 for university 苏州大学 college 第二临床医学院 URL https://www.sdfey.com/jyb/docotrintro.html
2025-12-04 19:32:01,154 - INFO - Empty teacher folder: D:\project08\MCP_AI\data\schoolTeachers\89_南京理工大学\材料科学与工程学院 for university 南京理工大学 college 材料科学与工程学院 URL https://smse.njust.edu.cn/9180/list.htm
2025-12-04 19:34:06,189 - INFO - Empty teacher folder: D:\project08\MCP_AI\data\schoolTeachers\92_南京邮电大学\工程实验教学部 for university 南京邮电大学 college 工程实验教学部 URL https://deei.njupt.edu.cn/6852/list.htm
2025-12-04 19:35:18,394 - INFO - Empty teacher folder: D:\project08\MCP_AI\data\schoolTeachers\96_南京信息工程大学\马克思主义学院 for university 南京信息工程大学 college 马克思主义学院 URL https://marx.nuist.edu.cn/jsml/list.htm
2025-12-04 19:35:19,969 - INFO - Empty teacher folder: D:\project08\MCP_AI\data\schoolTeachers\96_南京信息工程大学\雷丁学院 for university 南京信息工程大学 college 雷丁学院 URL https://reading.nuist.edu.cn/szdw/wjjs.htm
2025-12-04 19:35:29,678 - INFO - Empty teacher folder: D:\project08\MCP_AI\data\schoolTeachers\96_南京信息工程大学\电子与信息工程学院 for university 南京信息工程大学 college 电子与信息工程学院 URL https://dxy.nuist.edu.cn/szdw/szdw.htm
2025-12-04 19:36:04,881 - INFO - Empty teacher folder: D:\project08\MCP_AI\data\schoolTeachers\96_南京信息工程大学\生态与应用气象学院 for university 南京信息工程大学 college 生态与应用气象学院 URL https://yqy.nuist.edu.cn/1/list.htm
2025-12-04 19:40:48,189 - INFO - Empty teacher folder: D:\project08\MCP_AI\data\schoolTeachers\97_南京农业大学\金融学院 for university 南京农业大学 college 金融学院 URL https://finance.njau.edu.cn/jsfc.jsp?urltype=tree.TreeTempUrl&wbtreeid=1230
2025-12-04 19:40:57,877 - INFO - Empty teacher folder: D:\project08\MCP_AI\data\schoolTeachers\97_南京农业大学\外国语学院 for university 南京农业大学 college 外国语学院 URL https://foreign.njau.edu.cn/jsfc.jsp?urltype=tree.TreeTempUrl&wbtreeid=1124
2025-12-04 19:42:36,920 - INFO - Empty teacher folder: D:\project08\MCP_AI\data\schoolTeachers\98_南京中医药大学\护理学院 for university 南京中医药大学 college 护理学院 URL https://huli.njucm.edu.cn/5252/list.htm
2025-12-04 19:45:09,699 - INFO - Empty teacher folder: D:\project08\MCP_AI\data\schoolTeachers\104_福州大学\继续教育学院 for university 福州大学 college 继续教育学院 URL https://cjy.fzu.edu.cn/
2025-12-04 20:05:44,004 - INFO - Empty teacher folder: D:\project08\MCP_AI\data\schoolTeachers\111_华中师范大学\中国近代史研究所 for university 华中师范大学 college 中国近代史研究所 URL https://zgjds.ccnu.edu.cn/jgsz/yjtd.htm
2025-12-04 20:08:33,007 - INFO - Empty teacher folder: D:\project08\MCP_AI\data\schoolTeachers\116_华南师范大学\国际文化学院 for university 华南师范大学 college 国际文化学院 URL https://faculty.scholat.com/homepage/scnu/sic
2025-12-04 20:08:33,008 - INFO - Empty teacher folder: D:\project08\MCP_AI\data\schoolTeachers\116_华南师范大学\国际商学院 for university 华南师范大学 college 国际商学院 URL https://faculty.scholat.com/homepage/scnu/ibc
2025-12-04 20:08:33,028 - INFO - Empty teacher folder: D:\project08\MCP_AI\data\schoolTeachers\116_华南师范大学\计算机学院 for university 华南师范大学 college 计算机学院 URL http://faculty.scnu.scholat.com/#/jsjxy/people
2025-12-04 20:08:49,201 - INFO - Empty teacher folder: D:\project08\MCP_AI\data\schoolTeachers\116_华南师范大学\北斗研究院 for university 华南师范大学 college 北斗研究院 URL http://bd.scnu.edu.cn/shiziduiwu/shuodao/
2025-12-04 20:13:48,984 - INFO - Empty teacher folder: D:\project08\MCP_AI\data\schoolTeachers\117_海南大学\檀雅书院 for university 海南大学 college 檀雅书院 URL https://tyc.hainanu.edu.cn/syzl/syds.htm
2025-12-04 20:13:57,638 - INFO - Empty teacher folder: D:\project08\MCP_AI\data\schoolTeachers\118_广西大学\土木建筑工程学院 for university 广西大学 college 土木建筑工程学院 URL https://tmjz.gxu.edu.cn/info/1422/5892.htm
2025-12-04 20:18:51,505 - INFO - Empty teacher folder: D:\project08\MCP_AI\data\schoolTeachers\119_西南交通大学\电气工程学院 for university 西南交通大学 college 电气工程学院 URL https://dqxy.swjtu.edu.cn/szdw1/jsml.htm
2025-12-04 20:41:27,448 - INFO - Empty teacher folder: D:\project08\MCP_AI\data\schoolTeachers\138_中国科学院大学\中国科学院大学成都学院 for university 中国科学院大学 college 中国科学院大学成都学院 URL http://ucascd.ac.cn/
2025-12-04 20:41:53,023 - INFO - Empty teacher folder: D:\project08\MCP_AI\data\schoolTeachers\138_中国科学院大学\基础教育研究院 for university 中国科学院大学 college 基础教育研究院 URL https://www.ucas.ac.cn/szdw/yjsds/index.htm
2025-12-04 21:02:25,425 - INFO - Empty teacher folder: D:\project08\MCP_AI\data\schoolTeachers\145_广州医科大学\第二临床学院 for university 广州医科大学 college 第二临床学院 URL https://www.gyey.com/cn/ks/team.html
2025-12-04 21:02:29,215 - INFO - Empty teacher folder: D:\project08\MCP_AI\data\schoolTeachers\146_南方科技大学\半导体学院（国家卓越工程师学院） for university 南方科技大学 college 半导体学院（国家卓越工程师学院） URL https://ngce.sustech.edu.cn/#/tutor?alias=f0a303ea-9f2a-4cee-8454-f966c9ba6896
2025-12-05 16:39:30,800 - INFO - Empty teacher folder: D:\project08\MCP_AI\data\schoolTeachers\2_中国人民大学\苏州人工智能学院（苏州人工智能实验室） for university 中国人民大学 college 苏州人工智能学院（苏州人工智能实验室） URL https://su.ruc.edu.cn/department/ssai/ssai_users/index.htm
2025-12-05 16:39:31,535 - INFO - Empty teacher folder: D:\project08\MCP_AI\data\schoolTeachers\2_中国人民大学\智慧治理学院 for university 中国人民大学 college 智慧治理学院 URL https://su.ruc.edu.cn/department/ssg/ssg_users/index.htm
2025-12-05 16:39:31,554 - INFO - Empty teacher folder: D:\project08\MCP_AI\data\schoolTeachers\2_中国人民大学\国际学院（苏州研究院） for university 中国人民大学 college 国际学院（苏州研究院） URL https://su.ruc.edu.cn/department/ic/ic_users/index.htm
2025-12-05 16:39:31,609 - INFO - Empty teacher folder: D:\project08\MCP_AI\data\schoolTeachers\2_中国人民大学\中法学院（远见书院） for university 中国人民大学 college 中法学院（远见书院） URL https://su.ruc.edu.cn/department/ifc/ifc_users/index.htm
