2025-11-21 20:18:52,051 - INFO - Empty teacher folder: D:\project08\MCP_AI\data\schoolTeachers\1_北京大学\医学继续教育学院 for university 北京大学 college 医学继续教育学院 URL http://scme.bjmu.edu.cn/
2025-11-21 20:19:25,308 - INFO - Empty teacher folder: D:\project08\MCP_AI\data\schoolTeachers\1_北京大学\深圳医院（共建） for university 北京大学 college 深圳医院（共建） URL https://www.pkuszh.com/
2025-11-21 20:24:15,404 - INFO - Empty teacher folder: D:\project08\MCP_AI\data\schoolTeachers\1_北京大学\第三医院 for university 北京大学 college 第三医院 URL https://www.puh3.net.cn/
2025-11-21 20:24:48,629 - INFO - Empty teacher folder: D:\project08\MCP_AI\data\schoolTeachers\1_北京大学\信息科学技术学院 for university 北京大学 college 信息科学技术学院 URL https://eecs.pku.edu.cn/
2025-11-21 20:44:17,393 - INFO - Empty teacher folder: D:\project08\MCP_AI\data\schoolTeachers\2_中国人民大学\人口与健康学院 for university 中国人民大学 college 人口与健康学院 URL http://sph.ruc.edu.cn/index.htm/
2025-11-21 20:44:32,635 - INFO - Empty teacher folder: D:\project08\MCP_AI\data\schoolTeachers\2_中国人民大学\统计学院 for university 中国人民大学 college 统计学院 URL http://stat.ruc.edu.cn/
2025-11-21 20:47:10,631 - INFO - Empty teacher folder: D:\project08\MCP_AI\data\schoolTeachers\2_中国人民大学\深圳研究院 for university 中国人民大学 college 深圳研究院 URL http://sz.ruc.edu.cn/
2025-11-21 20:47:58,039 - INFO - Empty teacher folder: D:\project08\MCP_AI\data\schoolTeachers\2_中国人民大学\国际学院（苏州研究院） for university 中国人民大学 college 国际学院（苏州研究院） URL http://su.ruc.edu.cn/department/ic/index.htm/
2025-11-21 20:48:11,749 - INFO - Empty teacher folder: D:\project08\MCP_AI\data\schoolTeachers\2_中国人民大学\中法学院（远见书院） for university 中国人民大学 college 中法学院（远见书院） URL http://su.ruc.edu.cn/department/ifc/index.htm/
2025-11-21 20:49:23,202 - INFO - Empty teacher folder: D:\project08\MCP_AI\data\schoolTeachers\2_中国人民大学\智慧治理学院 for university 中国人民大学 college 智慧治理学院 URL http://su.ruc.edu.cn/department/ssg/index.htm/
2025-11-21 20:49:45,401 - INFO - Empty teacher folder: D:\project08\MCP_AI\data\schoolTeachers\2_中国人民大学\苏州人工智能学院（苏州人工智能实验室） for university 中国人民大学 college 苏州人工智能学院（苏州人工智能实验室） URL https://su.ruc.edu.cn/department/ssai/index.htm/
2025-11-21 21:04:54,056 - INFO - Empty teacher folder: D:\project08\MCP_AI\data\schoolTeachers\4_北京航空航天大学\国际学院 for university 北京航空航天大学 college 国际学院 URL http://is.buaa.edu.cn/
2025-11-21 21:05:48,763 - INFO - Empty teacher folder: D:\project08\MCP_AI\data\schoolTeachers\4_北京航空航天大学\国际通用工程学院 for university 北京航空航天大学 college 国际通用工程学院 URL https://sge.buaa.edu.cn/
2025-11-21 21:10:06,937 - INFO - Empty teacher folder: D:\project08\MCP_AI\data\schoolTeachers\5_北京理工大学\医学技术学院 for university 北京理工大学 college 医学技术学院 URL http://smt.bit.edu.cn/
2025-11-21 21:10:47,947 - INFO - Empty teacher folder: D:\project08\MCP_AI\data\schoolTeachers\5_北京理工大学\信息与电子学院 for university 北京理工大学 college 信息与电子学院 URL http://sie.bit.edu.cn/
2025-11-21 21:11:10,428 - INFO - Empty teacher folder: D:\project08\MCP_AI\data\schoolTeachers\5_北京理工大学\材料学院 for university 北京理工大学 college 材料学院 URL http://mse.bit.edu.cn/
2025-11-21 21:15:24,082 - INFO - Empty teacher folder: D:\project08\MCP_AI\data\schoolTeachers\5_北京理工大学\秦皇岛分校 for university 北京理工大学 college 秦皇岛分校 URL https://www.bit.edu.cn/
2025-11-21 21:17:48,770 - INFO - Empty teacher folder: D:\project08\MCP_AI\data\schoolTeachers\5_北京理工大学\唐山研究院 for university 北京理工大学 college 唐山研究院 URL https://www.bit.edu.cn/
2025-11-21 21:18:08,078 - INFO - Empty teacher folder: D:\project08\MCP_AI\data\schoolTeachers\5_北京理工大学\经济学院 for university 北京理工大学 college 经济学院 URL https://soe.bit.edu.cn/
2025-11-21 21:22:26,002 - INFO - Empty teacher folder: D:\project08\MCP_AI\data\schoolTeachers\5_北京理工大学\前沿技术研究院（济南） for university 北京理工大学 college 前沿技术研究院（济南） URL https://www.bit.edu.cn/
2025-11-21 21:23:11,869 - INFO - Empty teacher folder: D:\project08\MCP_AI\data\schoolTeachers\5_北京理工大学\继续教育学院 for university 北京理工大学 college 继续教育学院 URL http://sce.bit.edu.cn/
2025-11-21 21:23:16,479 - INFO - Empty teacher folder: D:\project08\MCP_AI\data\schoolTeachers\5_北京理工大学\郑州研究院 for university 北京理工大学 college 郑州研究院 URL https://zhengzhou.bit.edu.cn/
2025-11-21 21:23:30,418 - INFO - Empty teacher folder: D:\project08\MCP_AI\data\schoolTeachers\5_北京理工大学\高能物质安全审评与认证中心 for university 北京理工大学 college 高能物质安全审评与认证中心 URL https://www.bit.edu.cn/
2025-11-21 21:23:52,025 - INFO - Empty teacher folder: D:\project08\MCP_AI\data\schoolTeachers\5_北京理工大学\重庆创新中心 for university 北京理工大学 college 重庆创新中心 URL https://www.bit.edu.cn/
2025-11-21 21:24:00,659 - INFO - Empty teacher folder: D:\project08\MCP_AI\data\schoolTeachers\5_北京理工大学\体育部 for university 北京理工大学 college 体育部 URL https://tyb.bit.edu.cn/index.htm/
2025-11-21 21:33:28,449 - INFO - Empty teacher folder: D:\project08\MCP_AI\data\schoolTeachers\6_中国农业大学\信息与电气工程学院 for university 中国农业大学 college 信息与电气工程学院 URL http://ciee.cau.edu.cn/
2025-11-21 21:46:41,053 - INFO - Empty teacher folder: D:\project08\MCP_AI\data\schoolTeachers\6_中国农业大学\美育教学中心 for university 中国农业大学 college 美育教学中心 URL http://myjxzx.cau.edu.cn/
2025-11-21 22:11:52,949 - INFO - Empty teacher folder: D:\project08\MCP_AI\data\schoolTeachers\8_中央民族大学\继续教育学院（干部培训部） for university 中央民族大学 college 继续教育学院（干部培训部） URL https://sce.muc.edu.cn/
2025-11-21 22:32:36,321 - INFO - Empty teacher folder: D:\project08\MCP_AI\data\schoolTeachers\9_南开大学\卓越工程师学院 for university 南开大学 college 卓越工程师学院 URL https://cee.nankai.edu.cn/
2025-11-21 22:35:03,464 - INFO - Empty teacher folder: D:\project08\MCP_AI\data\schoolTeachers\9_南开大学\农药国家工程研究中心（天津） for university 南开大学 college 农药国家工程研究中心（天津） URL https://www.nankai.edu.cn/
2025-11-21 22:35:17,611 - INFO - Empty teacher folder: D:\project08\MCP_AI\data\schoolTeachers\9_南开大学\习近平新时代中国特色社会主义思想研究院 for university 南开大学 college 习近平新时代中国特色社会主义思想研究院 URL https://www.nankai.edu.cn/
2025-11-21 22:35:32,889 - INFO - Empty teacher folder: D:\project08\MCP_AI\data\schoolTeachers\9_南开大学\社会建设与管理研究院 for university 南开大学 college 社会建设与管理研究院 URL https://www.nankai.edu.cn/
2025-11-21 22:40:50,579 - INFO - Empty teacher folder: D:\project08\MCP_AI\data\schoolTeachers\9_南开大学\跨文化交流研究院 for university 南开大学 college 跨文化交流研究院 URL https://www.nankai.edu.cn/
2025-11-21 22:41:35,265 - INFO - Empty teacher folder: D:\project08\MCP_AI\data\schoolTeachers\9_南开大学\生物质资源化利用国家地方联合工程研究中心（南开大学） for university 南开大学 college 生物质资源化利用国家地方联合工程研究中心（南开大学） URL https://www.nankai.edu.cn/
2025-11-21 22:43:02,161 - INFO - Empty teacher folder: D:\project08\MCP_AI\data\schoolTeachers\9_南开大学\泰达应用物理研究院 for university 南开大学 college 泰达应用物理研究院 URL http://iap.nankai.edu.cn/
2025-11-21 22:43:23,603 - INFO - Empty teacher folder: D:\project08\MCP_AI\data\schoolTeachers\9_南开大学\党内法规研究中心 for university 南开大学 college 党内法规研究中心 URL https://www.nankai.edu.cn/
2025-11-21 22:43:39,335 - INFO - Empty teacher folder: D:\project08\MCP_AI\data\schoolTeachers\9_南开大学\海南研究院 for university 南开大学 college 海南研究院 URL https://www.nankai.edu.cn/
2025-11-21 22:43:46,840 - INFO - Empty teacher folder: D:\project08\MCP_AI\data\schoolTeachers\9_南开大学\东欧拜占廷研究中心 for university 南开大学 college 东欧拜占廷研究中心 URL https://www.nankai.edu.cn/
2025-11-21 22:44:39,346 - INFO - Empty teacher folder: D:\project08\MCP_AI\data\schoolTeachers\9_南开大学\亚洲研究中心 for university 南开大学 college 亚洲研究中心 URL http://arc.nankai.edu.cn/
2025-11-21 22:45:11,854 - INFO - Empty teacher folder: D:\project08\MCP_AI\data\schoolTeachers\9_南开大学\欧洲研究中心 for university 南开大学 college 欧洲研究中心 URL https://www.nankai.edu.cn/
2025-11-21 22:45:30,119 - INFO - Empty teacher folder: D:\project08\MCP_AI\data\schoolTeachers\9_南开大学\实验动物中心 for university 南开大学 college 实验动物中心 URL http://lac.nankai.edu.cn/
2025-11-21 22:47:04,789 - INFO - Empty teacher folder: D:\project08\MCP_AI\data\schoolTeachers\9_南开大学\中外文明交叉科学中心 for university 南开大学 college 中外文明交叉科学中心 URL https://cgc.nankai.edu.cn/
2025-11-21 22:48:24,385 - INFO - Empty teacher folder: D:\project08\MCP_AI\data\schoolTeachers\9_南开大学\WTO研究中心 for university 南开大学 college WTO研究中心 URL https://www.nankai.edu.cn/
2025-11-21 22:48:32,085 - INFO - Empty teacher folder: D:\project08\MCP_AI\data\schoolTeachers\9_南开大学\战略环境评价研究中心 for university 南开大学 college 战略环境评价研究中心 URL https://www.nankai.edu.cn/
2025-11-21 22:49:00,883 - INFO - Empty teacher folder: D:\project08\MCP_AI\data\schoolTeachers\9_南开大学\语言研究所 for university 南开大学 college 语言研究所 URL https://www.nankai.edu.cn/
2025-11-21 22:49:08,194 - INFO - Empty teacher folder: D:\project08\MCP_AI\data\schoolTeachers\9_南开大学\视光科学研究院 for university 南开大学 college 视光科学研究院 URL https://sgkx.nankai.edu.cn/
2025-11-21 22:49:15,088 - INFO - Empty teacher folder: D:\project08\MCP_AI\data\schoolTeachers\9_南开大学\环境与社会发展研究中心 for university 南开大学 college 环境与社会发展研究中心 URL https://www.nankai.edu.cn/
2025-11-21 22:50:17,317 - INFO - Empty teacher folder: D:\project08\MCP_AI\data\schoolTeachers\10_天津大学\教育学院 for university 天津大学 college 教育学院 URL http://soe.tju.edu.cn/
2025-11-21 23:04:27,547 - INFO - Empty teacher folder: D:\project08\MCP_AI\data\schoolTeachers\11_大连理工大学\大工书院 for university 大连理工大学 college 大工书院 URL http://dgc.dlut.edu.cn/
2025-11-21 23:04:49,101 - INFO - Empty teacher folder: D:\project08\MCP_AI\data\schoolTeachers\11_大连理工大学\创新创业学院 for university 大连理工大学 college 创新创业学院 URL http://chuangxin.dlut.edu.cn/
2025-11-21 23:05:04,626 - INFO - Empty teacher folder: D:\project08\MCP_AI\data\schoolTeachers\11_大连理工大学\远程与继续教育学院 for university 大连理工大学 college 远程与继续教育学院 URL http://ce.dlut.edu.cn/
2025-11-21 23:05:24,399 - INFO - Empty teacher folder: D:\project08\MCP_AI\data\schoolTeachers\11_大连理工大学\能源研究院 for university 大连理工大学 college 能源研究院 URL http://iest.dlut.edu.cn/
2025-11-21 23:21:19,769 - INFO - Empty teacher folder: D:\project08\MCP_AI\data\schoolTeachers\12_吉林大学\白求恩第二临床医学院 for university 吉林大学 college 白求恩第二临床医学院 URL https://www.jdey.com.cn/
2025-11-21 23:22:58,254 - INFO - Empty teacher folder: D:\project08\MCP_AI\data\schoolTeachers\12_吉林大学\卓越工程师学院 for university 吉林大学 college 卓越工程师学院 URL https://ees.jlu.edu.cn/
2025-11-21 23:23:05,351 - INFO - Empty teacher folder: D:\project08\MCP_AI\data\schoolTeachers\12_吉林大学\软件学院 for university 吉林大学 college 软件学院 URL https://csw.jlu.edu.cn/
2025-11-21 23:24:11,676 - INFO - Empty teacher folder: D:\project08\MCP_AI\data\schoolTeachers\12_吉林大学\基础医学院 for university 吉林大学 college 基础医学院 URL https://medicine.jlu.edu.cn/
2025-11-21 23:24:58,464 - INFO - Empty teacher folder: D:\project08\MCP_AI\data\schoolTeachers\12_吉林大学\工程训练中心 for university 吉林大学 college 工程训练中心 URL https://gcxl.jlu.edu.cn/
2025-11-21 23:25:06,386 - INFO - Empty teacher folder: D:\project08\MCP_AI\data\schoolTeachers\12_吉林大学\历史文化学院 for university 吉林大学 college 历史文化学院 URL https://hac.jlu.edu.cn/
2025-11-21 23:26:19,522 - INFO - Empty teacher folder: D:\project08\MCP_AI\data\schoolTeachers\12_吉林大学\白求恩口腔医学院 for university 吉林大学 college 白求恩口腔医学院 URL https://jdkq.jlu.edu.cn/
2025-11-21 23:30:08,129 - INFO - Empty teacher folder: D:\project08\MCP_AI\data\schoolTeachers\13_哈尔滨工业大学\建筑与设计学院 for university 哈尔滨工业大学 college 建筑与设计学院 URL http://arch.hit.edu.cn/
2025-11-21 23:31:50,547 - INFO - Empty teacher folder: D:\project08\MCP_AI\data\schoolTeachers\13_哈尔滨工业大学\航天学院 for university 哈尔滨工业大学 college 航天学院 URL http://sa.hit.edu.cn/
2025-11-21 23:31:56,025 - INFO - Empty teacher folder: D:\project08\MCP_AI\data\schoolTeachers\13_哈尔滨工业大学\机电工程学院 for university 哈尔滨工业大学 college 机电工程学院 URL http://sme.hit.edu.cn/
2025-11-21 23:32:04,097 - INFO - Empty teacher folder: D:\project08\MCP_AI\data\schoolTeachers\13_哈尔滨工业大学\深圳国际设计学院 for university 哈尔滨工业大学 college 深圳国际设计学院 URL http://sisd.hit.edu.cn/
2025-11-21 23:39:06,920 - INFO - Empty teacher folder: D:\project08\MCP_AI\data\schoolTeachers\14_复旦大学\法学院 for university 复旦大学 college 法学院 URL http://www.law.fudan.edu.cn/
2025-11-21 23:39:13,773 - INFO - Empty teacher folder: D:\project08\MCP_AI\data\schoolTeachers\14_复旦大学\国际关系与公共事务学院 for university 复旦大学 college 国际关系与公共事务学院 URL http://www.sirpa.fudan.edu.cn/
2025-11-21 23:39:20,714 - INFO - Empty teacher folder: D:\project08\MCP_AI\data\schoolTeachers\14_复旦大学\社会发展与公共政策学院 for university 复旦大学 college 社会发展与公共政策学院 URL http://www.ssdpp.fudan.edu.cn/
2025-11-21 23:39:28,070 - INFO - Empty teacher folder: D:\project08\MCP_AI\data\schoolTeachers\14_复旦大学\经济学院 for university 复旦大学 college 经济学院 URL http://www.econ.fudan.edu.cn/
2025-11-21 23:39:36,153 - INFO - Empty teacher folder: D:\project08\MCP_AI\data\schoolTeachers\14_复旦大学\国际文化交流学院 for university 复旦大学 college 国际文化交流学院 URL http://www.ices.fudan.edu.cn/main.htm/
2025-11-21 23:39:42,949 - INFO - Empty teacher folder: D:\project08\MCP_AI\data\schoolTeachers\14_复旦大学\化学系 for university 复旦大学 college 化学系 URL http://www.chemistry.fudan.edu.cn/
2025-11-21 23:39:57,974 - INFO - Empty teacher folder: D:\project08\MCP_AI\data\schoolTeachers\14_复旦大学\大数据学院 for university 复旦大学 college 大数据学院 URL http://www.sds.fudan.edu.cn/
2025-11-21 23:41:59,622 - INFO - Empty teacher folder: D:\project08\MCP_AI\data\schoolTeachers\14_复旦大学\体育教学部 for university 复旦大学 college 体育教学部 URL http://www.fdty.fudan.edu.cn/
2025-11-21 23:42:06,789 - INFO - Empty teacher folder: D:\project08\MCP_AI\data\schoolTeachers\14_复旦大学\终身教育集团(终身教育学院) for university 复旦大学 college 终身教育集团(终身教育学院) URL http://www.cce.fudan.edu.cn/
2025-11-21 23:56:17,240 - INFO - Empty teacher folder: D:\project08\MCP_AI\data\schoolTeachers\15_同济大学\生命科学与技术学院 for university 同济大学 college 生命科学与技术学院 URL https://life.tongji.edu.cn/main.htm/
2025-11-21 23:56:24,327 - INFO - Empty teacher folder: D:\project08\MCP_AI\data\schoolTeachers\15_同济大学\航空航天与力学学院 for university 同济大学 college 航空航天与力学学院 URL https://aero-mech.tongji.edu.cn/main.htm/
2025-11-21 23:56:31,601 - INFO - Empty teacher folder: D:\project08\MCP_AI\data\schoolTeachers\15_同济大学\中德学部 for university 同济大学 college 中德学部 URL https://cdh.tongji.edu.cn/cdhChinese/main.htm/
2025-11-21 23:56:39,968 - INFO - Empty teacher folder: D:\project08\MCP_AI\data\schoolTeachers\15_同济大学\中德学院 for university 同济大学 college 中德学院 URL https://cdhk.tongji.edu.cn/main.htm/
2025-11-21 23:56:56,731 - INFO - Empty teacher folder: D:\project08\MCP_AI\data\schoolTeachers\15_同济大学\中德工程学院 for university 同济大学 college 中德工程学院 URL https://cdhaw.tongji.edu.cn/main.htm/
2025-11-21 23:57:02,814 - INFO - Empty teacher folder: D:\project08\MCP_AI\data\schoolTeachers\15_同济大学\职业技术教育学院 for university 同济大学 college 职业技术教育学院 URL https://cdibb.tongji.edu.cn/main.htm/
2025-11-21 23:57:09,903 - INFO - Empty teacher folder: D:\project08\MCP_AI\data\schoolTeachers\15_同济大学\出国培训学院、留德预备部 for university 同济大学 college 出国培训学院、留德预备部 URL https://dk.tongji.edu.cn/main.htm/
2025-11-21 23:57:18,033 - INFO - Empty teacher folder: D:\project08\MCP_AI\data\schoolTeachers\15_同济大学\联合国环境规划署-同济大学环境与可持续发展学院 for university 同济大学 college 联合国环境规划署-同济大学环境与可持续发展学院 URL https://unep-iesd.tongji.edu.cn/main.htm/
2025-11-21 23:59:01,025 - INFO - Empty teacher folder: D:\project08\MCP_AI\data\schoolTeachers\15_同济大学\中法工程和管理学院 for university 同济大学 college 中法工程和管理学院 URL http://ifcim.tongji.edu.cn/
2025-11-21 23:59:23,101 - INFO - Empty teacher folder: D:\project08\MCP_AI\data\schoolTeachers\15_同济大学\中西学院 for university 同济大学 college 中西学院 URL http://ssc.tongji.edu.cn/
2025-11-22 00:00:29,311 - INFO - Empty teacher folder: D:\project08\MCP_AI\data\schoolTeachers\15_同济大学\创新创业学院 for university 同济大学 college 创新创业学院 URL http://sie.tongji.edu.cn/
2025-11-22 00:34:53,193 - INFO - Empty teacher folder: D:\project08\MCP_AI\data\schoolTeachers\16_上海交通大学\媒体与传播学院 for university 上海交通大学 college 媒体与传播学院 URL https://smcnew.sjtu.edu.cn/
2025-11-22 00:36:43,573 - INFO - Empty teacher folder: D:\project08\MCP_AI\data\schoolTeachers\16_上海交通大学\致远学院 for university 上海交通大学 college 致远学院 URL http://zhiyuan.sjtu.edu.cn/
2025-11-22 00:37:22,481 - INFO - Empty teacher folder: D:\project08\MCP_AI\data\schoolTeachers\16_上海交通大学\巴黎卓越工程师学院 for university 上海交通大学 college 巴黎卓越工程师学院 URL http://speit.sjtu.edu.cn/
2025-11-22 02:06:36,153 - INFO - Empty teacher folder: D:\project08\MCP_AI\data\schoolTeachers\17_华东师范大学\大夏书院 for university 华东师范大学 college 大夏书院 URL https://dx.ecnu.edu.cn/main.htm/
2025-11-22 02:19:57,784 - INFO - Empty teacher folder: D:\project08\MCP_AI\data\schoolTeachers\19_东南大学\国家卓越工程师学院 for university 东南大学 college 国家卓越工程师学院 URL https://gjzygcs.seu.edu.cn/
2025-11-22 02:20:11,587 - INFO - Empty teacher folder: D:\project08\MCP_AI\data\schoolTeachers\19_东南大学\新生学院 for university 东南大学 college 新生学院 URL http://xsxy.seu.edu.cn/
2025-11-22 02:35:23,078 - INFO - Empty teacher folder: D:\project08\MCP_AI\data\schoolTeachers\20_浙江大学\高分子科学与工程学系 for university 浙江大学 college 高分子科学与工程学系 URL http://polymer.zju.edu.cn/
2025-11-22 02:38:39,979 - INFO - Empty teacher folder: D:\project08\MCP_AI\data\schoolTeachers\21_中国科学技术大学\语音及语言信息处理国家工程研究中心 for university 中国科学技术大学 college 语音及语言信息处理国家工程研究中心 URL https://nelslip.ustc.edu.cn/
2025-11-22 02:39:00,152 - INFO - Empty teacher folder: D:\project08\MCP_AI\data\schoolTeachers\21_中国科学技术大学\热安全技术国家地方联合工程研究中心 for university 中国科学技术大学 college 热安全技术国家地方联合工程研究中心 URL https://erctst.ustc.edu.cn/
2025-11-22 02:39:59,220 - INFO - Empty teacher folder: D:\project08\MCP_AI\data\schoolTeachers\21_中国科学技术大学\中国科学院量子信息与量子科技创新研究院 for university 中国科学技术大学 college 中国科学院量子信息与量子科技创新研究院 URL http://www.quantumcas.ac.cn/
2025-11-22 02:40:21,853 - INFO - Empty teacher folder: D:\project08\MCP_AI\data\schoolTeachers\21_中国科学技术大学\卓越工程师学院 for university 中国科学技术大学 college 卓越工程师学院 URL https://see.ustc.edu.cn/
2025-11-22 02:41:17,284 - INFO - Empty teacher folder: D:\project08\MCP_AI\data\schoolTeachers\21_中国科学技术大学\上海研究院 for university 中国科学技术大学 college 上海研究院 URL https://sias.ustc.edu.cn/
2025-11-22 02:41:20,724 - INFO - Empty teacher folder: D:\project08\MCP_AI\data\schoolTeachers\21_中国科学技术大学\安徽蒙城地球物理国家野外科学观测研究站 for university 中国科学技术大学 college 安徽蒙城地球物理国家野外科学观测研究站 URL https://mengo.ustc.edu.cn/
2025-11-22 02:43:58,259 - INFO - Empty teacher folder: D:\project08\MCP_AI\data\schoolTeachers\21_中国科学技术大学\光学与光学工程系 for university 中国科学技术大学 college 光学与光学工程系 URL https://www.ustc.edu.cn/
2025-11-22 02:49:41,370 - INFO - Empty teacher folder: D:\project08\MCP_AI\data\schoolTeachers\22_厦门大学\产业技术研究院 for university 厦门大学 college 产业技术研究院 URL http://itri.xmu.edu.cn/
2025-11-22 02:49:54,338 - INFO - Empty teacher folder: D:\project08\MCP_AI\data\schoolTeachers\22_厦门大学\人工智能研究院 for university 厦门大学 college 人工智能研究院 URL https://iai.xmu.edu.cn/
2025-11-22 02:59:50,971 - INFO - Empty teacher folder: D:\project08\MCP_AI\data\schoolTeachers\23_山东大学\人工智能国际联合研究院 for university 山东大学 college 人工智能国际联合研究院 URL https://cfair.sdu.edu.cn/
2025-11-23 14:02:19,082 - INFO - Empty teacher folder: D:\project08\MCP_AI\data\schoolTeachers\25_武汉大学\卓越工程师学院 for university 武汉大学 college 卓越工程师学院 URL https://cee.whu.edu.cn/
2025-11-23 14:03:42,164 - INFO - Empty teacher folder: D:\project08\MCP_AI\data\schoolTeachers\25_武汉大学\口腔医学院 for university 武汉大学 college 口腔医学院 URL https://www.whuss.com/
2025-11-23 14:04:57,915 - INFO - Empty teacher folder: D:\project08\MCP_AI\data\schoolTeachers\26_华中科技大学\第一临床学院 for university 华中科技大学 college 第一临床学院 URL http://www.whuh.com/
2025-11-23 14:21:03,717 - INFO - Empty teacher folder: D:\project08\MCP_AI\data\schoolTeachers\28_中山大学\光华口腔医学院 for university 中山大学 college 光华口腔医学院 URL http://gh.sysu.edu.cn/
2025-11-23 14:22:27,629 - INFO - Empty teacher folder: D:\project08\MCP_AI\data\schoolTeachers\28_中山大学\继续教育学院 for university 中山大学 college 继续教育学院 URL https://sce.sysu.edu.cn/
2025-11-23 14:26:20,401 - INFO - Empty teacher folder: D:\project08\MCP_AI\data\schoolTeachers\30_四川大学\空天科学与工程学院 for university 四川大学 college 空天科学与工程学院 URL http://saa.scu.edu.cn/
2025-11-23 14:34:00,392 - INFO - Empty teacher folder: D:\project08\MCP_AI\data\schoolTeachers\31_重庆大学\弘深学院 for university 重庆大学 college 弘深学院 URL http://hshc.cqu.edu.cn/
2025-11-23 14:34:23,172 - INFO - Empty teacher folder: D:\project08\MCP_AI\data\schoolTeachers\31_重庆大学\高端装备机械传动全国重点实验室 for university 重庆大学 college 高端装备机械传动全国重点实验室 URL http://slmt.cqu.edu.cn/
2025-11-23 14:34:41,857 - INFO - Empty teacher folder: D:\project08\MCP_AI\data\schoolTeachers\31_重庆大学\土木工程学院 for university 重庆大学 college 土木工程学院 URL http://civil.cqu.edu.cn/
2025-11-23 14:34:49,169 - INFO - Empty teacher folder: D:\project08\MCP_AI\data\schoolTeachers\31_重庆大学\智慧城市研究院 for university 重庆大学 college 智慧城市研究院 URL http://smartcity.cqu.edu.cn/
2025-11-23 14:35:42,397 - INFO - Empty teacher folder: D:\project08\MCP_AI\data\schoolTeachers\31_重庆大学\社会科学学部 for university 重庆大学 college 社会科学学部 URL http://skxb.cqu.edu.cn/
2025-11-23 14:35:59,342 - INFO - Empty teacher folder: D:\project08\MCP_AI\data\schoolTeachers\31_重庆大学\重庆大学-辛辛那提大学联合学院 for university 重庆大学 college 重庆大学-辛辛那提大学联合学院 URL http://uc.cqu.edu.cn/
2025-11-23 14:41:27,204 - INFO - Empty teacher folder: D:\project08\MCP_AI\data\schoolTeachers\31_重庆大学\分析测试中心 for university 重庆大学 college 分析测试中心 URL http://atc.cqu.edu.cn/
2025-11-23 14:47:14,734 - INFO - Empty teacher folder: D:\project08\MCP_AI\data\schoolTeachers\32_电子科技大学\继续教育学院（职业教育学院、网络教育学院） for university 电子科技大学 college 继续教育学院（职业教育学院、网络教育学院） URL https://www.uestcedu.com/
2025-11-23 14:47:22,707 - INFO - Empty teacher folder: D:\project08\MCP_AI\data\schoolTeachers\32_电子科技大学\电子科技大学广东电子信息工程研究院 for university 电子科技大学 college 电子科技大学广东电子信息工程研究院 URL http://www.dgieie.cn/
2025-11-23 14:47:45,901 - INFO - Empty teacher folder: D:\project08\MCP_AI\data\schoolTeachers\32_电子科技大学\人文社科高等研究院 for university 电子科技大学 college 人文社科高等研究院 URL https://aihss.uestc.edu.cn/index.htm/
2025-11-23 14:47:53,721 - INFO - Empty teacher folder: D:\project08\MCP_AI\data\schoolTeachers\32_电子科技大学\电子薄膜与集成器件全国重点实验室 for university 电子科技大学 college 电子薄膜与集成器件全国重点实验室 URL http://www.etfid.uestc.edu.cn/
2025-11-23 14:49:39,995 - INFO - Empty teacher folder: D:\project08\MCP_AI\data\schoolTeachers\32_电子科技大学\先进毫米波技术集成攻关研究院 for university 电子科技大学 college 先进毫米波技术集成攻关研究院 URL https://mmw.uestc.edu.cn/
2025-11-23 14:52:03,469 - INFO - Empty teacher folder: D:\project08\MCP_AI\data\schoolTeachers\32_电子科技大学\电子科技大学成都研究院 for university 电子科技大学 college 电子科技大学成都研究院 URL http://www.cdyjy.uestc.edu.cn/
2025-11-23 14:53:45,816 - INFO - Empty teacher folder: D:\project08\MCP_AI\data\schoolTeachers\32_电子科技大学\电子科技大学宜宾研究院 for university 电子科技大学 college 电子科技大学宜宾研究院 URL http://yb.uestc.edu.cn/
2025-11-23 15:10:41,966 - INFO - Empty teacher folder: D:\project08\MCP_AI\data\schoolTeachers\33_西安交通大学\医学部 for university 西安交通大学 college 医学部 URL https://yxbpyc.xjtu.edu.cn/
2025-11-23 15:11:39,256 - INFO - Empty teacher folder: D:\project08\MCP_AI\data\schoolTeachers\33_西安交通大学\电子与信息学部 for university 西安交通大学 college 电子与信息学部 URL https://eie.xjtu.edu.cn/dzxxxb/
2025-11-23 15:11:49,356 - INFO - Empty teacher folder: D:\project08\MCP_AI\data\schoolTeachers\33_西安交通大学\人居环境与建筑工程学院 for university 西安交通大学 college 人居环境与建筑工程学院 URL https://hsce.xjtu.edu.cn/
2025-11-23 15:36:30,314 - INFO - Empty teacher folder: D:\project08\MCP_AI\data\schoolTeachers\33_西安交通大学\医学部 for university 西安交通大学 college 医学部 URL https://yxbpyc.xjtu.edu.cn/
2025-11-23 15:36:59,463 - INFO - Empty teacher folder: D:\project08\MCP_AI\data\schoolTeachers\33_西安交通大学\人居环境与建筑工程学院 for university 西安交通大学 college 人居环境与建筑工程学院 URL https://hsce.xjtu.edu.cn/
2025-11-23 15:51:05,812 - INFO - Empty teacher folder: D:\project08\MCP_AI\data\schoolTeachers\34_西北工业大学\继续教育学院（网络教育学院） for university 西北工业大学 college 继续教育学院（网络教育学院） URL http://www.nwpunec.net/
2025-11-23 15:53:14,980 - INFO - Empty teacher folder: D:\project08\MCP_AI\data\schoolTeachers\34_西北工业大学\青岛研究院 for university 西北工业大学 college 青岛研究院 URL https://qingdao.nwpu.edu.cn/
2025-11-23 15:53:30,565 - INFO - Empty teacher folder: D:\project08\MCP_AI\data\schoolTeachers\34_西北工业大学\国家卓越工程师学院 for university 西北工业大学 college 国家卓越工程师学院 URL https://eliteengineering.nwpu.edu.cn/
2025-11-23 16:14:48,351 - INFO - Empty teacher folder: D:\project08\MCP_AI\data\schoolTeachers\35_兰州大学\第一临床医学院 for university 兰州大学 college 第一临床医学院 URL https://www.lzdxdyyy.com/web/ldyy/cover/
2025-11-23 16:16:57,760 - INFO - Empty teacher folder: D:\project08\MCP_AI\data\schoolTeachers\35_兰州大学\兰州大学一带一路研究中心 for university 兰州大学 college 兰州大学一带一路研究中心 URL https://ldbr.lzu.edu.cn/
2025-11-23 16:18:22,048 - INFO - Empty teacher folder: D:\project08\MCP_AI\data\schoolTeachers\35_兰州大学\萃英学院 for university 兰州大学 college 萃英学院 URL http://cycollege.lzu.edu.cn/
2025-11-23 16:37:23,431 - INFO - Empty teacher folder: D:\project08\MCP_AI\data\schoolTeachers\36_国防科技大学\理学院 for university 国防科技大学 college 理学院 URL https://www.nudt.edu.cn/yssz/lxy/index.htm/
2025-11-23 16:37:32,852 - INFO - Empty teacher folder: D:\project08\MCP_AI\data\schoolTeachers\36_国防科技大学\计算机学院 for university 国防科技大学 college 计算机学院 URL https://www.nudt.edu.cn/yssz/jsjxy/index.htm/
2025-11-23 16:37:42,393 - INFO - Empty teacher folder: D:\project08\MCP_AI\data\schoolTeachers\36_国防科技大学\电子科学学院 for university 国防科技大学 college 电子科学学院 URL https://www.nudt.edu.cn/yssz/dzkxxy/index.htm/
2025-11-23 16:37:51,276 - INFO - Empty teacher folder: D:\project08\MCP_AI\data\schoolTeachers\36_国防科技大学\前沿交叉学科学院 for university 国防科技大学 college 前沿交叉学科学院 URL https://www.nudt.edu.cn/yssz/qyjcxkxy/index.htm/
2025-11-23 16:38:00,713 - INFO - Empty teacher folder: D:\project08\MCP_AI\data\schoolTeachers\36_国防科技大学\智能科学学院 for university 国防科技大学 college 智能科学学院 URL https://www.nudt.edu.cn/yssz/znkxxy/index.htm/
2025-11-23 16:38:10,038 - INFO - Empty teacher folder: D:\project08\MCP_AI\data\schoolTeachers\36_国防科技大学\系统工程学院 for university 国防科技大学 college 系统工程学院 URL https://www.nudt.edu.cn/yssz/xtgcxy/index.htm/
2025-11-23 16:38:19,149 - INFO - Empty teacher folder: D:\project08\MCP_AI\data\schoolTeachers\36_国防科技大学\空天科学学院 for university 国防科技大学 college 空天科学学院 URL https://www.nudt.edu.cn/yssz/ktkxxy/index.htm/
2025-11-23 16:38:28,699 - INFO - Empty teacher folder: D:\project08\MCP_AI\data\schoolTeachers\36_国防科技大学\外国语学院 for university 国防科技大学 college 外国语学院 URL https://www.nudt.edu.cn/yssz/gjgxxy/index.htm/
2025-11-23 16:38:38,199 - INFO - Empty teacher folder: D:\project08\MCP_AI\data\schoolTeachers\36_国防科技大学\信息通信学院 for university 国防科技大学 college 信息通信学院 URL https://www.nudt.edu.cn/yssz/xxtxxy/index.htm/
2025-11-23 16:38:47,161 - INFO - Empty teacher folder: D:\project08\MCP_AI\data\schoolTeachers\36_国防科技大学\电子对抗学院 for university 国防科技大学 college 电子对抗学院 URL https://www.nudt.edu.cn/yssz/dzdkxy/index.htm/
2025-11-23 16:38:56,690 - INFO - Empty teacher folder: D:\project08\MCP_AI\data\schoolTeachers\36_国防科技大学\气象海洋学院 for university 国防科技大学 college 气象海洋学院 URL https://www.nudt.edu.cn/yssz/qxhyxy/index.htm/
2025-11-23 16:39:05,718 - INFO - Empty teacher folder: D:\project08\MCP_AI\data\schoolTeachers\36_国防科技大学\军政基础教育学院 for university 国防科技大学 college 军政基础教育学院 URL https://www.nudt.edu.cn/yssz/jzjcjyxy/index.htm/
2025-11-23 16:39:15,889 - INFO - Empty teacher folder: D:\project08\MCP_AI\data\schoolTeachers\36_国防科技大学\第六十三研究所 for university 国防科技大学 college 第六十三研究所 URL https://www.nudt.edu.cn/yssz/dlssyjs/index.htm/
2025-11-23 16:49:59,408 - INFO - Empty teacher folder: D:\project08\MCP_AI\data\schoolTeachers\37_东北大学\秦皇岛分校 for university 东北大学 college 秦皇岛分校 URL http://www.neuq.edu.cn/
2025-11-23 16:55:58,879 - INFO - Empty teacher folder: D:\project08\MCP_AI\data\schoolTeachers\38_郑州大学\网络空间安全学院 for university 郑州大学 college 网络空间安全学院 URL http://softschool.zzu.edu.cn/
2025-11-23 16:56:35,741 - INFO - Empty teacher folder: D:\project08\MCP_AI\data\schoolTeachers\38_郑州大学\第一附属医院 for university 郑州大学 college 第一附属医院 URL https://www.zdyfy.com/
2025-11-23 16:58:13,788 - INFO - Empty teacher folder: D:\project08\MCP_AI\data\schoolTeachers\38_郑州大学\美术学院 for university 郑州大学 college 美术学院 URL http://www5.zzu.edu.cn/art/
2025-11-23 17:01:15,511 - INFO - Empty teacher folder: D:\project08\MCP_AI\data\schoolTeachers\38_郑州大学\临床技能中心 for university 郑州大学 college 临床技能中心 URL http://www7.zzu.edu.cn/jnzx/
2025-11-23 17:05:11,685 - INFO - Empty teacher folder: D:\project08\MCP_AI\data\schoolTeachers\38_郑州大学\水利与交通学院 for university 郑州大学 college 水利与交通学院 URL http://www5.zzu.edu.cn/slyhj/
2025-11-23 17:06:30,002 - INFO - Empty teacher folder: D:\project08\MCP_AI\data\schoolTeachers\38_郑州大学\基础医学院 for university 郑州大学 college 基础医学院 URL http://www5.zzu.edu.cn/jcyxy/
2025-11-23 17:07:59,638 - INFO - Empty teacher folder: D:\project08\MCP_AI\data\schoolTeachers\38_郑州大学\省医临床医学院 for university 郑州大学 college 省医临床医学院 URL https://www7.zzu.edu.cn/sylcyxy/
2025-11-23 17:10:20,091 - INFO - Empty teacher folder: D:\project08\MCP_AI\data\schoolTeachers\38_郑州大学\马克思主义学院 for university 郑州大学 college 马克思主义学院 URL http://www5.zzu.edu.cn/mkszy/
2025-11-23 17:12:13,120 - INFO - Empty teacher folder: D:\project08\MCP_AI\data\schoolTeachers\38_郑州大学\附属郑州中心医院 for university 郑州大学 college 附属郑州中心医院 URL http://www.zzszxyy.com/
2025-11-23 17:55:50,305 - INFO - Empty teacher folder: D:\project08\MCP_AI\data\schoolTeachers\42_新疆大学\国际文化交流学院 for university 新疆大学 college 国际文化交流学院 URL http://gjjl.xju.edu.cn/
2025-11-23 17:56:45,219 - INFO - Empty teacher folder: D:\project08\MCP_AI\data\schoolTeachers\42_新疆大学\软件学院 for university 新疆大学 college 软件学院 URL http://ss.xju.edu.cn/
2025-11-23 17:57:18,608 - INFO - Empty teacher folder: D:\project08\MCP_AI\data\schoolTeachers\42_新疆大学\体育教学研究部 for university 新疆大学 college 体育教学研究部 URL http://tyb.xju.edu.cn/
2025-11-23 17:57:38,834 - INFO - Empty teacher folder: D:\project08\MCP_AI\data\schoolTeachers\42_新疆大学\政治与公共管理学院（国家安全学院） for university 新疆大学 college 政治与公共管理学院（国家安全学院） URL http://sppa.xju.edu.cn/
2025-11-23 17:58:40,966 - INFO - Empty teacher folder: D:\project08\MCP_AI\data\schoolTeachers\42_新疆大学\继续教育学院 for university 新疆大学 college 继续教育学院 URL https://cee.xju.edu.cn/
2025-11-23 18:00:46,134 - INFO - Empty teacher folder: D:\project08\MCP_AI\data\schoolTeachers\42_新疆大学\商学院 for university 新疆大学 college 商学院 URL http://business.xju.edu.cn/
2025-11-23 18:01:24,142 - INFO - Empty teacher folder: D:\project08\MCP_AI\data\schoolTeachers\42_新疆大学\外国语学院 for university 新疆大学 college 外国语学院 URL http://wgy.xju.edu.cn/
2025-11-23 18:02:23,971 - INFO - Empty teacher folder: D:\project08\MCP_AI\data\schoolTeachers\42_新疆大学\马克思主义学院（铸牢中华民族共同体意识研究基地、哲学研究所） for university 新疆大学 college 马克思主义学院（铸牢中华民族共同体意识研究基地、哲学研究所） URL http://mks.xju.edu.cn/
2025-11-23 18:04:15,918 - INFO - Empty teacher folder: D:\project08\MCP_AI\data\schoolTeachers\42_新疆大学\法学院（新疆党内法规研究中心） for university 新疆大学 college 法学院（新疆党内法规研究中心） URL http://fxy.xju.edu.cn/
2025-11-23 18:07:38,640 - INFO - Empty teacher folder: D:\project08\MCP_AI\data\schoolTeachers\43_北京交通大学\计算机科学与技术学院 for university 北京交通大学 college 计算机科学与技术学院 URL http://cs.bjtu.edu.cn/
2025-11-23 18:08:40,017 - INFO - Empty teacher folder: D:\project08\MCP_AI\data\schoolTeachers\43_北京交通大学\国家卓越工程师学院 for university 北京交通大学 college 国家卓越工程师学院 URL https://nse.bjtu.edu.cn/
2025-11-23 18:09:19,614 - INFO - Empty teacher folder: D:\project08\MCP_AI\data\schoolTeachers\43_北京交通大学\詹天佑学院（智慧交通未来技术学院） for university 北京交通大学 college 詹天佑学院（智慧交通未来技术学院） URL http://zhantianyou.bjtu.edu.cn/
2025-11-23 18:10:02,644 - INFO - Empty teacher folder: D:\project08\MCP_AI\data\schoolTeachers\43_北京交通大学\自动化与智能学院 for university 北京交通大学 college 自动化与智能学院 URL http://ai.bjtu.edu.cn/
2025-11-23 18:12:23,384 - INFO - Empty teacher folder: D:\project08\MCP_AI\data\schoolTeachers\44_北京工业大学\体育部 for university 北京工业大学 college 体育部 URL https://tyb.bjut.edu.cn/
2025-11-23 18:12:31,018 - INFO - Empty teacher folder: D:\project08\MCP_AI\data\schoolTeachers\44_北京工业大学\继续教育学院 for university 北京工业大学 college 继续教育学院 URL https://jxjy.bjut.edu.cn/
2025-11-23 18:12:39,565 - INFO - Empty teacher folder: D:\project08\MCP_AI\data\schoolTeachers\44_北京工业大学\创新创业学院 for university 北京工业大学 college 创新创业学院 URL https://cie.bjut.edu.cn/
2025-11-23 18:15:27,250 - INFO - Empty teacher folder: D:\project08\MCP_AI\data\schoolTeachers\45_北京科技大学\高等工程师学院（卓越工程师学院） for university 北京科技大学 college 高等工程师学院（卓越工程师学院） URL https://gcsxy.ustb.edu.cn/
2025-11-23 18:21:14,604 - INFO - Empty teacher folder: D:\project08\MCP_AI\data\schoolTeachers\46_北京化工大学\侯德榜工程师学院 for university 北京化工大学 college 侯德榜工程师学院 URL https://gcsxy.buct.edu.cn/
2025-11-23 18:21:20,792 - INFO - Empty teacher folder: D:\project08\MCP_AI\data\schoolTeachers\46_北京化工大学\巴黎居里工程师学院 for university 北京化工大学 college 巴黎居里工程师学院 URL https://engineer.buct.edu.cn/
2025-11-23 18:27:06,256 - INFO - Empty teacher folder: D:\project08\MCP_AI\data\schoolTeachers\47_北京邮电大学\国际学院 for university 北京邮电大学 college 国际学院 URL http://is.bupt.edu.cn/
2025-11-23 18:29:03,862 - INFO - Empty teacher folder: D:\project08\MCP_AI\data\schoolTeachers\47_北京邮电大学\国际教育中心 for university 北京邮电大学 college 国际教育中心 URL https://io.bupt.edu.cn/
2025-11-23 19:02:57,327 - INFO - Empty teacher folder: D:\project08\MCP_AI\data\schoolTeachers\49_北京协和医学院\医学生物学研究所 for university 北京协和医学院 college 医学生物学研究所 URL http://www.imbcams.ac.cn/
2025-11-23 19:03:11,771 - INFO - Empty teacher folder: D:\project08\MCP_AI\data\schoolTeachers\49_北京协和医学院\肿瘤医院 for university 北京协和医学院 college 肿瘤医院 URL http://www.cicams.ac.cn/
2025-11-23 19:03:29,540 - INFO - Empty teacher folder: D:\project08\MCP_AI\data\schoolTeachers\49_北京协和医学院\国家心血管病中心 for university 北京协和医学院 college 国家心血管病中心 URL https://www.fuwaihospital.org/Hospitals/Main/
2025-11-23 19:04:57,352 - INFO - Empty teacher folder: D:\project08\MCP_AI\data\schoolTeachers\49_北京协和医学院\群医学及公共卫生学院 for university 北京协和医学院 college 群医学及公共卫生学院 URL https://spmph.pumc.edu.cn/
2025-11-23 19:08:10,098 - INFO - Empty teacher folder: D:\project08\MCP_AI\data\schoolTeachers\49_北京协和医学院\护理学院 for university 北京协和医学院 college 护理学院 URL https://nursing.pumc.edu.cn/
2025-11-23 19:19:45,873 - INFO - Empty teacher folder: D:\project08\MCP_AI\data\schoolTeachers\51_首都师范大学\良乡校区基础学部 for university 首都师范大学 college 良乡校区基础学部 URL http://lxxqjcxb.cnu.edu.cn/
2025-11-23 19:20:04,993 - INFO - Empty teacher folder: D:\project08\MCP_AI\data\schoolTeachers\51_首都师范大学\继续教育学院 for university 首都师范大学 college 继续教育学院 URL http://jxjyxy.cnu.edu.cn/
2025-11-23 19:22:15,341 - INFO - Empty teacher folder: D:\project08\MCP_AI\data\schoolTeachers\51_首都师范大学\文学院 for university 首都师范大学 college 文学院 URL http://chinese.cnu.edu.cn/
2025-11-23 19:22:52,149 - INFO - Empty teacher folder: D:\project08\MCP_AI\data\schoolTeachers\51_首都师范大学\京疆学院 for university 首都师范大学 college 京疆学院 URL http://jjxy.cnu.edu.cn/
2025-11-23 19:25:07,708 - INFO - Empty teacher folder: D:\project08\MCP_AI\data\schoolTeachers\51_首都师范大学\国别区域研究院 for university 首都师范大学 college 国别区域研究院 URL https://igas.cnu.edu.cn/index.htm/
2025-11-23 19:25:44,368 - INFO - Empty teacher folder: D:\project08\MCP_AI\data\schoolTeachers\51_首都师范大学\燕都学院 for university 首都师范大学 college 燕都学院 URL http://ydxy.cnu.edu.cn/
2025-11-23 19:31:20,539 - INFO - Empty teacher folder: D:\project08\MCP_AI\data\schoolTeachers\52_北京外国语大学\阿拉伯学院 for university 北京外国语大学 college 阿拉伯学院 URL http://arab.bfsu.edu.cn/
2025-11-23 19:31:55,718 - INFO - Empty teacher folder: D:\project08\MCP_AI\data\schoolTeachers\52_北京外国语大学\国际教育研究院 for university 北京外国语大学 college 国际教育研究院 URL https://aies.bfsu.edu.cn/
2025-11-23 19:32:29,253 - INFO - Empty teacher folder: D:\project08\MCP_AI\data\schoolTeachers\52_北京外国语大学\全国青少年法治教育中心 for university 北京外国语大学 college 全国青少年法治教育中心 URL https://qsfz.bfsu.edu.cn/
2025-11-23 19:32:41,280 - INFO - Empty teacher folder: D:\project08\MCP_AI\data\schoolTeachers\52_北京外国语大学\中国外语教材研究中心 for university 北京外国语大学 college 中国外语教材研究中心 URL http://www.bfsutextbook.cn/
2025-11-23 19:32:51,214 - INFO - Empty teacher folder: D:\project08\MCP_AI\data\schoolTeachers\52_北京外国语大学\国家翻译能力研究中心 for university 北京外国语大学 college 国家翻译能力研究中心 URL https://rectic.bfsu.edu.cn/
2025-11-23 19:32:55,760 - INFO - Empty teacher folder: D:\project08\MCP_AI\data\schoolTeachers\52_北京外国语大学\体育教研部 for university 北京外国语大学 college 体育教研部 URL https://pe.bfsu.edu.cn/
2025-11-23 19:33:04,375 - INFO - Empty teacher folder: D:\project08\MCP_AI\data\schoolTeachers\52_北京外国语大学\王佐良外国文学高等研究院 for university 北京外国语大学 college 王佐良外国文学高等研究院 URL https://wzlgyy.bfsu.edu.cn/
2025-11-23 19:33:51,912 - INFO - Empty teacher folder: D:\project08\MCP_AI\data\schoolTeachers\52_北京外国语大学\世界亚洲研究信息中心 for university 北京外国语大学 college 世界亚洲研究信息中心 URL http://icwar.bfsu.edu.cn/
2025-11-23 19:35:53,395 - INFO - Empty teacher folder: D:\project08\MCP_AI\data\schoolTeachers\53_中国传媒大学\体育部 for university 中国传媒大学 college 体育部 URL https://tiyu.cuc.edu.cn/
2025-11-23 19:36:10,995 - INFO - Empty teacher folder: D:\project08\MCP_AI\data\schoolTeachers\53_中国传媒大学\海南国际学院 for university 中国传媒大学 college 海南国际学院 URL https://hainan.cuc.edu.cn/
2025-11-23 19:40:33,293 - INFO - Empty teacher folder: D:\project08\MCP_AI\data\schoolTeachers\54_中央财经大学\粤港澳大湾区（黄埔）研究院 for university 中央财经大学 college 粤港澳大湾区（黄埔）研究院 URL http://gbari.cufe.edu.cn/
2025-11-23 19:46:56,183 - INFO - Empty teacher folder: D:\project08\MCP_AI\data\schoolTeachers\55_对外经济贸易大学\国际学院 for university 对外经济贸易大学 college 国际学院 URL http://sie.uibe.edu.cn/
2025-11-23 19:47:16,821 - INFO - Empty teacher folder: D:\project08\MCP_AI\data\schoolTeachers\55_对外经济贸易大学\继续教育学院（高级研修学院） for university 对外经济贸易大学 college 继续教育学院（高级研修学院） URL http://www.sce.com.cn/
2025-11-23 19:47:36,454 - INFO - Empty teacher folder: D:\project08\MCP_AI\data\schoolTeachers\55_对外经济贸易大学\深圳研究院 for university 对外经济贸易大学 college 深圳研究院 URL http://szyjy.uibe.edu.cn/
2025-11-23 19:47:49,336 - INFO - Empty teacher folder: D:\project08\MCP_AI\data\schoolTeachers\55_对外经济贸易大学\国际中文教育（商务）实践与研究基地 for university 对外经济贸易大学 college 国际中文教育（商务）实践与研究基地 URL http://bizchinese.uibe.edu.cn/
2025-11-23 19:48:20,431 - INFO - Empty teacher folder: D:\project08\MCP_AI\data\schoolTeachers\55_对外经济贸易大学\涉外法治研究院 for university 对外经济贸易大学 college 涉外法治研究院 URL http://law.uibe.edu.cn/swfzyjy/
2025-11-23 19:50:49,626 - INFO - Empty teacher folder: D:\project08\MCP_AI\data\schoolTeachers\55_对外经济贸易大学\贵州研究院 for university 对外经济贸易大学 college 贵州研究院 URL http://gzyjy.uibe.edu.cn/
2025-11-23 19:57:15,544 - INFO - Empty teacher folder: D:\project08\MCP_AI\data\schoolTeachers\56_外交学院\国际教育学院 for university 外交学院 college 国际教育学院 URL https://www.cfau.edu.cn\col3837/index.htm/
2025-11-23 20:01:05,088 - INFO - Empty teacher folder: D:\project08\MCP_AI\data\schoolTeachers\57_中国人民公安大学\马克思主义学院 for university 中国人民公安大学 college 马克思主义学院 URL https://www.ppsuc.edu.cn\../info/1151/6148.htm/
2025-11-23 20:01:12,940 - INFO - Empty teacher folder: D:\project08\MCP_AI\data\schoolTeachers\57_中国人民公安大学\法学院 for university 中国人民公安大学 college 法学院 URL https://www.ppsuc.edu.cn\../info/1151/6149.htm/
2025-11-23 20:01:37,648 - INFO - Empty teacher folder: D:\project08\MCP_AI\data\schoolTeachers\57_中国人民公安大学\侦查学院 for university 中国人民公安大学 college 侦查学院 URL https://www.ppsuc.edu.cn\../info/1151/6156.htm/
2025-11-23 20:01:45,915 - INFO - Empty teacher folder: D:\project08\MCP_AI\data\schoolTeachers\57_中国人民公安大学\涉外警务学院 for university 中国人民公安大学 college 涉外警务学院 URL https://www.ppsuc.edu.cn\../info/1151/6154.htm/
2025-11-23 20:01:54,188 - INFO - Empty teacher folder: D:\project08\MCP_AI\data\schoolTeachers\57_中国人民公安大学\犯罪学学院 for university 中国人民公安大学 college 犯罪学学院 URL https://www.ppsuc.edu.cn\../info/1151/9583.htm/
2025-11-23 20:05:20,775 - INFO - Empty teacher folder: D:\project08\MCP_AI\data\schoolTeachers\58_北京体育大学\中国篮球运动学院 for university 北京体育大学 college 中国篮球运动学院 URL https://cbc.bsu.edu.cn/
2025-11-23 20:05:28,931 - INFO - Empty teacher folder: D:\project08\MCP_AI\data\schoolTeachers\58_北京体育大学\新闻与传播学院 for university 北京体育大学 college 新闻与传播学院 URL http://cm.bsu.edu.cn/
2025-11-23 20:06:02,232 - INFO - Empty teacher folder: D:\project08\MCP_AI\data\schoolTeachers\58_北京体育大学\国际教育与交流学院 for university 北京体育大学 college 国际教育与交流学院 URL http://fld.bsu.edu.cn/
2025-11-23 20:06:04,609 - INFO - Empty teacher folder: D:\project08\MCP_AI\data\schoolTeachers\58_北京体育大学\阿尔伯塔国际休闲体育与旅游学院 for university 北京体育大学 college 阿尔伯塔国际休闲体育与旅游学院 URL https://ais.bsu.edu.cn/
2025-11-23 20:06:11,197 - INFO - Empty teacher folder: D:\project08\MCP_AI\data\schoolTeachers\58_北京体育大学\艺术学院 for university 北京体育大学 college 艺术学院 URL http://ysx.bsu.edu.cn/
2025-11-23 20:07:23,061 - INFO - Empty teacher folder: D:\project08\MCP_AI\data\schoolTeachers\58_北京体育大学\竞技体育学院 for university 北京体育大学 college 竞技体育学院 URL http://jjty.bsu.edu.cn/
2025-11-23 20:40:37,065 - INFO - Empty teacher folder: D:\project08\MCP_AI\data\schoolTeachers\61_中央美术学院\中国画学院 for university 中央美术学院 college 中国画学院 URL https://www.cafa.edu.cn/sp/nljg/?j=101/
2025-11-23 20:40:45,007 - INFO - Empty teacher folder: D:\project08\MCP_AI\data\schoolTeachers\61_中央美术学院\油画系 for university 中央美术学院 college 油画系 URL https://www.cafa.edu.cn/sp/nljg/?j=111/
2025-11-23 20:40:53,501 - INFO - Empty teacher folder: D:\project08\MCP_AI\data\schoolTeachers\61_中央美术学院\人文学院 for university 中央美术学院 college 人文学院 URL https://www.cafa.edu.cn/sp/nljg/?j=151/
2025-11-23 20:41:02,843 - INFO - Empty teacher folder: D:\project08\MCP_AI\data\schoolTeachers\61_中央美术学院\中法艺术与设计管理学院 for university 中央美术学院 college 中法艺术与设计管理学院 URL https://www.cafa.edu.cn/sp/nljg/?j=172/
2025-11-23 20:41:11,690 - INFO - Empty teacher folder: D:\project08\MCP_AI\data\schoolTeachers\61_中央美术学院\修复学院 for university 中央美术学院 college 修复学院 URL https://www.cafa.edu.cn/sp/nljg/?j=175/
2025-11-23 20:41:29,929 - INFO - Empty teacher folder: D:\project08\MCP_AI\data\schoolTeachers\61_中央美术学院\视觉艺术高精尖创新中心 for university 中央美术学院 college 视觉艺术高精尖创新中心 URL https://www.cafa.edu.cn/sp/nljg/?j=305/
2025-11-23 20:41:48,106 - INFO - Empty teacher folder: D:\project08\MCP_AI\data\schoolTeachers\61_中央美术学院\国家主题性美术创作研究中心 for university 中央美术学院 college 国家主题性美术创作研究中心 URL https://www.cafa.edu.cn/sp/nljg/?j=310/
2025-11-23 20:41:56,910 - INFO - Empty teacher folder: D:\project08\MCP_AI\data\schoolTeachers\61_中央美术学院\美育研究院 for university 中央美术学院 college 美育研究院 URL https://www.cafa.edu.cn/sp/nljg/?j=314/
2025-11-23 20:42:05,957 - INFO - Empty teacher folder: D:\project08\MCP_AI\data\schoolTeachers\61_中央美术学院\中国公共艺术研究中心 for university 中央美术学院 college 中国公共艺术研究中心 URL https://www.cafa.edu.cn/sp/nljg/?j=315/
2025-11-23 20:42:15,435 - INFO - Empty teacher folder: D:\project08\MCP_AI\data\schoolTeachers\61_中央美术学院\城市设计与创新研究院（CADI） for university 中央美术学院 college 城市设计与创新研究院（CADI） URL https://www.cafa.edu.cn/sp/nljg/?j=316/
2025-11-23 21:07:11,452 - INFO - Empty teacher folder: D:\project08\MCP_AI\data\schoolTeachers\63_中国政法大学\继续教育学院 for university 中国政法大学 college 继续教育学院 URL https://fdjxjy.cupl.edu.cn/
2025-11-23 21:09:16,960 - INFO - Empty teacher folder: D:\project08\MCP_AI\data\schoolTeachers\63_中国政法大学\纪检监察学院 for university 中国政法大学 college 纪检监察学院 URL https://jjjcxy.cupl.edu.cn/
2025-11-23 21:14:18,638 - INFO - Empty teacher folder: D:\project08\MCP_AI\data\schoolTeachers\64_天津工业大学\博雅书院 for university 天津工业大学 college 博雅书院 URL https://boya.tiangong.edu.cn/
2025-11-23 21:14:41,309 - INFO - Empty teacher folder: D:\project08\MCP_AI\data\schoolTeachers\64_天津工业大学\继续教育学院 for university 天津工业大学 college 继续教育学院 URL https://jxjy.tiangong.edu.cn/
2025-11-23 21:20:31,355 - INFO - Empty teacher folder: D:\project08\MCP_AI\data\schoolTeachers\65_天津医科大学\继续教育学院 for university 天津医科大学 college 继续教育学院 URL http://www.tmu.edu.cn/jxjyxy/
2025-11-23 21:20:33,868 - INFO - Empty teacher folder: D:\project08\MCP_AI\data\schoolTeachers\65_天津医科大学\第一临床医学院 for university 天津医科大学 college 第一临床医学院 URL http://www.tjmugh.com.cn/
2025-11-23 21:21:03,585 - INFO - Empty teacher folder: D:\project08\MCP_AI\data\schoolTeachers\65_天津医科大学\实验动物科学部 for university 天津医科大学 college 实验动物科学部 URL http://www.tmu.edu.cn/sydwkxb/
2025-11-23 21:21:13,691 - INFO - Empty teacher folder: D:\project08\MCP_AI\data\schoolTeachers\65_天津医科大学\基础医学实验教学中心 for university 天津医科大学 college 基础医学实验教学中心 URL http://www.tmu.edu.cn/jcsfzx/
2025-11-23 21:21:26,127 - INFO - Empty teacher folder: D:\project08\MCP_AI\data\schoolTeachers\65_天津医科大学\护理学实验教学中心 for university 天津医科大学 college 护理学实验教学中心 URL http://www.tmu.edu.cn/hlsfzx/
2025-11-23 21:23:20,668 - INFO - Empty teacher folder: D:\project08\MCP_AI\data\schoolTeachers\65_天津医科大学\临床医学院 for university 天津医科大学 college 临床医学院 URL http://www.tmucmc.edu.cn/
2025-11-23 21:24:28,750 - INFO - Empty teacher folder: D:\project08\MCP_AI\data\schoolTeachers\65_天津医科大学\基础医学院 for university 天津医科大学 college 基础医学院 URL http://bms.tmu.edu.cn/
2025-11-23 21:25:03,879 - INFO - Empty teacher folder: D:\project08\MCP_AI\data\schoolTeachers\65_天津医科大学\第二临床医学院 for university 天津医科大学 college 第二临床医学院 URL http://www.tjmush.com.cn/
2025-11-23 21:25:55,584 - INFO - Empty teacher folder: D:\project08\MCP_AI\data\schoolTeachers\65_天津医科大学\护理学院 for university 天津医科大学 college 护理学院 URL http://www.tmu.edu.cn/hlxy/
2025-11-23 21:32:52,701 - INFO - Empty teacher folder: D:\project08\MCP_AI\data\schoolTeachers\66_天津中医药大学\管理学院 for university 天津中医药大学 college 管理学院 URL http://guanli.tjutcm.edu.cn/
2025-11-23 21:33:10,323 - INFO - Empty teacher folder: D:\project08\MCP_AI\data\schoolTeachers\66_天津中医药大学\文化与健康传播学院 for university 天津中医药大学 college 文化与健康传播学院 URL http://yuyanwenhua.tjutcm.edu.cn/
2025-11-23 21:34:07,798 - INFO - Empty teacher folder: D:\project08\MCP_AI\data\schoolTeachers\66_天津中医药大学\继续教育学院 for university 天津中医药大学 college 继续教育学院 URL http://jixu.tjutcm.edu.cn/
2025-11-23 21:34:08,022 - INFO - Empty teacher folder: D:\project08\MCP_AI\data\schoolTeachers\66_天津中医药大学\国际教育学院（国际交流与合作处） for university 天津中医药大学 college 国际教育学院（国际交流与合作处） URL http://iec.tjutcm.edu.cn/?wbtreeid=1001&citycode=54527&citysign=0/
2025-11-23 21:34:31,757 - INFO - Empty teacher folder: D:\project08\MCP_AI\data\schoolTeachers\66_天津中医药大学\护理学院 for university 天津中医药大学 college 护理学院 URL http://huli.tjutcm.edu.cn/
2025-11-23 21:49:46,487 - INFO - Empty teacher folder: D:\project08\MCP_AI\data\schoolTeachers\67_华北电力大学\国际教育学院 for university 华北电力大学 college 国际教育学院 URL https://iei.ncepu.edu.cn/
2025-11-23 21:50:18,556 - INFO - Empty teacher folder: D:\project08\MCP_AI\data\schoolTeachers\67_华北电力大学\怀柔实验室学院 for university 华北电力大学 college 怀柔实验室学院 URL https://www.ncepu.edu.cn/zzjg/xyb/hrsysxy/
2025-11-23 21:51:55,452 - INFO - Empty teacher folder: D:\project08\MCP_AI\data\schoolTeachers\68_河北工业大学\建筑与艺术设计学院 for university 河北工业大学 college 建筑与艺术设计学院 URL http://jzyyssjxy.hebut.edu.cn/
2025-11-23 21:56:36,945 - INFO - Empty teacher folder: D:\project08\MCP_AI\data\schoolTeachers\69_太原理工大学\继续教育学院 for university 太原理工大学 college 继续教育学院 URL http://jxjyxy.tyut.edu.cn/
2025-11-23 21:59:27,411 - INFO - Empty teacher folder: D:\project08\MCP_AI\data\schoolTeachers\70_内蒙古大学\求真学院（创新创业学院） for university 内蒙古大学 college 求真学院（创新创业学院） URL https://qiuzhen.imu.edu.cn/
2025-11-23 21:59:36,776 - INFO - Empty teacher folder: D:\project08\MCP_AI\data\schoolTeachers\70_内蒙古大学\国际教育学院 for university 内蒙古大学 college 国际教育学院 URL http://iec.imu.edu.cn/
2025-11-23 21:59:47,233 - INFO - Empty teacher folder: D:\project08\MCP_AI\data\schoolTeachers\70_内蒙古大学\继续教育学院 for university 内蒙古大学 college 继续教育学院 URL http://jxjy.imu.edu.cn/
2025-11-23 22:01:05,910 - INFO - Empty teacher folder: D:\project08\MCP_AI\data\schoolTeachers\70_内蒙古大学\满洲里学院 for university 内蒙古大学 college 满洲里学院 URL http://www.mzlxy.cn/
2025-11-23 22:04:58,854 - INFO - Empty teacher folder: D:\project08\MCP_AI\data\schoolTeachers\71_辽宁大学\国际教育学院 for university 辽宁大学 college 国际教育学院 URL http://ie.lnu.edu.cn/
2025-11-23 22:23:26,895 - INFO - Empty teacher folder: D:\project08\MCP_AI\data\schoolTeachers\72_大连海事大学\国际海事学院（留学生教育中心） for university 大连海事大学 college 国际海事学院（留学生教育中心） URL http://iec.dlmu.edu.cn/
2025-11-23 22:24:29,027 - INFO - Empty teacher folder: D:\project08\MCP_AI\data\schoolTeachers\72_大连海事大学\继续教育学院 for university 大连海事大学 college 继续教育学院 URL http://dlmucec.dlmu.edu.cn/
2025-11-23 22:25:04,819 - INFO - Empty teacher folder: D:\project08\MCP_AI\data\schoolTeachers\72_大连海事大学\水路交通控制全国重点实验室 for university 大连海事大学 college 水路交通控制全国重点实验室 URL https://sklmts.dlmu.edu.cn/
2025-11-23 22:32:31,884 - INFO - Empty teacher folder: D:\project08\MCP_AI\data\schoolTeachers\73_延边大学\美术学院 for university 延边大学 college 美术学院 URL https://ydarts.ybu.edu.cn/
2025-11-23 22:46:12,828 - INFO - Empty teacher folder: D:\project08\MCP_AI\data\schoolTeachers\75_哈尔滨工程大学\体育部 for university 哈尔滨工程大学 college 体育部 URL http://pt.hrbeu.edu.cn/
2025-11-23 22:48:07,597 - INFO - Empty teacher folder: D:\project08\MCP_AI\data\schoolTeachers\75_哈尔滨工程大学\外国语学院 for university 哈尔滨工程大学 college 外国语学院 URL http://fld.hrbeu.edu.cn/
2025-11-23 22:48:24,483 - INFO - Empty teacher folder: D:\project08\MCP_AI\data\schoolTeachers\75_哈尔滨工程大学\未来技术学院 for university 哈尔滨工程大学 college 未来技术学院 URL http://wljs.hrbeu.edu.cn/
2025-11-23 22:49:02,618 - INFO - Empty teacher folder: D:\project08\MCP_AI\data\schoolTeachers\75_哈尔滨工程大学\马克思主义学院 for university 哈尔滨工程大学 college 马克思主义学院 URL http://sizhengbu.hrbeu.edu.cn/
2025-11-23 22:49:08,975 - INFO - Empty teacher folder: D:\project08\MCP_AI\data\schoolTeachers\75_哈尔滨工程大学\电子政务建模仿真国家工程实验室 for university 哈尔滨工程大学 college 电子政务建模仿真国家工程实验室 URL https://egovlab.hrbeu.edu.cn/
2025-11-23 22:59:19,285 - INFO - Empty teacher folder: D:\project08\MCP_AI\data\schoolTeachers\77_东北林业大学\野生动物与自然保护地学院 for university 东北林业大学 college 野生动物与自然保护地学院 URL https://wildlife.nefu.edu.cn/
2025-11-23 23:10:32,990 - INFO - Empty teacher folder: D:\project08\MCP_AI\data\schoolTeachers\78_华东理工大学\商学院 for university 华东理工大学 college 商学院 URL http://bs.ecust.edu.cn/
2025-11-23 23:11:35,109 - INFO - Empty teacher folder: D:\project08\MCP_AI\data\schoolTeachers\80_上海海洋大学\继续教育学院 for university 上海海洋大学 college 继续教育学院 URL http://cjxy.shou.edu.cn/
2025-11-23 23:16:08,541 - INFO - Empty teacher folder: D:\project08\MCP_AI\data\schoolTeachers\80_上海海洋大学\爱恩学院 for university 上海海洋大学 college 爱恩学院 URL http://ien.shou.edu.cn/
2025-11-23 23:20:34,199 - INFO - Empty teacher folder: D:\project08\MCP_AI\data\schoolTeachers\81_上海中医药大学\中医学院 for university 上海中医药大学 college 中医学院 URL https://www.shutcm.edu.cn/_redirect?siteId=2&columnId=6641&articleId=147550/
2025-11-23 23:20:42,413 - INFO - Empty teacher folder: D:\project08\MCP_AI\data\schoolTeachers\81_上海中医药大学\中西医结合学院 for university 上海中医药大学 college 中西医结合学院 URL https://www.shutcm.edu.cn/_redirect?siteId=2&columnId=6641&articleId=147538/
2025-11-23 23:20:50,705 - INFO - Empty teacher folder: D:\project08\MCP_AI\data\schoolTeachers\81_上海中医药大学\中药学院 for university 上海中医药大学 college 中药学院 URL https://www.shutcm.edu.cn/_redirect?siteId=2&columnId=6641&articleId=147549/
2025-11-23 23:20:59,226 - INFO - Empty teacher folder: D:\project08\MCP_AI\data\schoolTeachers\81_上海中医药大学\针灸推拿学院 for university 上海中医药大学 college 针灸推拿学院 URL https://www.shutcm.edu.cn/_redirect?siteId=2&columnId=6641&articleId=147548/
2025-11-23 23:21:08,250 - INFO - Empty teacher folder: D:\project08\MCP_AI\data\schoolTeachers\81_上海中医药大学\公共健康学院 for university 上海中医药大学 college 公共健康学院 URL https://www.shutcm.edu.cn/_redirect?siteId=2&columnId=6641&articleId=147546/
2025-11-23 23:21:15,919 - INFO - Empty teacher folder: D:\project08\MCP_AI\data\schoolTeachers\81_上海中医药大学\护理学院 for university 上海中医药大学 college 护理学院 URL https://www.shutcm.edu.cn/_redirect?siteId=2&columnId=6641&articleId=147547/
2025-11-23 23:21:24,647 - INFO - Empty teacher folder: D:\project08\MCP_AI\data\schoolTeachers\81_上海中医药大学\国际教育学院 for university 上海中医药大学 college 国际教育学院 URL https://www.shutcm.edu.cn/_redirect?siteId=2&columnId=6641&articleId=147544/
2025-11-23 23:21:33,561 - INFO - Empty teacher folder: D:\project08\MCP_AI\data\schoolTeachers\81_上海中医药大学\康复医学院 for university 上海中医药大学 college 康复医学院 URL https://www.shutcm.edu.cn/_redirect?siteId=2&columnId=6641&articleId=147545/
2025-11-23 23:21:43,469 - INFO - Empty teacher folder: D:\project08\MCP_AI\data\schoolTeachers\81_上海中医药大学\继续教育学院 for university 上海中医药大学 college 继续教育学院 URL https://www.shutcm.edu.cn/_redirect?siteId=2&columnId=6641&articleId=147543/
2025-11-23 23:21:50,656 - INFO - Empty teacher folder: D:\project08\MCP_AI\data\schoolTeachers\81_上海中医药大学\马克思主义学院 for university 上海中医药大学 college 马克思主义学院 URL https://www.shutcm.edu.cn/_redirect?siteId=2&columnId=6641&articleId=147542/
2025-11-23 23:21:58,728 - INFO - Empty teacher folder: D:\project08\MCP_AI\data\schoolTeachers\81_上海中医药大学\中医药人工智能学院 for university 上海中医药大学 college 中医药人工智能学院 URL https://www.shutcm.edu.cn/_redirect?siteId=2&columnId=6641&articleId=167712/
2025-11-23 23:22:07,606 - INFO - Empty teacher folder: D:\project08\MCP_AI\data\schoolTeachers\81_上海中医药大学\科技人文研究院 for university 上海中医药大学 college 科技人文研究院 URL https://www.shutcm.edu.cn/_redirect?siteId=2&columnId=6641&articleId=147541/
2025-11-23 23:22:14,930 - INFO - Empty teacher folder: D:\project08\MCP_AI\data\schoolTeachers\81_上海中医药大学\交叉科学研究院 for university 上海中医药大学 college 交叉科学研究院 URL https://www.shutcm.edu.cn/_redirect?siteId=2&columnId=6641&articleId=147540/
2025-11-23 23:22:22,904 - INFO - Empty teacher folder: D:\project08\MCP_AI\data\schoolTeachers\81_上海中医药大学\创新中药研究院 for university 上海中医药大学 college 创新中药研究院 URL https://www.shutcm.edu.cn/_redirect?siteId=2&columnId=6641&articleId=147539/
2025-11-23 23:22:32,330 - INFO - Empty teacher folder: D:\project08\MCP_AI\data\schoolTeachers\81_上海中医药大学\体育部 for university 上海中医药大学 college 体育部 URL https://www.shutcm.edu.cn/_redirect?siteId=2&columnId=6641&articleId=147537/
2025-11-23 23:22:41,865 - INFO - Empty teacher folder: D:\project08\MCP_AI\data\schoolTeachers\81_上海中医药大学\外语教学中心 for university 上海中医药大学 college 外语教学中心 URL https://www.shutcm.edu.cn/_redirect?siteId=2&columnId=6641&articleId=147536/
2025-11-23 23:26:29,131 - INFO - Empty teacher folder: D:\project08\MCP_AI\data\schoolTeachers\82_上海外国语大学\法学院 for university 上海外国语大学 college 法学院 URL http://www.law.shisu.edu.cn/
2025-11-23 23:26:50,850 - INFO - Empty teacher folder: D:\project08\MCP_AI\data\schoolTeachers\82_上海外国语大学\网络教育 for university 上海外国语大学 college 网络教育 URL http://www.sde.shisu.edu.cn/
2025-11-23 23:44:38,824 - INFO - Empty teacher folder: D:\project08\MCP_AI\data\schoolTeachers\85_上海音乐学院\音乐学系 for university 上海音乐学院 college 音乐学系 URL https://www.shcmusic.edu.cn/1590/list.htm/
2025-11-23 23:44:45,744 - INFO - Empty teacher folder: D:\project08\MCP_AI\data\schoolTeachers\85_上海音乐学院\作曲指挥系 for university 上海音乐学院 college 作曲指挥系 URL https://www.shcmusic.edu.cn/1591/list.htm/
2025-11-23 23:44:53,925 - INFO - Empty teacher folder: D:\project08\MCP_AI\data\schoolTeachers\85_上海音乐学院\钢琴系 for university 上海音乐学院 college 钢琴系 URL https://www.shcmusic.edu.cn/1593/list.htm/
2025-11-23 23:45:05,295 - INFO - Empty teacher folder: D:\project08\MCP_AI\data\schoolTeachers\85_上海音乐学院\声乐歌剧系 for university 上海音乐学院 college 声乐歌剧系 URL https://www.shcmusic.edu.cn/1594/list.htm/
2025-11-23 23:45:11,056 - INFO - Empty teacher folder: D:\project08\MCP_AI\data\schoolTeachers\85_上海音乐学院\管弦系 for university 上海音乐学院 college 管弦系 URL https://www.shcmusic.edu.cn/1595/list.htm/
2025-11-23 23:45:19,766 - INFO - Empty teacher folder: D:\project08\MCP_AI\data\schoolTeachers\85_上海音乐学院\民族音乐系 for university 上海音乐学院 college 民族音乐系 URL https://www.shcmusic.edu.cn/1596/list.htm/
2025-11-23 23:45:27,420 - INFO - Empty teacher folder: D:\project08\MCP_AI\data\schoolTeachers\85_上海音乐学院\音乐教育系 for university 上海音乐学院 college 音乐教育系 URL https://www.shcmusic.edu.cn/1597/list.htm/
2025-11-23 23:45:36,675 - INFO - Empty teacher folder: D:\project08\MCP_AI\data\schoolTeachers\85_上海音乐学院\音乐戏剧系 for university 上海音乐学院 college 音乐戏剧系 URL https://www.shcmusic.edu.cn/1598/list.htm/
2025-11-23 23:45:44,527 - INFO - Empty teacher folder: D:\project08\MCP_AI\data\schoolTeachers\85_上海音乐学院\音乐工程系 for university 上海音乐学院 college 音乐工程系 URL https://www.shcmusic.edu.cn/1599/list.htm/
2025-11-23 23:45:53,290 - INFO - Empty teacher folder: D:\project08\MCP_AI\data\schoolTeachers\85_上海音乐学院\现代器乐与打击乐系 for university 上海音乐学院 college 现代器乐与打击乐系 URL https://www.shcmusic.edu.cn/1600/list.htm/
2025-11-23 23:46:20,781 - INFO - Empty teacher folder: D:\project08\MCP_AI\data\schoolTeachers\85_上海音乐学院\上海乐队学院 for university 上海音乐学院 college 上海乐队学院 URL https://soa.shsymphony.com/cn/index.aspx/
2025-11-23 23:48:06,095 - INFO - Empty teacher folder: D:\project08\MCP_AI\data\schoolTeachers\86_上海大学\继续教育学院 for university 上海大学 college 继续教育学院 URL https://cce.shu.edu.cn/
2025-11-23 23:48:51,208 - INFO - Empty teacher folder: D:\project08\MCP_AI\data\schoolTeachers\86_上海大学\翔英学院 for university 上海大学 college 翔英学院 URL https://xiangying.shu.edu.cn/
2025-11-23 23:49:01,098 - INFO - Empty teacher folder: D:\project08\MCP_AI\data\schoolTeachers\86_上海大学\新闻传播学院 for university 上海大学 college 新闻传播学院 URL https://sjc.shu.edu.cn/
2025-11-23 23:55:13,628 - INFO - Empty teacher folder: D:\project08\MCP_AI\data\schoolTeachers\87_苏州大学\第二临床医学院 for university 苏州大学 college 第二临床医学院 URL http://www.sdfey.com/
2025-11-23 23:55:20,855 - INFO - Empty teacher folder: D:\project08\MCP_AI\data\schoolTeachers\87_苏州大学\第三临床医学院 for university 苏州大学 college 第三临床医学院 URL http://www.czfph.com/
2025-11-23 23:55:35,575 - INFO - Empty teacher folder: D:\project08\MCP_AI\data\schoolTeachers\87_苏州大学\师范学院 for university 苏州大学 college 师范学院 URL http://sfxy.suda.edu.cn/
2025-11-23 23:55:42,477 - INFO - Empty teacher folder: D:\project08\MCP_AI\data\schoolTeachers\87_苏州大学\海外教育学院 for university 苏州大学 college 海外教育学院 URL http://oversea.suda.edu.cn/
2025-11-23 23:56:17,731 - INFO - Empty teacher folder: D:\project08\MCP_AI\data\schoolTeachers\87_苏州大学\继续教育学院 for university 苏州大学 college 继续教育学院 URL http://jxjy.suda.edu.cn/
2025-11-23 23:56:23,784 - INFO - Empty teacher folder: D:\project08\MCP_AI\data\schoolTeachers\87_苏州大学\紫卿书院 for university 苏州大学 college 紫卿书院 URL http://zqsy.suda.edu.cn/
2025-11-23 23:56:38,474 - INFO - Empty teacher folder: D:\project08\MCP_AI\data\schoolTeachers\87_苏州大学\老挝苏州大学 for university 苏州大学 college 老挝苏州大学 URL http://laowo.suda.edu.cn/
2025-11-24 00:29:06,768 - INFO - Empty teacher folder: D:\project08\MCP_AI\data\schoolTeachers\88_南京航空航天大学\牧星学院 for university 南京航空航天大学 college 牧星学院 URL https://mxxy.nuaa.edu.cn/
2025-11-24 00:29:12,838 - INFO - Empty teacher folder: D:\project08\MCP_AI\data\schoolTeachers\88_南京航空航天大学\继续教育（高等职业技术）学院 for university 南京航空航天大学 college 继续教育（高等职业技术）学院 URL http://jxjy.nuaa.edu.cn/
2025-11-24 00:29:44,453 - INFO - Empty teacher folder: D:\project08\MCP_AI\data\schoolTeachers\88_南京航空航天大学\国际教育学院 for university 南京航空航天大学 college 国际教育学院 URL https://cie.nuaa.edu.cn/
2025-11-24 00:30:19,882 - INFO - Empty teacher folder: D:\project08\MCP_AI\data\schoolTeachers\88_南京航空航天大学\金城学院 for university 南京航空航天大学 college 金城学院 URL http://nhjcxy.edu.cn/
2025-11-24 00:34:43,331 - INFO - Empty teacher folder: D:\project08\MCP_AI\data\schoolTeachers\88_南京航空航天大学\国家卓越工程师学院 for university 南京航空航天大学 college 国家卓越工程师学院 URL https://ngcee.nuaa.edu.cn/
2025-11-24 00:42:45,484 - INFO - Empty teacher folder: D:\project08\MCP_AI\data\schoolTeachers\89_南京理工大学\工程训练中心 for university 南京理工大学 college 工程训练中心 URL https://etc.njust.edu.cn/
2025-11-24 00:42:48,994 - INFO - Empty teacher folder: D:\project08\MCP_AI\data\schoolTeachers\89_南京理工大学\紫金学院 for university 南京理工大学 college 紫金学院 URL http://zj.njust.edu.cn/
2025-11-24 00:42:56,930 - INFO - Empty teacher folder: D:\project08\MCP_AI\data\schoolTeachers\89_南京理工大学\泰州科技学院 for university 南京理工大学 college 泰州科技学院 URL https://www.nustti.edu.cn/
2025-11-24 00:45:35,314 - INFO - Empty teacher folder: D:\project08\MCP_AI\data\schoolTeachers\89_南京理工大学\国际教育学院 for university 南京理工大学 college 国际教育学院 URL https://sie.njust.edu.cn/
2025-11-24 01:13:16,951 - INFO - Empty teacher folder: D:\project08\MCP_AI\data\schoolTeachers\90_中国矿业大学（徐州）\继续教育学院 for university 中国矿业大学（徐州） college 继续教育学院 URL http://sce.cumt.edu.cn/
2025-11-24 01:24:59,578 - INFO - Empty teacher folder: D:\project08\MCP_AI\data\schoolTeachers\90_中国矿业大学（徐州）\体育学院 for university 中国矿业大学（徐州） college 体育学院 URL http://sport.cumt.edu.cn/
2025-11-24 01:25:36,383 - INFO - Empty teacher folder: D:\project08\MCP_AI\data\schoolTeachers\91_中国矿业大学（北京）\继续教育学院 for university 中国矿业大学（北京） college 继续教育学院 URL http://jxjy.cumtb.edu.cn/
2025-11-24 01:28:08,181 - INFO - Empty teacher folder: D:\project08\MCP_AI\data\schoolTeachers\92_南京邮电大学\海外教育学院 for university 南京邮电大学 college 海外教育学院 URL http://overseas.njupt.edu.cn/
2025-11-24 01:28:29,362 - INFO - Empty teacher folder: D:\project08\MCP_AI\data\schoolTeachers\92_南京邮电大学\继续教育学院、自学考试办公室 for university 南京邮电大学 college 继续教育学院、自学考试办公室 URL http://jjy.njupt.edu.cn/
2025-11-24 01:28:42,300 - INFO - Empty teacher folder: D:\project08\MCP_AI\data\schoolTeachers\92_南京邮电大学\应用技术学院 for university 南京邮电大学 college 应用技术学院 URL http://yyjsxy.njupt.edu.cn/
2025-11-24 01:29:27,797 - INFO - Empty teacher folder: D:\project08\MCP_AI\data\schoolTeachers\92_南京邮电大学\工程实验教学部 for university 南京邮电大学 college 工程实验教学部 URL https://deei.njupt.edu.cn/
2025-11-24 01:29:33,936 - INFO - Empty teacher folder: D:\project08\MCP_AI\data\schoolTeachers\92_南京邮电大学\创新创业教育学院 for university 南京邮电大学 college 创新创业教育学院 URL http://cxcy.njupt.edu.cn/
2025-11-24 01:33:33,819 - INFO - Empty teacher folder: D:\project08\MCP_AI\data\schoolTeachers\93_河海大学\卓越工程师学院 for university 河海大学 college 卓越工程师学院 URL https://zygcsxy.hhu.edu.cn/
2025-11-24 01:33:58,869 - INFO - Empty teacher folder: D:\project08\MCP_AI\data\schoolTeachers\93_河海大学\外国语学院 for university 河海大学 college 外国语学院 URL http://wgyxy.hhu.edu.cn/
2025-11-24 01:34:33,390 - INFO - Empty teacher folder: D:\project08\MCP_AI\data\schoolTeachers\93_河海大学\体育系 for university 河海大学 college 体育系 URL http://tyx.hhu.edu.cn/
2025-11-24 01:35:09,213 - INFO - Empty teacher folder: D:\project08\MCP_AI\data\schoolTeachers\93_河海大学\河海里尔学院 for university 河海大学 college 河海里尔学院 URL https://hlc.hhu.edu.cn/
2025-11-24 01:39:10,822 - INFO - Empty teacher folder: D:\project08\MCP_AI\data\schoolTeachers\94_江南大学\卓越工程师学院 for university 江南大学 college 卓越工程师学院 URL https://giee.jiangnan.edu.cn/
2025-11-24 01:41:28,093 - INFO - Empty teacher folder: D:\project08\MCP_AI\data\schoolTeachers\95_南京林业大学\继续教育学院、应用技术学院 for university 南京林业大学 college 继续教育学院、应用技术学院 URL http://nljj.njfu.edu.cn/
2025-11-24 01:41:40,063 - INFO - Empty teacher folder: D:\project08\MCP_AI\data\schoolTeachers\95_南京林业大学\国际教育学院 for university 南京林业大学 college 国际教育学院 URL https://iec.njfu.edu.cn/
2025-11-24 01:55:54,836 - INFO - Empty teacher folder: D:\project08\MCP_AI\data\schoolTeachers\97_南京农业大学\外国语学院 for university 南京农业大学 college 外国语学院 URL http://foreign.njau.edu.cn/
2025-11-24 01:56:56,243 - INFO - Empty teacher folder: D:\project08\MCP_AI\data\schoolTeachers\97_南京农业大学\金融学院 for university 南京农业大学 college 金融学院 URL http://finance.njau.edu.cn/
2025-11-24 01:59:12,647 - INFO - Empty teacher folder: D:\project08\MCP_AI\data\schoolTeachers\97_南京农业大学\无锡渔业学院 for university 南京农业大学 college 无锡渔业学院 URL http://wxfc.ffrc.cn/
2025-11-24 01:59:36,054 - INFO - Empty teacher folder: D:\project08\MCP_AI\data\schoolTeachers\97_南京农业大学\前沿交叉研究院 for university 南京农业大学 college 前沿交叉研究院 URL http://aais.njau.edu.cn/
2025-11-24 02:04:32,281 - INFO - Empty teacher folder: D:\project08\MCP_AI\data\schoolTeachers\98_南京中医药大学\继续教育学院 for university 南京中医药大学 college 继续教育学院 URL https://cjy.njucm.edu.cn/
2025-11-24 02:04:46,080 - INFO - Empty teacher folder: D:\project08\MCP_AI\data\schoolTeachers\98_南京中医药大学\淡安书院 for university 南京中医药大学 college 淡安书院 URL http://dac.njucm.edu.cn/
2025-11-24 02:06:12,915 - INFO - Empty teacher folder: D:\project08\MCP_AI\data\schoolTeachers\98_南京中医药大学\护理学院 for university 南京中医药大学 college 护理学院 URL https://huli.njucm.edu.cn/
2025-11-24 02:06:29,415 - INFO - Empty teacher folder: D:\project08\MCP_AI\data\schoolTeachers\98_南京中医药大学\第一临床医学院 for university 南京中医药大学 college 第一临床医学院 URL https://ylc.njucm.edu.cn/
2025-11-24 02:06:38,477 - INFO - Empty teacher folder: D:\project08\MCP_AI\data\schoolTeachers\98_南京中医药大学\药学院 for university 南京中医药大学 college 药学院 URL https://yxy.njucm.edu.cn/
2025-11-24 02:11:29,140 - INFO - Empty teacher folder: D:\project08\MCP_AI\data\schoolTeachers\99_中国药科大学\继续教育学院 for university 中国药科大学 college 继续教育学院 URL https://jjy.cpu.edu.cn/
2025-11-24 02:13:37,503 - INFO - Empty teacher folder: D:\project08\MCP_AI\data\schoolTeachers\99_中国药科大学\马克思主义学院 for university 中国药科大学 college 马克思主义学院 URL http://marxism.cpu.edu.cn/
2025-11-24 02:14:02,763 - INFO - Empty teacher folder: D:\project08\MCP_AI\data\schoolTeachers\99_中国药科大学\体育部 for university 中国药科大学 college 体育部 URL http://tyb.cpu.edu.cn/
2025-11-24 02:14:44,150 - INFO - Empty teacher folder: D:\project08\MCP_AI\data\schoolTeachers\99_中国药科大学\孟目的学院 for university 中国药科大学 college 孟目的学院 URL http://mhc.cpu.edu.cn/
2025-11-24 02:15:00,606 - INFO - Empty teacher folder: D:\project08\MCP_AI\data\schoolTeachers\99_中国药科大学\中药学院 for university 中国药科大学 college 中药学院 URL http://zyxy.cpu.edu.cn/
2025-11-24 02:15:25,926 - INFO - Empty teacher folder: D:\project08\MCP_AI\data\schoolTeachers\99_中国药科大学\外国语学院 for university 中国药科大学 college 外国语学院 URL http://wywy.cpu.edu.cn/
2025-11-24 02:15:43,584 - INFO - Empty teacher folder: D:\project08\MCP_AI\data\schoolTeachers\99_中国药科大学\现代制药产业学院 for university 中国药科大学 college 现代制药产业学院 URL https://cyxy.cpu.edu.cn/
2025-11-24 02:24:54,040 - INFO - Empty teacher folder: D:\project08\MCP_AI\data\schoolTeachers\100_南京师范大学\环境学院 for university 南京师范大学 college 环境学院 URL http://env.njnu.edu.cn/
2025-11-24 02:25:35,282 - INFO - Empty teacher folder: D:\project08\MCP_AI\data\schoolTeachers\100_南京师范大学\美术学院 for university 南京师范大学 college 美术学院 URL http://msxy.njnu.edu.cn/
2025-11-24 02:30:55,940 - INFO - Empty teacher folder: D:\project08\MCP_AI\data\schoolTeachers\100_南京师范大学\强化培养学院 for university 南京师范大学 college 强化培养学院 URL http://honors.njnu.edu.cn/
2025-11-24 02:53:45,662 - INFO - Empty teacher folder: D:\project08\MCP_AI\data\schoolTeachers\101_中国美术学院\中国画学院 for university 中国美术学院 college 中国画学院 URL https://www.caa.edu.cn/xy/jxjg/zghxy.htm/
2025-11-24 02:53:53,492 - INFO - Empty teacher folder: D:\project08\MCP_AI\data\schoolTeachers\101_中国美术学院\书法学院 for university 中国美术学院 college 书法学院 URL https://www.caa.edu.cn/xy/jxjg/sfxy.htm/
2025-11-24 02:54:02,707 - INFO - Empty teacher folder: D:\project08\MCP_AI\data\schoolTeachers\101_中国美术学院\绘画艺术学院 for university 中国美术学院 college 绘画艺术学院 URL https://www.caa.edu.cn/xy/jxjg/hhysxy.htm/
2025-11-24 02:54:10,306 - INFO - Empty teacher folder: D:\project08\MCP_AI\data\schoolTeachers\101_中国美术学院\雕塑与公共艺术学院 for university 中国美术学院 college 雕塑与公共艺术学院 URL https://www.caa.edu.cn/xy/jxjg/dsyggysxy.htm/
2025-11-24 02:54:18,598 - INFO - Empty teacher folder: D:\project08\MCP_AI\data\schoolTeachers\101_中国美术学院\跨媒体艺术学院 for university 中国美术学院 college 跨媒体艺术学院 URL https://www.caa.edu.cn/xy/jxjg/kmtysxy.htm/
2025-11-24 02:54:26,069 - INFO - Empty teacher folder: D:\project08\MCP_AI\data\schoolTeachers\101_中国美术学院\视觉传播学院 for university 中国美术学院 college 视觉传播学院 URL https://www.caa.edu.cn/xy/jxjg/sjcbxy.htm/
2025-11-24 02:54:35,308 - INFO - Empty teacher folder: D:\project08\MCP_AI\data\schoolTeachers\101_中国美术学院\时尚设计学院 for university 中国美术学院 college 时尚设计学院 URL https://www.caa.edu.cn/xy/jxjg/sssjxy.htm/
2025-11-24 02:54:44,285 - INFO - Empty teacher folder: D:\project08\MCP_AI\data\schoolTeachers\101_中国美术学院\工业设计学院 for university 中国美术学院 college 工业设计学院 URL https://www.caa.edu.cn/xy/jxjg/gysjxy.htm/
2025-11-24 02:54:50,823 - INFO - Empty teacher folder: D:\project08\MCP_AI\data\schoolTeachers\101_中国美术学院\手工艺术学院 for university 中国美术学院 college 手工艺术学院 URL https://www.caa.edu.cn/xy/jxjg/sgysxy.htm/
2025-11-24 02:54:59,037 - INFO - Empty teacher folder: D:\project08\MCP_AI\data\schoolTeachers\101_中国美术学院\创新设计学院 for university 中国美术学院 college 创新设计学院 URL https://www.caa.edu.cn/xy/jxjg/cxsjxy.htm/
2025-11-24 02:55:07,855 - INFO - Empty teacher folder: D:\project08\MCP_AI\data\schoolTeachers\101_中国美术学院\建筑艺术学院 for university 中国美术学院 college 建筑艺术学院 URL https://www.caa.edu.cn/xy/jxjg/jzysxy.htm/
2025-11-24 02:55:15,666 - INFO - Empty teacher folder: D:\project08\MCP_AI\data\schoolTeachers\101_中国美术学院\艺术人文学院 for university 中国美术学院 college 艺术人文学院 URL https://www.caa.edu.cn/xy/jxjg/ysrwxy.htm/
2025-11-24 02:55:23,340 - INFO - Empty teacher folder: D:\project08\MCP_AI\data\schoolTeachers\101_中国美术学院\艺术管理与教育学院 for university 中国美术学院 college 艺术管理与教育学院 URL https://www.caa.edu.cn/xy/jxjg/ysglyjyxy.htm/
2025-11-24 02:55:31,722 - INFO - Empty teacher folder: D:\project08\MCP_AI\data\schoolTeachers\101_中国美术学院\电影学院 for university 中国美术学院 college 电影学院 URL https://www.caa.edu.cn/xy/jxjg/dyxy.htm/
2025-11-24 02:55:40,783 - INFO - Empty teacher folder: D:\project08\MCP_AI\data\schoolTeachers\101_中国美术学院\动画与游戏学院 for university 中国美术学院 college 动画与游戏学院 URL https://www.caa.edu.cn/xy/jxjg/dhyyxxy.htm/
2025-11-24 02:55:48,432 - INFO - Empty teacher folder: D:\project08\MCP_AI\data\schoolTeachers\101_中国美术学院\上海设计艺术分院 for university 中国美术学院 college 上海设计艺术分院 URL https://www.caa.edu.cn/xy/jxjg/shsjysfy.htm/
2025-11-24 02:55:56,305 - INFO - Empty teacher folder: D:\project08\MCP_AI\data\schoolTeachers\101_中国美术学院\国际教育学院 for university 中国美术学院 college 国际教育学院 URL https://www.caa.edu.cn/xy/jxjg/gjjyxy.htm/
2025-11-24 02:56:05,531 - INFO - Empty teacher folder: D:\project08\MCP_AI\data\schoolTeachers\101_中国美术学院\专业基础教学部 for university 中国美术学院 college 专业基础教学部 URL https://www.caa.edu.cn/xy/jxjg/zyjcjxb.htm/
2025-11-24 02:56:12,835 - INFO - Empty teacher folder: D:\project08\MCP_AI\data\schoolTeachers\101_中国美术学院\继续教育学院、社会美育学院 for university 中国美术学院 college 继续教育学院、社会美育学院 URL https://www.caa.edu.cn/xy/jxjg/jxjyxy_shmyxy.htm/
2025-11-24 02:56:21,200 - INFO - Empty teacher folder: D:\project08\MCP_AI\data\schoolTeachers\101_中国美术学院\南特设计联合学院 for university 中国美术学院 college 南特设计联合学院 URL https://www.caa.edu.cn/xy/jxjg/ntsjlhxy.htm/
2025-11-24 02:56:28,728 - INFO - Empty teacher folder: D:\project08\MCP_AI\data\schoolTeachers\101_中国美术学院\附中 for university 中国美术学院 college 附中 URL https://www.caa.edu.cn/xy/jxjg/fz.htm/
2025-11-24 02:56:36,834 - INFO - Empty teacher folder: D:\project08\MCP_AI\data\schoolTeachers\101_中国美术学院\马克思主义学院 for university 中国美术学院 college 马克思主义学院 URL https://www.caa.edu.cn/xy/jxjg/mkszyxy.htm/
2025-11-24 02:56:45,999 - INFO - Empty teacher folder: D:\project08\MCP_AI\data\schoolTeachers\101_中国美术学院\公共体育部 for university 中国美术学院 college 公共体育部 URL https://www.caa.edu.cn/xy/jxjg/ggtyb.htm/
2025-11-24 02:56:53,728 - INFO - Empty teacher folder: D:\project08\MCP_AI\data\schoolTeachers\101_中国美术学院\文创设计制造业协同创新中心 for university 中国美术学院 college 文创设计制造业协同创新中心 URL https://www.caa.edu.cn/xy/jxjg/wcsjzzyxtcxzx.htm/
2025-11-24 02:57:01,778 - INFO - Empty teacher folder: D:\project08\MCP_AI\data\schoolTeachers\101_中国美术学院\视觉中国协同创新中心 for university 中国美术学院 college 视觉中国协同创新中心 URL https://www.caa.edu.cn/xy/jxjg/sjzgxtcxzx.htm/
2025-11-24 02:57:10,220 - INFO - Empty teacher folder: D:\project08\MCP_AI\data\schoolTeachers\101_中国美术学院\实验教学管理部 for university 中国美术学院 college 实验教学管理部 URL https://www.caa.edu.cn/xy/jxjg/syjxglb.htm/
2025-11-24 03:03:09,991 - INFO - Empty teacher folder: D:\project08\MCP_AI\data\schoolTeachers\102_安徽大学\文典学院 for university 安徽大学 college 文典学院 URL http://wendian.ahu.edu.cn/
2025-11-24 03:03:22,692 - INFO - Empty teacher folder: D:\project08\MCP_AI\data\schoolTeachers\102_安徽大学\中法工程师学院 for university 安徽大学 college 中法工程师学院 URL http://eisf.ahu.edu.cn/
2025-11-24 03:03:44,590 - INFO - Empty teacher folder: D:\project08\MCP_AI\data\schoolTeachers\102_安徽大学\大学数学教学中心 for university 安徽大学 college 大学数学教学中心 URL https://dszx.ahu.edu.cn/main.htm/
2025-11-24 03:04:13,089 - INFO - Empty teacher folder: D:\project08\MCP_AI\data\schoolTeachers\102_安徽大学\继续教育学院 for university 安徽大学 college 继续教育学院 URL https://jxjy.ahu.edu.cn/
2025-11-24 03:16:19,758 - INFO - Empty teacher folder: D:\project08\MCP_AI\data\schoolTeachers\104_福州大学\环境与安全工程学院 for university 福州大学 college 环境与安全工程学院 URL https://www.fzu.edu.cn/system/resource/link.jsp?bmmc=es&type=w/
2025-11-24 03:16:27,351 - INFO - Empty teacher folder: D:\project08\MCP_AI\data\schoolTeachers\104_福州大学\化学学院 for university 福州大学 college 化学学院 URL https://www.fzu.edu.cn/system/resource/link.jsp?bmmc=chem&type=w/
2025-11-24 03:16:36,596 - INFO - Empty teacher folder: D:\project08\MCP_AI\data\schoolTeachers\104_福州大学\紫金地质与矿业学院 for university 福州大学 college 紫金地质与矿业学院 URL https://www.fzu.edu.cn/system/resource/link.jsp?bmmc=zjxy&type=w/
2025-11-24 03:16:43,822 - INFO - Empty teacher folder: D:\project08\MCP_AI\data\schoolTeachers\104_福州大学\材料科学与工程学院 for university 福州大学 college 材料科学与工程学院 URL https://www.fzu.edu.cn/system/resource/link.jsp?bmmc=cl&type=w/
2025-11-24 03:16:52,333 - INFO - Empty teacher folder: D:\project08\MCP_AI\data\schoolTeachers\104_福州大学\梅努斯国际工程学院 for university 福州大学 college 梅努斯国际工程学院 URL https://www.fzu.edu.cn/system/resource/link.jsp?bmmc=miec&type=w/
2025-11-24 03:17:04,785 - INFO - Empty teacher folder: D:\project08\MCP_AI\data\schoolTeachers\104_福州大学\继续教育学院 for university 福州大学 college 继续教育学院 URL https://cjy.fzu.edu.cn/
2025-11-24 03:17:49,808 - INFO - Empty teacher folder: D:\project08\MCP_AI\data\schoolTeachers\104_福州大学\体育教学研究部 for university 福州大学 college 体育教学研究部 URL https://sports.fzu.edu.cn/
2025-11-24 03:23:19,484 - INFO - Empty teacher folder: D:\project08\MCP_AI\data\schoolTeachers\105_南昌大学\玛丽女王学院 for university 南昌大学 college 玛丽女王学院 URL http://qmul.ncu.edu.cn/
2025-11-24 03:23:26,401 - INFO - Empty teacher folder: D:\project08\MCP_AI\data\schoolTeachers\105_南昌大学\第一临床医学院 for university 南昌大学 college 第一临床医学院 URL https://www.cdyfy.com/
2025-11-24 03:23:33,922 - INFO - Empty teacher folder: D:\project08\MCP_AI\data\schoolTeachers\105_南昌大学\第二临床医学院 for university 南昌大学 college 第二临床医学院 URL https://www.jxndefy.cn/
2025-11-24 03:24:01,661 - INFO - Empty teacher folder: D:\project08\MCP_AI\data\schoolTeachers\105_南昌大学\军事教研部（人民武装部） for university 南昌大学 college 军事教研部（人民武装部） URL https://rwb.ncu.edu.cn/
2025-11-24 03:24:24,813 - INFO - Empty teacher folder: D:\project08\MCP_AI\data\schoolTeachers\105_南昌大学\卓越工程师学院 for university 南昌大学 college 卓越工程师学院 URL https://ygb.ncu.edu.cn/
2025-11-24 03:27:53,573 - INFO - Empty teacher folder: D:\project08\MCP_AI\data\schoolTeachers\105_南昌大学\南昌大学江西医学院 for university 南昌大学 college 南昌大学江西医学院 URL https://jxmu.ncu.edu.cn/
2025-11-24 03:28:58,768 - INFO - Empty teacher folder: D:\project08\MCP_AI\data\schoolTeachers\105_南昌大学\焕奎书院 for university 南昌大学 college 焕奎书院 URL http://hka.ncu.edu.cn/
2025-11-24 03:30:30,296 - INFO - Empty teacher folder: D:\project08\MCP_AI\data\schoolTeachers\105_南昌大学\法学院 for university 南昌大学 college 法学院 URL http://law.ncu.edu.cn/
2025-11-24 03:37:01,863 - INFO - Empty teacher folder: D:\project08\MCP_AI\data\schoolTeachers\106_河南大学\纪检监察学院 for university 河南大学 college 纪检监察学院 URL http://jjjcxy.henu.edu.cn/
2025-11-24 03:38:19,310 - INFO - Empty teacher folder: D:\project08\MCP_AI\data\schoolTeachers\106_河南大学\软件学院 for university 河南大学 college 软件学院 URL https://software.henu.edu.cn/
2025-11-24 03:45:15,326 - INFO - Empty teacher folder: D:\project08\MCP_AI\data\schoolTeachers\107_中国地质大学（武汉）\国际教育学院 for university 中国地质大学（武汉） college 国际教育学院 URL http://iec.cug.edu.cn/
2025-11-24 03:45:25,958 - INFO - Empty teacher folder: D:\project08\MCP_AI\data\schoolTeachers\107_中国地质大学（武汉）\李四光学院 for university 中国地质大学（武汉） college 李四光学院 URL http://lsgxy.cug.edu.cn/
2025-11-24 03:45:34,558 - INFO - Empty teacher folder: D:\project08\MCP_AI\data\schoolTeachers\107_中国地质大学（武汉）\安哈尔特智能工程与可持续发展学院 for university 中国地质大学（武汉） college 安哈尔特智能工程与可持续发展学院 URL https://cug-anhalt.cug.edu.cn/
2025-11-24 03:59:11,741 - INFO - Empty teacher folder: D:\project08\MCP_AI\data\schoolTeachers\111_华中师范大学\中国近代史研究所 for university 华中师范大学 college 中国近代史研究所 URL http://zgjds.ccnu.edu.cn/
2025-11-24 04:13:21,469 - INFO - Empty teacher folder: D:\project08\MCP_AI\data\schoolTeachers\113_湖南师范大学\继续教育学院 for university 湖南师范大学 college 继续教育学院 URL http://jxjyxy.hunnu.edu.cn/
2025-11-24 04:24:47,417 - INFO - Empty teacher folder: D:\project08\MCP_AI\data\schoolTeachers\114_暨南大学\口腔医学院 for university 暨南大学 college 口腔医学院 URL http://kqyxy.jnu.edu.cn/
2025-11-24 04:26:19,011 - INFO - Empty teacher folder: D:\project08\MCP_AI\data\schoolTeachers\114_暨南大学\日本学院 for university 暨南大学 college 日本学院 URL https://jnu.jp/
2025-11-24 04:33:40,877 - INFO - Empty teacher folder: D:\project08\MCP_AI\data\schoolTeachers\115_广州中医药大学\第一临床医学院 for university 广州中医药大学 college 第一临床医学院 URL https://dylc.gzucm.edu.cn/
2025-11-24 04:34:40,938 - INFO - Empty teacher folder: D:\project08\MCP_AI\data\schoolTeachers\115_广州中医药大学\继续教育学院（广东省中医药职业学院） for university 广州中医药大学 college 继续教育学院（广东省中医药职业学院） URL https://jxjyxy.gzucm.edu.cn/
2025-11-24 04:34:48,873 - INFO - Empty teacher folder: D:\project08\MCP_AI\data\schoolTeachers\115_广州中医药大学\体育健康学院 for university 广州中医药大学 college 体育健康学院 URL https://tyjk.gzucm.edu.cn/
2025-11-24 04:35:22,617 - INFO - Empty teacher folder: D:\project08\MCP_AI\data\schoolTeachers\115_广州中医药大学\深圳特色学院 for university 广州中医药大学 college 深圳特色学院 URL https://gri.gzucm.edu.cn/
2025-11-24 04:36:39,681 - INFO - Empty teacher folder: D:\project08\MCP_AI\data\schoolTeachers\115_广州中医药大学\深圳临床医学院 for university 广州中医药大学 college 深圳临床医学院 URL https://szlcyxy.gzucm.edu.cn/
2025-11-24 04:38:25,639 - INFO - Empty teacher folder: D:\project08\MCP_AI\data\schoolTeachers\115_广州中医药大学\第四临床医学院 for university 广州中医药大学 college 第四临床医学院 URL https://dslcyxy.gzucm.edu.cn/
2025-11-24 04:38:56,535 - INFO - Empty teacher folder: D:\project08\MCP_AI\data\schoolTeachers\115_广州中医药大学\第二临床医学院 for university 广州中医药大学 college 第二临床医学院 URL https://delc.gzucm.edu.cn/
2025-11-24 04:39:36,036 - INFO - Empty teacher folder: D:\project08\MCP_AI\data\schoolTeachers\115_广州中医药大学\医学信息工程学院 for university 广州中医药大学 college 医学信息工程学院 URL https://ygxy.gzucm.edu.cn/
2025-11-24 04:39:59,877 - INFO - Empty teacher folder: D:\project08\MCP_AI\data\schoolTeachers\115_广州中医药大学\国学院 for university 广州中医药大学 college 国学院 URL https://guoxue.gzucm.edu.cn/
2025-11-24 04:43:21,916 - INFO - Empty teacher folder: D:\project08\MCP_AI\data\schoolTeachers\116_华南师范大学\汕尾校区公共课教学部 for university 华南师范大学 college 汕尾校区公共课教学部 URL https://swc.scnu.edu.cn/
2025-11-24 04:47:50,379 - INFO - Empty teacher folder: D:\project08\MCP_AI\data\schoolTeachers\117_海南大学\椰风书院 for university 海南大学 college 椰风书院 URL http://yfc.hainanu.edu.cn/
2025-11-24 04:48:47,969 - INFO - Empty teacher folder: D:\project08\MCP_AI\data\schoolTeachers\117_海南大学\中和书院 for university 海南大学 college 中和书院 URL http://zhc.hainanu.edu.cn/
2025-11-24 04:49:00,053 - INFO - Empty teacher folder: D:\project08\MCP_AI\data\schoolTeachers\117_海南大学\晨曦书院 for university 海南大学 college 晨曦书院 URL http://cxc.hainanu.edu.cn/
2025-11-24 04:49:43,111 - INFO - Empty teacher folder: D:\project08\MCP_AI\data\schoolTeachers\117_海南大学\乘风书院 for university 海南大学 college 乘风书院 URL http://cfc.hainanu.edu.cn/
2025-11-24 04:50:10,932 - INFO - Empty teacher folder: D:\project08\MCP_AI\data\schoolTeachers\117_海南大学\天工书院 for university 海南大学 college 天工书院 URL http://tgc.hainanu.edu.cn/
2025-11-24 04:51:54,616 - INFO - Empty teacher folder: D:\project08\MCP_AI\data\schoolTeachers\117_海南大学\檀雅书院 for university 海南大学 college 檀雅书院 URL http://tyc.hainanu.edu.cn/
2025-11-24 04:53:07,588 - INFO - Empty teacher folder: D:\project08\MCP_AI\data\schoolTeachers\117_海南大学\丹心书院 for university 海南大学 college 丹心书院 URL http://dxc.hainanu.edu.cn/
2025-11-24 04:53:50,859 - INFO - Empty teacher folder: D:\project08\MCP_AI\data\schoolTeachers\117_海南大学\今朝书院 for university 海南大学 college 今朝书院 URL http://jzc.hainanu.edu.cn/
2025-11-24 05:10:13,591 - INFO - Empty teacher folder: D:\project08\MCP_AI\data\schoolTeachers\118_广西大学\土木建筑工程学院 for university 广西大学 college 土木建筑工程学院 URL https://tmjz.gxu.edu.cn/
2025-11-24 05:12:47,790 - INFO - Empty teacher folder: D:\project08\MCP_AI\data\schoolTeachers\119_西南交通大学\继续教育学院 for university 西南交通大学 college 继续教育学院 URL https://sce.swjtu.edu.cn/
2025-11-24 05:14:03,659 - INFO - Empty teacher folder: D:\project08\MCP_AI\data\schoolTeachers\120_西南石油大学\继续教育学院 for university 西南石油大学 college 继续教育学院 URL http://www.swpu.edu.cn/c_jy/
2025-11-24 05:24:49,248 - INFO - Empty teacher folder: D:\project08\MCP_AI\data\schoolTeachers\122_四川农业大学\艺术与传媒学院 for university 四川农业大学 college 艺术与传媒学院 URL https://yscm.sicau.edu.cn/
2025-11-24 05:26:58,358 - INFO - Empty teacher folder: D:\project08\MCP_AI\data\schoolTeachers\123_成都中医药大学\马克思主义学院 for university 成都中医药大学 college 马克思主义学院 URL https://zyd.cdutcm.edu.cn/mkszyxyrwskxy/
2025-11-24 05:28:11,740 - INFO - Empty teacher folder: D:\project08\MCP_AI\data\schoolTeachers\123_成都中医药大学\现代中药产业学院 for university 成都中医药大学 college 现代中药产业学院 URL https://www.cdutcm.edu.cn/xdzycyxy/
2025-11-24 05:28:49,581 - INFO - Empty teacher folder: D:\project08\MCP_AI\data\schoolTeachers\124_西南大学\中希文明互鉴中心 for university 西南大学 college 中希文明互鉴中心 URL https://chinesekelkip.swu.edu.cn/
2025-11-24 05:31:24,741 - INFO - Empty teacher folder: D:\project08\MCP_AI\data\schoolTeachers\125_西南财经大学\出国留学预备学院 for university 西南财经大学 college 出国留学预备学院 URL https://liuxue.swufe.edu.cn/
2025-11-24 05:34:50,022 - INFO - Empty teacher folder: D:\project08\MCP_AI\data\schoolTeachers\126_贵州大学\继续教育学院 for university 贵州大学 college 继续教育学院 URL http://cce.gzu.edu.cn/
2025-11-24 05:35:11,986 - INFO - Empty teacher folder: D:\project08\MCP_AI\data\schoolTeachers\126_贵州大学\美术学院 for university 贵州大学 college 美术学院 URL http://cfa.gzu.edu.cn/
2025-11-24 05:36:55,805 - INFO - Empty teacher folder: D:\project08\MCP_AI\data\schoolTeachers\126_贵州大学\医学院 for university 贵州大学 college 医学院 URL http://med.gzu.edu.cn/
2025-11-24 05:37:36,379 - INFO - Empty teacher folder: D:\project08\MCP_AI\data\schoolTeachers\126_贵州大学\国际教育学院 for university 贵州大学 college 国际教育学院 URL http://cie.gzu.edu.cn/
2025-11-24 05:41:08,390 - INFO - Empty teacher folder: D:\project08\MCP_AI\data\schoolTeachers\127_西藏大学\医学院 for university 西藏大学 college 医学院 URL https://yxy.utibet.edu.cn/
2025-11-24 05:41:24,212 - INFO - Empty teacher folder: D:\project08\MCP_AI\data\schoolTeachers\127_西藏大学\马克思主义学院 for university 西藏大学 college 马克思主义学院 URL https://szb.utibet.edu.cn/
2025-11-24 05:43:43,314 - INFO - Empty teacher folder: D:\project08\MCP_AI\data\schoolTeachers\128_西北大学\继续教育学院 for university 西北大学 college 继续教育学院 URL http://zjxy.nwu.edu.cn/
2025-11-24 05:46:55,257 - INFO - Empty teacher folder: D:\project08\MCP_AI\data\schoolTeachers\129_西安电子科技大学\空天地一体化综合业务网全国重点实验室 for university 西安电子科技大学 college 空天地一体化综合业务网全国重点实验室 URL https://isn.xidian.edu.cn/
2025-11-24 05:47:28,399 - INFO - Empty teacher folder: D:\project08\MCP_AI\data\schoolTeachers\129_西安电子科技大学\信息感知技术协同创新中心 for university 西安电子科技大学 college 信息感知技术协同创新中心 URL http://leixieyuan.xidian.edu.cn/
2025-11-24 05:48:52,401 - INFO - Empty teacher folder: D:\project08\MCP_AI\data\schoolTeachers\129_西安电子科技大学\网络与信息安全学院 for university 西安电子科技大学 college 网络与信息安全学院 URL http://ce.xidian.edu.cn/
2025-11-24 05:53:28,743 - INFO - Empty teacher folder: D:\project08\MCP_AI\data\schoolTeachers\130_长安大学\信息工程学院 for university 长安大学 college 信息工程学院 URL https://it.chd.edu.cn/
2025-11-24 05:57:27,131 - INFO - Empty teacher folder: D:\project08\MCP_AI\data\schoolTeachers\130_长安大学\国际教育学院、国际学生工作处 for university 长安大学 college 国际教育学院、国际学生工作处 URL https://ies.chd.edu.cn/
2025-11-24 05:59:38,791 - INFO - Empty teacher folder: D:\project08\MCP_AI\data\schoolTeachers\131_陕西师范大学\教师干部培训学院 for university 陕西师范大学 college 教师干部培训学院 URL http://xbsp.snnu.edu.cn/
2025-11-24 06:01:04,174 - INFO - Empty teacher folder: D:\project08\MCP_AI\data\schoolTeachers\131_陕西师范大学\区域国别研究院 for university 陕西师范大学 college 区域国别研究院 URL https://qygb.snnu.edu.cn/
2025-11-24 06:05:53,873 - INFO - Empty teacher folder: D:\project08\MCP_AI\data\schoolTeachers\132_青海大学\财经学院 for university 青海大学 college 财经学院 URL http://cjxy.qhu.edu.cn/
2025-11-24 06:06:28,120 - INFO - Empty teacher folder: D:\project08\MCP_AI\data\schoolTeachers\132_青海大学\体育部 for university 青海大学 college 体育部 URL http://tyb.qhu.edu.cn/
2025-11-24 06:08:19,461 - INFO - Empty teacher folder: D:\project08\MCP_AI\data\schoolTeachers\132_青海大学\数理学院 for university 青海大学 college 数理学院 URL https://slxy.qhu.edu.cn/
2025-11-24 06:10:01,794 - INFO - Empty teacher folder: D:\project08\MCP_AI\data\schoolTeachers\132_青海大学\化工学院 for university 青海大学 college 化工学院 URL http://hgxy.qhu.edu.cn/
2025-11-24 06:10:28,743 - INFO - Empty teacher folder: D:\project08\MCP_AI\data\schoolTeachers\132_青海大学\医学院 for university 青海大学 college 医学院 URL http://yxy.qhu.edu.cn/
2025-11-24 06:13:35,465 - INFO - Empty teacher folder: D:\project08\MCP_AI\data\schoolTeachers\133_宁夏大学\国际教育学院 for university 宁夏大学 college 国际教育学院 URL http://hzjl.nxu.edu.cn/
2025-11-24 06:14:16,919 - INFO - Empty teacher folder: D:\project08\MCP_AI\data\schoolTeachers\133_宁夏大学\继续教育学院 for university 宁夏大学 college 继续教育学院 URL https://cjxy.nxu.edu.cn/
2025-11-24 06:17:22,226 - INFO - Empty teacher folder: D:\project08\MCP_AI\data\schoolTeachers\133_宁夏大学\前沿交叉学院 for university 宁夏大学 college 前沿交叉学院 URL https://qyjcxy.nxu.edu.cn/
2025-11-24 06:18:32,705 - INFO - Empty teacher folder: D:\project08\MCP_AI\data\schoolTeachers\133_宁夏大学\新华学院 for university 宁夏大学 college 新华学院 URL https://www.nxxhxy.com/
2025-11-24 06:20:35,945 - INFO - Empty teacher folder: D:\project08\MCP_AI\data\schoolTeachers\134_石河子大学\孔子学院 for university 石河子大学 college 孔子学院 URL https://ci.cn/site/1231003000/jj/
2025-11-24 06:20:58,130 - INFO - Empty teacher folder: D:\project08\MCP_AI\data\schoolTeachers\134_石河子大学\继续教育学院 for university 石河子大学 college 继续教育学院 URL http://sce.shzu.edu.cn/
2025-11-24 06:21:23,919 - INFO - Empty teacher folder: D:\project08\MCP_AI\data\schoolTeachers\134_石河子大学\法学院 for university 石河子大学 college 法学院 URL http://zfxy.shzu.edu.cn/
2025-11-24 06:22:18,362 - INFO - Empty teacher folder: D:\project08\MCP_AI\data\schoolTeachers\134_石河子大学\外国语学院 for university 石河子大学 college 外国语学院 URL http://wyxy.shzu.edu.cn/
2025-11-24 06:30:25,952 - INFO - Empty teacher folder: D:\project08\MCP_AI\data\schoolTeachers\135_中国石油大学(北京)\工程力学系 for university 中国石油大学(北京) college 工程力学系 URL https://www.cup.edu.cn/
2025-11-24 06:30:32,841 - INFO - Empty teacher folder: D:\project08\MCP_AI\data\schoolTeachers\135_中国石油大学(北京)\化学工艺系 for university 中国石油大学(北京) college 化学工艺系 URL https://www.cup.edu.cn/chem/xygk/jgsz/hxgyx2/index.htm/
2025-11-24 06:30:41,025 - INFO - Empty teacher folder: D:\project08\MCP_AI\data\schoolTeachers\135_中国石油大学(北京)\化学工程系 for university 中国石油大学(北京) college 化学工程系 URL https://www.cup.edu.cn/chem/xygk/jgsz/hxgcx2/index.htm/
2025-11-24 06:30:50,074 - INFO - Empty teacher folder: D:\project08\MCP_AI\data\schoolTeachers\135_中国石油大学(北京)\环境科学与工程系 for university 中国石油大学(北京) college 环境科学与工程系 URL https://www.cup.edu.cn/chem/xygk/jgsz/hjkxygcx2/index.htm/
2025-11-24 06:30:58,346 - INFO - Empty teacher folder: D:\project08\MCP_AI\data\schoolTeachers\135_中国石油大学(北京)\能源与催化工程系 for university 中国石油大学(北京) college 能源与催化工程系 URL https://www.cup.edu.cn/chem/xygk/jgsz/nyychgcx2/index.htm/
2025-11-24 06:31:05,252 - INFO - Empty teacher folder: D:\project08\MCP_AI\data\schoolTeachers\135_中国石油大学(北京)\机电工程系 for university 中国石油大学(北京) college 机电工程系 URL https://www.cup.edu.cn/mte/xygk/xszx/8dc4d4a80c9f4758a70a6f7c9bec40a4.htm/
2025-11-24 06:31:24,918 - INFO - Empty teacher folder: D:\project08\MCP_AI\data\schoolTeachers\135_中国石油大学(北京)\物探系 for university 中国石油大学(北京) college 物探系 URL https://www.cup.edu.cn/geophysics/xygk/jgsz/wtx/index.htm/
2025-11-24 06:31:30,767 - INFO - Empty teacher folder: D:\project08\MCP_AI\data\schoolTeachers\135_中国石油大学(北京)\计算机科学与技术系 for university 中国石油大学(北京) college 计算机科学与技术系 URL https://www.cup.edu.cn/cupai/xygk/jgsz/jsjx/index.htm/
2025-11-24 06:31:39,542 - INFO - Empty teacher folder: D:\project08\MCP_AI\data\schoolTeachers\135_中国石油大学(北京)\材料科学与工程系 for university 中国石油大学(北京) college 材料科学与工程系 URL https://www.cup.edu.cn/cnem/gzzd/f11702fa5adc4ad48a4e49ec2288aa4b.htm/
2025-11-24 06:31:48,610 - INFO - Empty teacher folder: D:\project08\MCP_AI\data\schoolTeachers\135_中国石油大学(北京)\智能科学与技术系 for university 中国石油大学(北京) college 智能科学与技术系 URL https://www.cup.edu.cn/cupai/xygk/jgsz/rjgcx/index.htm/
2025-11-24 06:31:55,071 - INFO - Empty teacher folder: D:\project08\MCP_AI\data\schoolTeachers\135_中国石油大学(北京)\电子信息工程系 for university 中国石油大学(北京) college 电子信息工程系 URL https://www.cup.edu.cn/cupai/xygk/jgsz/dzxxgcx/index.htm/
2025-11-24 06:32:04,857 - INFO - Empty teacher folder: D:\project08\MCP_AI\data\schoolTeachers\135_中国石油大学(北京)\物理系 for university 中国石油大学(北京) college 物理系 URL https://www.cup.edu.cn/science/szdw/wlx1/index.htm/
2025-11-24 06:32:21,400 - INFO - Empty teacher folder: D:\project08\MCP_AI\data\schoolTeachers\135_中国石油大学(北京)\公共教学中心 for university 中国石油大学(北京) college 公共教学中心 URL https://www.cup.edu.cn/cupai/xygk/jgsz/jxsyzx/index.htm/
2025-11-24 06:32:37,638 - INFO - Empty teacher folder: D:\project08\MCP_AI\data\schoolTeachers\135_中国石油大学(北京)\公共英语教学部 for university 中国石油大学(北京) college 公共英语教学部 URL https://www.cup.edu.cn/dfl/xygk/jgsz/jxxb/fa6f1d983d644ba3a6078c84e4a20f40.htm/
2025-11-24 06:32:46,638 - INFO - Empty teacher folder: D:\project08\MCP_AI\data\schoolTeachers\135_中国石油大学(北京)\亚欧语教学部 for university 中国石油大学(北京) college 亚欧语教学部 URL https://www.cup.edu.cn/dfl/xygk/jgsz/jxxb/92edff847e2a436991d2e09f6b661a43.htm/
2025-11-24 06:33:02,068 - INFO - Empty teacher folder: D:\project08\MCP_AI\data\schoolTeachers\135_中国石油大学(北京)\中国国际能源舆情研究中心 for university 中国石油大学(北京) college 中国国际能源舆情研究中心 URL https://www.cup.edu.cn/dfl/xygk/jgsz/yjzx/1c9381e34e814440ac1187b841b6c619.htm/
2025-11-24 06:33:09,943 - INFO - Empty teacher folder: D:\project08\MCP_AI\data\schoolTeachers\135_中国石油大学(北京)\MTI教育中心 for university 中国石油大学(北京) college MTI教育中心 URL https://www.cup.edu.cn/dfl/xygk/jgsz/yjzx/026a1b1859c34b548bb0f5e65a2ba43a.htm/
2025-11-24 06:34:16,395 - INFO - Empty teacher folder: D:\project08\MCP_AI\data\schoolTeachers\135_中国石油大学(北京)\应用化学系 for university 中国石油大学(北京) college 应用化学系 URL https://career.cup.edu.cn/faculty/view/id/113002/
2025-11-24 06:34:40,493 - INFO - Empty teacher folder: D:\project08\MCP_AI\data\schoolTeachers\135_中国石油大学(北京)\油气资源与工程全国重点实验室 for university 中国石油大学(北京) college 油气资源与工程全国重点实验室 URL http://www.cup.edu.cn/prplab/
2025-11-24 06:44:05,556 - INFO - Empty teacher folder: D:\project08\MCP_AI\data\schoolTeachers\136_中国石油大学(华东)\荟萃学院 for university 中国石油大学(华东) college 荟萃学院 URL https://huicui.upc.edu.cn/
2025-11-24 06:44:31,870 - INFO - Empty teacher folder: D:\project08\MCP_AI\data\schoolTeachers\136_中国石油大学(华东)\海洋物探及勘探开发装备国家工程研究中心 for university 中国石油大学(华东) college 海洋物探及勘探开发装备国家工程研究中心 URL https://nercmgede.upc.edu.cn/
2025-11-24 06:47:45,108 - INFO - Empty teacher folder: D:\project08\MCP_AI\data\schoolTeachers\136_中国石油大学(华东)\高端化工与能源材料研究中心 for university 中国石油大学(华东) college 高端化工与能源材料研究中心 URL https://aec.upc.edu.cn/
2025-11-24 06:51:08,568 - INFO - Empty teacher folder: D:\project08\MCP_AI\data\schoolTeachers\137_宁波大学\国际交流学院 for university 宁波大学 college 国际交流学院 URL http://icnbu.nbu.edu.cn/
2025-11-24 07:19:58,298 - INFO - Empty teacher folder: D:\project08\MCP_AI\data\schoolTeachers\138_中国科学院大学\基础教育研究院 for university 中国科学院大学 college 基础教育研究院 URL https://www.ucas.ac.cn/jcjyyjyjj/d0282eb99f8545b39b3b1f4b9c1cccd3.htm/
2025-11-24 07:20:14,397 - INFO - Empty teacher folder: D:\project08\MCP_AI\data\schoolTeachers\138_中国科学院大学\中国科学院大学昆明生命科学学院 for university 中国科学院大学 college 中国科学院大学昆明生命科学学院 URL https://www.ucas.ac.cn/zzjg/yxzx/jxkydw/75093bce51604740891e69932d70a882.htm/
2025-11-24 07:21:08,819 - INFO - Empty teacher folder: D:\project08\MCP_AI\data\schoolTeachers\138_中国科学院大学\中国科学院大学广州学院 for university 中国科学院大学 college 中国科学院大学广州学院 URL https://gzb.cas.cn/
2025-11-24 07:21:20,499 - INFO - Empty teacher folder: D:\project08\MCP_AI\data\schoolTeachers\138_中国科学院大学\中国科学院大学成都学院 for university 中国科学院大学 college 中国科学院大学成都学院 URL https://cqucas.ac.cn/
2025-11-24 07:21:46,308 - INFO - Empty teacher folder: D:\project08\MCP_AI\data\schoolTeachers\138_中国科学院大学\中国科学院系统生物学重点实验室 for university 中国科学院大学 college 中国科学院系统生物学重点实验室 URL https://sysbio.sibcb.ac.cn/sysbio/index.html/
2025-11-24 07:21:54,809 - INFO - Empty teacher folder: D:\project08\MCP_AI\data\schoolTeachers\138_中国科学院大学\成都计算机应用研究所 for university 中国科学院大学 college 成都计算机应用研究所 URL http://www.casit.ac.cn/
2025-11-24 07:24:58,704 - INFO - Empty teacher folder: D:\project08\MCP_AI\data\schoolTeachers\138_中国科学院大学\沈阳计算技术研究所 for university 中国科学院大学 college 沈阳计算技术研究所 URL http://yjs.sict.ac.cn/
2025-11-24 07:25:38,425 - INFO - Empty teacher folder: D:\project08\MCP_AI\data\schoolTeachers\138_中国科学院大学\渗流流体力学研究所 for university 中国科学院大学 college 渗流流体力学研究所 URL http://riped.cnpc.com.cn/shenliuedu/
2025-11-24 07:28:10,856 - INFO - Empty teacher folder: D:\project08\MCP_AI\data\schoolTeachers\138_中国科学院大学\体育部 for university 中国科学院大学 college 体育部 URL https://sports.ucas.ac.cn/
2025-11-24 07:43:25,494 - INFO - Empty teacher folder: D:\project08\MCP_AI\data\schoolTeachers\138_中国科学院大学\信息工程研究所 for university 中国科学院大学 college 信息工程研究所 URL http://www.iie.cas.cn/
2025-11-24 07:52:25,563 - INFO - Empty teacher folder: D:\project08\MCP_AI\data\schoolTeachers\138_中国科学院大学\应急管理科学与工程学院 for university 中国科学院大学 college 应急管理科学与工程学院 URL https://emse.ucas.ac.cn/index.php/zh/
2025-11-24 07:58:09,313 - INFO - Empty teacher folder: D:\project08\MCP_AI\data\schoolTeachers\138_中国科学院大学\基础教育研究院 for university 中国科学院大学 college 基础教育研究院 URL https://www.ucas.edu.cn/publish/zgkxydx/jcjyyjyjj/d0282eb99f8545b39b3b1f4b9c1cccd3.htm/
2025-11-24 08:09:24,491 - INFO - Empty teacher folder: D:\project08\MCP_AI\data\schoolTeachers\138_中国科学院大学\生态环境研究中心 for university 中国科学院大学 college 生态环境研究中心 URL http://www.rcees.cas.cn/
2025-11-24 08:36:03,443 - INFO - Empty teacher folder: D:\project08\MCP_AI\data\schoolTeachers\141_山西大学\初民学院 for university 山西大学 college 初民学院 URL http://cmxy.sxu.edu.cn/
2025-11-24 08:42:25,299 - INFO - Empty teacher folder: D:\project08\MCP_AI\data\schoolTeachers\141_山西大学\物理电子工程学院 for university 山西大学 college 物理电子工程学院 URL http://wdxy.sxu.edu.cn/
2025-11-24 08:47:09,725 - INFO - Empty teacher folder: D:\project08\MCP_AI\data\schoolTeachers\142_南京医科大学\护理学院 for university 南京医科大学 college 护理学院 URL http://hlxy.njmu.edu.cn/
2025-11-24 08:47:25,008 - INFO - Empty teacher folder: D:\project08\MCP_AI\data\schoolTeachers\142_南京医科大学\外国语学院 for university 南京医科大学 college 外国语学院 URL http://wgy.njmu.edu.cn/
2025-11-24 08:48:00,559 - INFO - Empty teacher folder: D:\project08\MCP_AI\data\schoolTeachers\142_南京医科大学\儿科学院 for university 南京医科大学 college 儿科学院 URL http://ekxy.njmu.edu.cn/
2025-11-24 08:48:08,232 - INFO - Empty teacher folder: D:\project08\MCP_AI\data\schoolTeachers\142_南京医科大学\天元书院 for university 南京医科大学 college 天元书院 URL http://tysy.njmu.edu.cn/
2025-11-24 08:48:24,445 - INFO - Empty teacher folder: D:\project08\MCP_AI\data\schoolTeachers\142_南京医科大学\国际教育学院 for university 南京医科大学 college 国际教育学院 URL http://sie.njmu.edu.cn/
2025-11-24 08:48:36,997 - INFO - Empty teacher folder: D:\project08\MCP_AI\data\schoolTeachers\142_南京医科大学\继续教育学院、全科医学院 for university 南京医科大学 college 继续教育学院、全科医学院 URL http://sce.njmu.edu.cn/
2025-11-24 08:50:01,432 - INFO - Empty teacher folder: D:\project08\MCP_AI\data\schoolTeachers\142_南京医科大学\姑苏学院 for university 南京医科大学 college 姑苏学院 URL http://gsxy.njmu.edu.cn/
2025-11-24 08:50:37,635 - INFO - Empty teacher folder: D:\project08\MCP_AI\data\schoolTeachers\142_南京医科大学\常州医学中心 for university 南京医科大学 college 常州医学中心 URL https://www.czey.com/zh/
2025-11-24 08:52:10,647 - INFO - Empty teacher folder: D:\project08\MCP_AI\data\schoolTeachers\143_湘潭大学\继续教育学院 for university 湘潭大学 college 继续教育学院 URL http://jxjyxy.xtu.edu.cn/
2025-11-24 08:59:57,789 - INFO - Empty teacher folder: D:\project08\MCP_AI\data\schoolTeachers\144_华南农业大学\体育教学研究部 for university 华南农业大学 college 体育教学研究部 URL https://tyb.scau.edu.cn/
2025-11-24 09:00:14,520 - INFO - Empty teacher folder: D:\project08\MCP_AI\data\schoolTeachers\144_华南农业大学\继续教育学院 for university 华南农业大学 college 继续教育学院 URL https://jxjy.scau.edu.cn/
2025-11-24 09:00:26,313 - INFO - Empty teacher folder: D:\project08\MCP_AI\data\schoolTeachers\144_华南农业大学\国际教育学院 for university 华南农业大学 college 国际教育学院 URL https://cie.scau.edu.cn/
2025-11-24 09:06:59,048 - INFO - Empty teacher folder: D:\project08\MCP_AI\data\schoolTeachers\145_广州医科大学\第一临床学院 for university 广州医科大学 college 第一临床学院 URL http://www.gyfyy.com/
2025-11-24 09:07:18,445 - INFO - Empty teacher folder: D:\project08\MCP_AI\data\schoolTeachers\145_广州医科大学\第二临床学院 for university 广州医科大学 college 第二临床学院 URL http://www.gyey.com/
2025-11-24 09:07:44,736 - INFO - Empty teacher folder: D:\project08\MCP_AI\data\schoolTeachers\145_广州医科大学\全科医学与继续教育学院 for university 广州医科大学 college 全科医学与继续教育学院 URL http://jxjy.gzhmu.edu.cn/
2025-11-24 09:12:40,382 - INFO - Empty teacher folder: D:\project08\MCP_AI\data\schoolTeachers\145_广州医科大学\国际教育学院 for university 广州医科大学 college 国际教育学院 URL https://fao.gzhmu.edu.cn/
2025-11-24 09:17:34,575 - INFO - Empty teacher folder: D:\project08\MCP_AI\data\schoolTeachers\146_南方科技大学\社会科学中心暨社会科学高等研究院 for university 南方科技大学 college 社会科学中心暨社会科学高等研究院 URL https://ias.sustech.edu.cn/?lang=zh/
2025-11-24 09:18:30,714 - INFO - Empty teacher folder: D:\project08\MCP_AI\data\schoolTeachers\146_南方科技大学\半导体学院（国家卓越工程师学院） for university 南方科技大学 college 半导体学院（国家卓越工程师学院） URL https://ngce.sustech.edu.cn/#/site/
2025-11-24 09:19:25,903 - INFO - Empty teacher folder: D:\project08\MCP_AI\data\schoolTeachers\146_南方科技大学\工学院 for university 南方科技大学 college 工学院 URL https://coe.sustech.edu.cn/
2025-11-24 09:30:03,416 - INFO - Empty teacher folder: D:\project08\MCP_AI\data\schoolTeachers\147_上海科技大学\SHINE项目 for university 上海科技大学 college SHINE项目 URL https://shine.shanghaitech.edu.cn/
2025-11-24 09:30:13,262 - INFO - Empty teacher folder: D:\project08\MCP_AI\data\schoolTeachers\147_上海科技大学\2060研究院 for university 上海科技大学 college 2060研究院 URL https://icn.shanghaitech.edu.cn/
2025-11-24 09:31:41,083 - INFO - Empty teacher folder: D:\project08\MCP_AI\data\schoolTeachers\147_上海科技大学\上海临床研究中心 for university 上海科技大学 college 上海临床研究中心 URL https://clinic.shanghaitech.edu.cn/
2025-11-24 09:32:38,254 - INFO - Empty teacher folder: D:\project08\MCP_AI\data\schoolTeachers\147_上海科技大学\材料器件中心 for university 上海科技大学 college 材料器件中心 URL https://smdl.shanghaitech.edu.cn/
2025-11-24 10:20:18,502 - INFO - Empty teacher folder: D:\project08\MCP_AI\data\schoolTeachers\104_福州大学\环境与安全工程学院 for university 福州大学 college 环境与安全工程学院 URL https://www.fzu.edu.cn/system/resource/link.jsp?bmmc=es&type=w/
2025-11-24 10:20:26,733 - INFO - Empty teacher folder: D:\project08\MCP_AI\data\schoolTeachers\104_福州大学\化学学院 for university 福州大学 college 化学学院 URL https://www.fzu.edu.cn/system/resource/link.jsp?bmmc=chem&type=w/
2025-11-24 10:20:36,504 - INFO - Empty teacher folder: D:\project08\MCP_AI\data\schoolTeachers\104_福州大学\紫金地质与矿业学院 for university 福州大学 college 紫金地质与矿业学院 URL https://www.fzu.edu.cn/system/resource/link.jsp?bmmc=zjxy&type=w/
2025-11-24 10:20:49,443 - INFO - Empty teacher folder: D:\project08\MCP_AI\data\schoolTeachers\104_福州大学\继续教育学院 for university 福州大学 college 继续教育学院 URL https://cjy.fzu.edu.cn/
2025-11-24 10:20:55,368 - INFO - Empty teacher folder: D:\project08\MCP_AI\data\schoolTeachers\104_福州大学\材料科学与工程学院 for university 福州大学 college 材料科学与工程学院 URL https://www.fzu.edu.cn/system/resource/link.jsp?bmmc=cl&type=w/
2025-11-24 10:21:04,621 - INFO - Empty teacher folder: D:\project08\MCP_AI\data\schoolTeachers\104_福州大学\梅努斯国际工程学院 for university 福州大学 college 梅努斯国际工程学院 URL https://www.fzu.edu.cn/system/resource/link.jsp?bmmc=miec&type=w/
2025-11-24 10:21:59,127 - INFO - Empty teacher folder: D:\project08\MCP_AI\data\schoolTeachers\104_福州大学\体育教学研究部 for university 福州大学 college 体育教学研究部 URL https://sports.fzu.edu.cn/
2025-11-24 17:01:11,547 - INFO - Empty teacher folder: D:\project08\MCP_AI\data\schoolTeachers\81_上海中医药大学\继续教育学院 for university 上海中医药大学 college 继续教育学院 URL https://jxjy.shutcm.edu.cn/
2025-11-24 21:03:56,412 - INFO - Empty teacher folder: D:\project08\MCP_AI\data\schoolTeachers\37_东北大学\秦皇岛分校 for university 东北大学 college 秦皇岛分校 URL http://www.neuq.edu.cn/
2025-11-24 21:04:49,288 - INFO - Empty teacher folder: D:\project08\MCP_AI\data\schoolTeachers\81_上海中医药大学\继续教育学院 for university 上海中医药大学 college 继续教育学院 URL https://jxjy.shutcm.edu.cn/
2025-11-24 21:04:59,533 - INFO - Empty teacher folder: D:\project08\MCP_AI\data\schoolTeachers\81_上海中医药大学\创新中药研究院 for university 上海中医药大学 college 创新中药研究院 URL https://iri.shutcm.edu.cn/
2025-11-24 21:12:25,983 - INFO - Empty teacher folder: D:\project08\MCP_AI\data\schoolTeachers\64_天津工业大学\继续教育学院 for university 天津工业大学 college 继续教育学院 URL https://jxjy.tiangong.edu.cn/
2025-11-24 21:13:12,840 - INFO - Empty teacher folder: D:\project08\MCP_AI\data\schoolTeachers\63_中国政法大学\外国语学院 for university 中国政法大学 college 外国语学院 URL https://wgyxy.cupl.edu.cn/
2025-11-24 21:13:18,306 - INFO - Empty teacher folder: D:\project08\MCP_AI\data\schoolTeachers\63_中国政法大学\继续教育学院 for university 中国政法大学 college 继续教育学院 URL https://fdjxjy.cupl.edu.cn/
2025-11-24 21:13:25,818 - INFO - Empty teacher folder: D:\project08\MCP_AI\data\schoolTeachers\63_中国政法大学\纪检监察学院 for university 中国政法大学 college 纪检监察学院 URL https://jjjcxy.cupl.edu.cn/
2025-11-26 10:56:27,812 - INFO - Empty teacher folder: D:\project08\MCP_AI\data\schoolTeachers\20_浙江大学\高分子科学与工程学系 for university 浙江大学 college 高分子科学与工程学系 URL http://polymer.zju.edu.cn/
2025-11-26 11:20:09,509 - INFO - Empty teacher folder: D:\project08\MCP_AI\data\schoolTeachers\40_云南大学\生态与环境学院 for university 云南大学 college 生态与环境学院 URL http://www.see.ynu.edu.cn/index.html/
2025-11-26 11:20:22,399 - INFO - Empty teacher folder: D:\project08\MCP_AI\data\schoolTeachers\40_云南大学\工商管理与旅游管理学院 for university 云南大学 college 工商管理与旅游管理学院 URL http://www.bts.ynu.edu.cn/
2025-11-26 11:20:23,635 - INFO - Empty teacher folder: D:\project08\MCP_AI\data\schoolTeachers\40_云南大学\艺术与设计学院 for university 云南大学 college 艺术与设计学院 URL http://www.art.ynu.edu.cn/
2025-12-10 11:19:25,382 - INFO - Empty teacher folder: D:\project08\MCP_AI\data\schoolTeachers\1_北京大学\集成电路学院 for university 北京大学 college 集成电路学院 URL https://ic.pku.edu.cn/
2025-12-10 11:23:46,074 - INFO - Empty teacher folder: D:\project08\MCP_AI\data\schoolTeachers\1_北京大学\集成电路学院 for university 北京大学 college 集成电路学院 URL https://ic.pku.edu.cn/
2025-12-10 11:24:29,996 - INFO - Empty teacher folder: D:\project08\MCP_AI\data\schoolTeachers\1_北京大学\集成电路学院 for university 北京大学 college 集成电路学院 URL https://ic.pku.edu.cn/
